OrderID,OrderDate,City,Region,Category,Product,CustomerSegment,Quantity,UnitPrice,Discount,PaymentMethod,Rating
ORD100000,2022-10-30,Delhi,North,Home & Kitchen,Mixer,Regular,1,6577.0,0.05,Debit Card,5.0
ORD100001,2023-11-30,Delhi,North,Books,Biography,Regular,2,1328.0,0.15,Credit Card,4.0
ORD100002,2023-07-29,Kolkata,East,Electronics,Smartwatch,Regular,2,49799.0,0.15,Credit Card,3.0
ORD100003,2023-03-30,Pune,West,Home & Kitchen,Mixer,Regular,2,11559.0,0.0,UPI,5.0
ORD100004,2022-05-21,Delhi,North,Home & Kitchen,Water Bottle,New,1,9222.0,0.2,UPI,4.0
ORD100005,2022-05-21,Delhi,North,Books,Textbook,Premium,5,996.0,0.0,Cash on Delivery,5.0
ORD100006,2022-02-22,Delhi,North,Grocery,Coffee,Regular,2,134.0,0.05,Cash on Delivery,4.0
ORD100007,2023-10-26,Chennai,South,Electronics,Headphones,New,2,50917.0,0.1,Debit Card,4.0
ORD100008,2023-04-02,Delhi,North,Home & Kitchen,Water Bottle,New,2,6172.0,0.0,UPI,5.0
ORD100009,2023-07-07,Mumbai,West,Electronics,Smartphone,Regular,1,13200.0,0.4,Debit Card,3.0
ORD100010,2022-01-19,Kolkata,East,Home & Kitchen,Cookware Set,New,2,8130.0,0.0,UPI,
ORD100011,2023-12-12,Pune,West,Fashion,Jeans,Regular,1,1860.0,0.0,UPI,2.0
ORD100012,2023-10-13,Hyderabad,South,Fashion,Jacket,Regular,2,5178.0,0.3,UPI,4.0
ORD100013,2022-07-11,Bengaluru,South,Fashion,T-Shirt,Regular,2,956.0,0.05,Cash on Delivery,5.0
ORD100014,2022-06-13,Bengaluru,South,Home & Kitchen,Water Bottle,Premium,2,1808.0,0.1,Debit Card,
ORD100015,2022-06-15,Bengaluru,South,Fashion,Jeans,Regular,1,489.0,0.05,Debit Card,4.0
ORD100016,2022-10-01,Lucknow,North,Books,Textbook,Premium,1,991.0,0.15,Debit Card,3.0
ORD100017,2023-01-23,Pune,West,Fashion,Sneakers,Premium,1,5456.0,0.0,UPI,5.0
ORD100018,2022-11-22,Delhi,North,Electronics,Smartwatch,Regular,2,10441.0,0.0,Credit Card,2.0
ORD100019,2022-09-20,Bengaluru,South,Books,Biography,Regular,1,468.0,0.0,Debit Card,4.0
ORD100020,2023-04-11,Chennai,South,Fashion,T-Shirt,Regular,1,4674.0,0.0,Debit Card,5.0
ORD100021,2022-05-06,Chennai,South,Fashion,Jeans,Regular,2,1110.0,0.1,Cash on Delivery,4.0
ORD100022,2022-09-21,Hyderabad,South,Home & Kitchen,Water Bottle,Premium,2,7245.0,0.0,UPI,3.0
ORD100023,2022-10-26,Ahmedabad,West,Fashion,Kurta,Premium,1,2019.0,0.0,Cash on Delivery,4.0
ORD100024,2022-12-03,Pune,West,Electronics,Headphones,Premium,1,15386.0,0.0,Credit Card,5.0
ORD100025,2023-09-15,Hyderabad,South,Fashion,Jeans,Regular,1,2938.0,0.1,Debit Card,5.0
ORD100026,2022-06-29,Ahmedabad,West,Grocery,Coffee,Premium,5,216.0,0.15,Credit Card,5.0
ORD100027,2023-01-13,Pune,West,Home & Kitchen,Mixer,New,1,1223.0,0.0,Wallet,4.0
ORD100028,2023-03-25,,West,Home & Kitchen,Table Lamp,New,1,11253.0,0.05,UPI,3.0
ORD100029,2022-02-11,Lucknow,North,Home & Kitchen,Mixer,New,2,4529.0,0.0,Debit Card,4.0
ORD100030,2023-04-07,Delhi,North,Electronics,Laptop,Premium,1,44248.0,0.1,Credit Card,4.0
ORD100031,2022-06-03,Delhi,North,Fashion,Kurta,Regular,1,3673.0,0.0,UPI,4.0
ORD100032,2022-02-28,Jaipur,North,Books,Biography,Premium,5,816.0,0.0,UPI,4.0
ORD100033,2023-11-29,Pune,West,Electronics,Power Bank,New,1,65021.0,0.1,Cash on Delivery,5.0
ORD100034,2023-12-09,Jaipur,North,Electronics,Smartphone,Regular,2,67059.0,0.2,UPI,5.0
ORD100035,2023-10-03,Mumbai,West,Electronics,Laptop,Regular,1,48268.0,0.0,UPI,3.0
ORD100036,2022-10-01,Kolkata,East,Fashion,Jacket,Regular,1,4466.0,0.15,Wallet,5.0
ORD100037,2022-03-30,Mumbai,West,Grocery,Snacks Pack,Premium,4,362.0,0.05,Debit Card,5.0
ORD100038,2023-06-16,Hyderabad,South,Electronics,Headphones,Regular,1,49552.0,0.3,UPI,1.0
ORD100039,2022-11-26,Mumbai,West,Fashion,Jeans,Regular,2,2271.0,0.0,Credit Card,2.0
ORD100040,2022-04-20,Mumbai,West,Electronics,Smartwatch,New,1,78331.0,0.0,Credit Card,5.0
ORD100041,2022-12-28,Mumbai,West,Grocery,Coffee,Premium,4,217.0,0.2,Cash on Delivery,4.0
ORD100042,2022-01-31,Kolkata,East,Electronics,Laptop,Regular,2,16131.0,0.0,Debit Card,3.0
ORD100043,2023-11-13,Bengaluru,South,Fashion,T-Shirt,Regular,2,597.0,0.0,Cash on Delivery,2.0
ORD100044,2022-08-22,Mumbai,West,Books,Self-Help,Regular,5,885.0,0.0,UPI,3.0
ORD100045,2023-05-27,,South,Home & Kitchen,Water Bottle,Regular,1,3792.0,0.2,Debit Card,
ORD100046,2022-10-04,Delhi,North,Fashion,Jacket,Regular,1,5807.0,0.0,UPI,5.0
ORD100047,2023-01-19,Lucknow,North,Fashion,Kurta,Regular,2,1957.0,0.2,UPI,4.0
ORD100048,2023-02-12,Bengaluru,South,Fashion,T-Shirt,Premium,2,3186.0,0.0,Debit Card,
ORD100049,2022-06-16,Bengaluru,South,Electronics,Headphones,Premium,1,61483.0,0.0,UPI,5.0
ORD100050,2023-12-12,Ahmedabad,West,Electronics,Laptop,Regular,1,8900.0,0.0,Credit Card,5.0
ORD100051,2023-09-05,Kolkata,East,Fashion,Jacket,Regular,1,518.0,0.0,Cash on Delivery,4.0
ORD100052,2023-11-25,Pune,West,Electronics,Headphones,New,2,40675.0,0.1,UPI,4.0
ORD100053,2023-11-07,Kolkata,East,Fashion,T-Shirt,Regular,1,4448.0,0.1,UPI,3.0
ORD100054,2023-03-30,Lucknow,North,Home & Kitchen,Table Lamp,Regular,2,2698.0,0.0,Debit Card,4.0
ORD100055,2023-11-18,Delhi,North,Grocery,Cooking Oil,Premium,2,742.0,0.0,Wallet,2.0
ORD100056,2022-03-21,Lucknow,North,Home & Kitchen,Table Lamp,Premium,1,10275.0,0.1,Debit Card,3.0
ORD100057,2022-06-26,Ahmedabad,West,Electronics,Laptop,Regular,2,70329.0,0.2,Credit Card,2.0
ORD100058,2022-02-10,Chennai,South,Electronics,Laptop,Premium,2,36024.0,0.1,UPI,4.0
ORD100059,2022-10-10,Kolkata,East,Grocery,Snacks Pack,Premium,5,1097.0,0.15,UPI,5.0
ORD100060,2022-11-05,Kolkata,East,Fashion,Jeans,New,1,1898.0,0.0,Debit Card,4.0
ORD100061,2022-09-02,Mumbai,West,Electronics,Smartwatch,Regular,1,9309.0,0.2,UPI,5.0
ORD100062,2023-10-11,Delhi,North,Home & Kitchen,Table Lamp,Premium,1,7124.0,0.0,Cash on Delivery,5.0
ORD100063,2022-10-23,Lucknow,North,Home & Kitchen,Bedsheet,Regular,1,4702.0,0.0,Credit Card,4.0
ORD100064,2022-09-11,Chennai,South,Home & Kitchen,Water Bottle,Premium,1,6674.0,0.2,Credit Card,4.0
ORD100065,2023-02-08,Bengaluru,South,Electronics,Laptop,Premium,1,73431.0,0.3,Cash on Delivery,5.0
ORD100066,2022-05-08,Pune,West,Electronics,Smartphone,Regular,2,53735.0,0.1,Cash on Delivery,2.0
ORD100067,2023-09-30,Hyderabad,South,Grocery,Tea 500g,New,5,902.0,0.0,Debit Card,5.0
ORD100068,2022-03-09,Mumbai,West,Electronics,Headphones,Regular,1,18560.0,0.0,Wallet,5.0
ORD100069,2023-12-23,Pune,West,Home & Kitchen,Water Bottle,Regular,1,346.0,0.0,Wallet,4.0
ORD100070,2023-09-03,Pune,West,Home & Kitchen,Bedsheet,Regular,1,9687.0,0.2,Wallet,4.0
ORD100071,2022-06-29,Delhi,North,Home & Kitchen,Water Bottle,Premium,1,8812.0,0.0,Cash on Delivery,4.0
ORD100072,2022-01-05,Lucknow,North,Fashion,Sneakers,Regular,1,1247.0,0.15,Debit Card,5.0
ORD100073,2023-10-06,Delhi,North,Electronics,Headphones,New,2,31950.0,0.0,Debit Card,5.0
ORD100074,2023-07-06,Hyderabad,South,Home & Kitchen,Table Lamp,New,1,6614.0,0.15,UPI,
ORD100075,2023-07-26,Mumbai,West,Books,Textbook,New,1,573.0,0.3,UPI,4.0
ORD100076,2023-09-02,Chennai,South,Grocery,Tea 500g,Regular,4,213.0,0.0,UPI,4.0
ORD100077,2022-03-08,Bengaluru,South,Electronics,Smartwatch,Premium,2,56853.0,0.0,UPI,1.0
ORD100078,2022-10-23,Bengaluru,South,Electronics,Headphones,Regular,2,64741.0,0.15,Credit Card,
ORD100079,2022-04-15,Ahmedabad,West,Grocery,Snacks Pack,New,1,618.0,0.05,UPI,4.0
ORD100080,2023-10-25,Mumbai,West,Books,Textbook,Premium,4,296.0,0.1,Wallet,4.0
ORD100081,2023-04-22,Ahmedabad,West,Grocery,Coffee,Regular,2,230.0,0.1,Cash on Delivery,5.0
ORD100082,2022-10-12,Chennai,South,Electronics,Laptop,Premium,1,15945.0,0.0,UPI,4.0
ORD100083,2022-02-27,Lucknow,North,Home & Kitchen,Cookware Set,Regular,1,621.0,0.2,UPI,4.0
ORD100084,2022-10-04,Chennai,South,Home & Kitchen,Cookware Set,Regular,1,7614.0,0.0,Cash on Delivery,3.0
ORD100085,2022-10-10,Mumbai,West,Home & Kitchen,Bedsheet,Regular,1,2346.0,0.3,Cash on Delivery,4.0
ORD100086,2023-07-26,Mumbai,West,Fashion,Kurta,New,2,3425.0,0.0,Wallet,5.0
ORD100087,2023-05-04,Jaipur,North,Electronics,Power Bank,New,2,58809.0,0.1,Wallet,4.0
ORD100088,2023-11-04,Ahmedabad,West,Home & Kitchen,Water Bottle,Premium,2,8256.0,0.0,Wallet,4.0
ORD100089,2022-12-14,Bengaluru,South,Electronics,Smartphone,New,1,60238.0,0.0,UPI,2.0
ORD100090,2022-04-18,Chennai,South,Fashion,Sneakers,Regular,1,5975.0,0.0,UPI,4.0
ORD100091,2023-07-12,Hyderabad,South,Grocery,Coffee,New,5,270.0,0.15,Cash on Delivery,4.0
ORD100092,2023-08-24,Lucknow,North,Fashion,Kurta,Regular,1,489.0,0.05,UPI,2.0
ORD100093,2023-02-25,Lucknow,North,Books,Biography,Premium,4,1350.0,0.2,Cash on Delivery,5.0
ORD100094,2023-09-02,Lucknow,North,Electronics,Smartwatch,Premium,1,40649.0,0.0,Credit Card,4.0
ORD100095,2022-12-28,Jaipur,North,Home & Kitchen,Mixer,Regular,2,2695.0,0.1,Cash on Delivery,5.0
ORD100096,2023-01-21,Jaipur,North,Grocery,Snacks Pack,Regular,4,162.0,0.15,UPI,1.0
ORD100097,2022-11-21,Delhi,North,Electronics,Laptop,Regular,1,26302.0,0.0,Credit Card,5.0
ORD100098,2022-01-23,Ahmedabad,West,Electronics,Headphones,New,2,24509.0,0.0,Credit Card,4.0
ORD100099,2022-04-08,,West,Fashion,T-Shirt,Regular,2,5084.0,0.0,Wallet,4.0
ORD100100,2022-01-29,Lucknow,North,Electronics,Laptop,Regular,1,71188.0,0.0,UPI,
ORD100101,2023-05-03,Chennai,South,Books,Self-Help,Premium,4,1341.0,0.0,Wallet,3.0
ORD100102,2022-10-05,Mumbai,West,Grocery,Tea 500g,Regular,1,317.0,0.1,Cash on Delivery,4.0
ORD100103,2023-01-08,Chennai,South,Fashion,Jeans,Regular,2,4449.0,0.0,Debit Card,4.0
ORD100104,2023-11-12,Kolkata,East,Electronics,Power Bank,Premium,1,19179.0,0.1,Cash on Delivery,4.0
ORD100105,2022-08-13,Delhi,North,Fashion,Kurta,Regular,1,2581.0,0.3,Debit Card,4.0
ORD100106,2022-11-14,Bengaluru,South,Books,Fiction,Premium,3,171.0,0.05,UPI,3.0
ORD100107,2023-08-19,Chennai,South,Electronics,Headphones,Regular,2,9916.0,0.05,UPI,5.0
ORD100108,2022-07-26,Bengaluru,South,Home & Kitchen,Bedsheet,Regular,2,2004.0,0.0,Cash on Delivery,5.0
ORD100109,2022-03-11,Bengaluru,South,Home & Kitchen,Table Lamp,Premium,1,1481.0,0.2,Debit Card,5.0
ORD100110,2022-09-19,,West,Home & Kitchen,Cookware Set,Regular,1,11998.0,0.0,UPI,3.0
ORD100111,2022-05-26,Lucknow,North,Electronics,Headphones,New,1,52178.0,0.05,Debit Card,4.0
ORD100112,2023-11-21,Pune,West,Home & Kitchen,Mixer,New,1,11071.0,0.4,Credit Card,5.0
ORD100113,2023-10-03,Mumbai,West,Electronics,Smartwatch,Regular,2,19117.0,0.05,UPI,3.0
ORD100114,2023-05-01,Pune,West,Electronics,Smartwatch,Regular,1,50041.0,0.1,Credit Card,5.0
ORD100115,2023-10-29,Pune,West,Books,Biography,Regular,5,1392.0,0.0,UPI,2.0
ORD100116,2023-10-01,Mumbai,West,Books,Textbook,Regular,2,272.0,0.0,UPI,4.0
ORD100117,2022-06-18,Bengaluru,South,Electronics,Power Bank,Regular,1,74353.0,0.15,Credit Card,5.0
ORD100118,2023-11-06,Chennai,South,Electronics,Headphones,New,2,28965.0,0.0,Credit Card,5.0
ORD100119,2023-02-05,Hyderabad,South,Electronics,Laptop,Regular,2,63749.0,0.1,UPI,5.0
ORD100120,2023-10-02,Pune,West,Electronics,Laptop,Regular,2,71434.0,0.0,UPI,5.0
ORD100121,2023-11-08,Bengaluru,South,Electronics,Power Bank,Regular,1,33875.0,0.2,UPI,5.0
ORD100122,2022-10-07,Mumbai,West,Electronics,Headphones,Regular,2,74738.0,0.0,UPI,4.0
ORD100123,2022-04-10,Lucknow,North,Fashion,T-Shirt,Premium,1,4898.0,0.05,UPI,
ORD100124,2022-07-25,Delhi,North,Books,Textbook,Regular,1,354.0,0.05,UPI,5.0
ORD100125,2022-11-20,Pune,West,Home & Kitchen,Cookware Set,Regular,2,4531.0,0.0,UPI,5.0
ORD100126,2023-10-07,,West,Home & Kitchen,Water Bottle,Regular,2,9770.0,0.0,Cash on Delivery,4.0
ORD100127,2023-10-24,Bengaluru,South,Electronics,Smartwatch,New,1,6636.0,0.0,Credit Card,5.0
ORD100128,2022-01-07,Hyderabad,South,Grocery,Coffee,Regular,1,234.0,0.0,UPI,4.0
ORD100129,2023-01-10,Delhi,North,Books,Comics,New,2,245.0,0.0,UPI,1.0
ORD100130,2022-11-16,Hyderabad,South,Books,Comics,Regular,5,677.0,0.0,UPI,3.0
ORD100131,2022-07-20,Mumbai,West,Books,Comics,New,1,155.0,0.05,Cash on Delivery,3.0
ORD100132,2022-04-19,Chennai,South,Grocery,Tea 500g,Premium,1,292.0,0.0,UPI,4.0
ORD100133,2022-10-15,Kolkata,East,Home & Kitchen,Cookware Set,Regular,2,11673.0,0.4,UPI,5.0
ORD100134,2023-11-27,Mumbai,West,Electronics,Headphones,New,2,52604.0,0.05,UPI,5.0
ORD100135,2022-10-09,Jaipur,North,Home & Kitchen,Bedsheet,Premium,1,5208.0,0.0,Credit Card,3.0
ORD100136,2023-01-17,Delhi,North,Books,Biography,Regular,4,441.0,0.0,UPI,5.0
ORD100137,2023-07-02,Delhi,North,Books,Textbook,Regular,2,885.0,0.2,Debit Card,4.0
ORD100138,2022-10-25,Kolkata,East,Fashion,Jeans,Premium,2,3202.0,0.0,UPI,4.0
ORD100139,2023-12-13,Hyderabad,South,Electronics,Headphones,Premium,2,49717.0,0.1,UPI,4.0
ORD100140,2023-12-07,Hyderabad,South,Fashion,Jacket,Premium,2,4866.0,0.05,Debit Card,5.0
ORD100141,2022-08-15,Mumbai,West,Grocery,Tea 500g,Premium,3,201.0,0.0,Debit Card,4.0
ORD100142,2022-12-30,Ahmedabad,West,Home & Kitchen,Mixer,Premium,2,5727.0,0.15,Debit Card,3.0
ORD100143,2022-09-29,Chennai,South,Fashion,Sneakers,Premium,1,501.0,0.0,UPI,4.0
ORD100144,2022-09-14,Mumbai,West,Electronics,Smartwatch,Premium,1,45341.0,0.0,Credit Card,5.0
ORD100145,2022-02-03,Bengaluru,South,Fashion,Kurta,Regular,2,4116.0,0.15,UPI,5.0
ORD100146,2023-04-09,Ahmedabad,West,Grocery,Rice 5kg,New,5,1071.0,0.1,Debit Card,3.0
ORD100147,2023-01-03,Chennai,South,Home & Kitchen,Bedsheet,Regular,1,10263.0,0.2,Credit Card,3.0
ORD100148,2022-02-16,Mumbai,West,Books,Self-Help,Regular,4,407.0,0.1,UPI,5.0
ORD100149,2022-09-09,Bengaluru,South,Fashion,Jeans,Premium,2,5118.0,0.15,Debit Card,5.0
ORD100150,2023-11-13,Delhi,North,Home & Kitchen,Cookware Set,Regular,2,895.0,0.15,Debit Card,4.0
ORD100151,2022-08-04,Hyderabad,South,Electronics,Headphones,Regular,2,29253.0,0.0,UPI,5.0
ORD100152,2022-05-11,Ahmedabad,West,Home & Kitchen,Water Bottle,Regular,1,7767.0,0.15,Cash on Delivery,
ORD100153,2022-12-25,Bengaluru,South,Fashion,Jeans,Premium,1,5599.0,0.05,Cash on Delivery,3.0
ORD100154,2023-12-22,Bengaluru,South,Fashion,Jeans,New,1,2935.0,0.0,UPI,4.0
ORD100155,2022-08-07,Jaipur,North,Home & Kitchen,Cookware Set,Premium,1,7213.0,0.05,Wallet,1.0
ORD100156,2023-06-05,Chennai,South,Grocery,Coffee,Regular,5,784.0,0.0,Credit Card,5.0
ORD100157,2023-08-24,Chennai,South,Electronics,Smartphone,Regular,2,67963.0,0.1,Debit Card,4.0
ORD100158,2022-08-03,Delhi,North,Books,Comics,Regular,2,881.0,0.05,Cash on Delivery,3.0
ORD100159,2023-07-25,Chennai,South,Fashion,Jacket,Regular,2,3551.0,0.3,Credit Card,5.0
ORD100160,2022-10-27,Chennai,South,Fashion,Sneakers,Regular,1,750.0,0.0,UPI,5.0
ORD100161,2023-04-30,Bengaluru,South,Electronics,Smartwatch,Regular,1,18978.0,0.05,Wallet,3.0
ORD100162,2023-05-01,Lucknow,North,Fashion,Jacket,Regular,2,974.0,0.0,UPI,2.0
ORD100163,2023-02-02,Jaipur,North,Fashion,T-Shirt,Regular,1,877.0,0.05,UPI,4.0
ORD100164,2022-03-23,Pune,West,Electronics,Smartphone,Premium,1,13994.0,0.1,UPI,5.0
ORD100165,2023-10-14,Chennai,South,Fashion,Sneakers,New,2,5801.0,0.1,Cash on Delivery,5.0
ORD100166,2022-10-08,Hyderabad,South,Grocery,Coffee,New,2,1192.0,0.15,Wallet,4.0
ORD100167,2022-06-18,Delhi,North,Electronics,Laptop,Premium,2,70856.0,0.2,UPI,4.0
ORD100168,2022-02-06,Delhi,North,Books,Comics,Regular,5,1057.0,0.0,Cash on Delivery,5.0
ORD100169,2023-03-23,Pune,West,Fashion,Jeans,Premium,1,2144.0,0.0,UPI,4.0
ORD100170,2023-06-10,Hyderabad,South,Home & Kitchen,Bedsheet,Regular,2,8527.0,0.1,Wallet,5.0
ORD100171,2022-01-15,Jaipur,North,Electronics,Headphones,Premium,2,51601.0,0.0,Credit Card,4.0
ORD100172,2023-01-11,Mumbai,West,Electronics,Power Bank,Premium,2,31967.0,0.0,UPI,5.0
ORD100173,2022-07-24,Hyderabad,South,Electronics,Laptop,Premium,1,43498.0,0.05,UPI,4.0
ORD100174,2023-05-11,Kolkata,East,Electronics,Smartwatch,New,2,68343.0,0.0,UPI,4.0
ORD100175,2022-06-07,Hyderabad,South,Electronics,Smartphone,Premium,1,43368.0,0.0,UPI,3.0
ORD100176,2023-06-22,Jaipur,North,Home & Kitchen,Water Bottle,Premium,2,8823.0,0.15,Cash on Delivery,5.0
ORD100177,2022-11-04,Lucknow,North,Grocery,Coffee,Regular,2,405.0,0.0,UPI,4.0
ORD100178,2023-11-24,Mumbai,West,Books,Comics,New,1,413.0,0.0,Wallet,4.0
ORD100179,2022-05-04,Mumbai,West,Home & Kitchen,Table Lamp,Regular,2,7053.0,0.0,Debit Card,
ORD100180,2022-10-16,Mumbai,West,Electronics,Power Bank,New,1,9497.0,0.2,Debit Card,5.0
ORD100181,2022-04-13,Kolkata,East,Fashion,Sneakers,Regular,1,3253.0,0.3,UPI,
ORD100182,2023-11-19,Bengaluru,South,Fashion,T-Shirt,Regular,2,830.0,0.1,Cash on Delivery,3.0
ORD100183,2023-10-31,Pune,West,Electronics,Laptop,New,1,54488.0,0.0,Debit Card,5.0
ORD100184,2022-08-21,Bengaluru,South,Fashion,T-Shirt,Regular,2,2689.0,0.3,Cash on Delivery,4.0
ORD100185,2023-05-25,Kolkata,East,Fashion,Kurta,New,1,5280.0,0.1,Wallet,1.0
ORD100186,2023-10-06,Pune,West,Fashion,T-Shirt,Regular,1,610.0,0.2,UPI,4.0
ORD100187,2023-02-19,Chennai,South,Fashion,Sneakers,New,2,2564.0,0.15,UPI,4.0
ORD100188,2023-01-27,Chennai,South,Books,Comics,Premium,3,837.0,0.0,Cash on Delivery,3.0
ORD100189,2022-08-06,Mumbai,West,Books,Textbook,Premium,4,277.0,0.0,Cash on Delivery,4.0
ORD100190,2022-03-25,Bengaluru,South,Fashion,T-Shirt,Regular,1,1464.0,0.0,Credit Card,5.0
ORD100191,2023-11-08,Chennai,South,Grocery,Tea 500g,Regular,1,1090.0,0.0,UPI,4.0
ORD100192,2023-11-09,Hyderabad,South,Grocery,Tea 500g,New,1,372.0,0.15,Debit Card,4.0
ORD100193,2023-04-30,Jaipur,North,Fashion,Jacket,Regular,2,4163.0,0.2,UPI,4.0
ORD100194,2022-10-15,Jaipur,North,Fashion,Sneakers,Regular,2,4912.0,0.1,UPI,5.0
ORD100195,2022-10-19,Ahmedabad,West,Fashion,Kurta,Premium,1,809.0,0.0,Credit Card,2.0
ORD100196,2023-07-23,Bengaluru,South,Grocery,Coffee,Regular,5,1178.0,0.0,UPI,4.0
ORD100197,2023-11-08,Pune,West,Books,Fiction,Regular,2,512.0,0.0,Credit Card,4.0
ORD100198,2023-11-04,Bengaluru,South,Electronics,Headphones,Regular,1,16501.0,0.0,Wallet,5.0
ORD100199,2023-09-10,Delhi,North,Fashion,Sneakers,Regular,1,3588.0,0.0,Cash on Delivery,3.0
ORD100200,2023-05-08,Bengaluru,South,Home & Kitchen,Cookware Set,New,2,5527.0,0.05,Wallet,4.0
ORD100201,2022-03-17,Mumbai,West,Fashion,Jeans,Regular,1,3427.0,0.0,Cash on Delivery,4.0
ORD100202,2022-05-26,Bengaluru,South,Electronics,Smartphone,New,2,73812.0,0.4,UPI,5.0
ORD100203,2023-11-09,Hyderabad,South,Books,Biography,Regular,3,1059.0,0.0,Cash on Delivery,3.0
ORD100204,2023-04-06,Lucknow,North,Home & Kitchen,Water Bottle,Regular,1,10227.0,0.2,Wallet,5.0
ORD100205,2022-01-09,Bengaluru,South,Books,Comics,Premium,2,474.0,0.05,Wallet,3.0
ORD100206,2022-04-02,Jaipur,North,Books,Biography,Regular,4,1000.0,0.0,Debit Card,
ORD100207,2023-05-28,Delhi,North,Books,Textbook,Premium,3,936.0,0.15,UPI,4.0
ORD100208,2022-01-05,Delhi,North,Fashion,Sneakers,New,2,3940.0,0.1,UPI,5.0
ORD100209,2022-05-25,Hyderabad,South,Home & Kitchen,Mixer,Regular,1,10013.0,0.05,UPI,4.0
ORD100210,2023-02-13,Kolkata,East,Electronics,Smartwatch,Premium,2,50390.0,0.05,Wallet,4.0
ORD100211,2023-06-22,Mumbai,West,Home & Kitchen,Bedsheet,Regular,2,6452.0,0.0,Credit Card,3.0
ORD100212,2023-05-17,Delhi,North,Electronics,Power Bank,Regular,2,47772.0,0.1,Cash on Delivery,5.0
ORD100213,2022-07-22,Hyderabad,South,Home & Kitchen,Table Lamp,Regular,1,11624.0,0.2,Credit Card,
ORD100214,2023-07-11,Bengaluru,South,Electronics,Headphones,New,2,11181.0,0.0,Debit Card,4.0
ORD100215,2022-08-02,Pune,West,Electronics,Power Bank,Regular,1,43814.0,0.0,UPI,5.0
ORD100216,2022-10-10,Hyderabad,South,Electronics,Smartphone,New,1,52711.0,0.2,UPI,3.0
ORD100217,2023-08-11,Delhi,North,Electronics,Headphones,Regular,2,79371.0,0.0,Credit Card,
ORD100218,2023-05-15,Jaipur,North,Home & Kitchen,Table Lamp,Regular,2,10048.0,0.1,Debit Card,4.0
ORD100219,2023-10-19,Delhi,North,Books,Fiction,Regular,3,1132.0,0.05,UPI,4.0
ORD100220,2023-05-23,Pune,West,Fashion,T-Shirt,New,2,4283.0,0.05,Cash on Delivery,4.0
ORD100221,2023-03-03,Pune,West,Electronics,Laptop,Premium,2,37107.0,0.0,UPI,5.0
ORD100222,2022-03-26,Lucknow,North,Electronics,Headphones,Regular,2,28374.0,0.0,Cash on Delivery,5.0
ORD100223,2022-10-27,Hyderabad,South,Electronics,Smartwatch,New,1,68985.0,0.0,UPI,4.0
ORD100224,2022-08-28,Chennai,South,Electronics,Smartphone,Regular,2,45256.0,0.15,Debit Card,4.0
ORD100225,2022-08-08,Bengaluru,South,Grocery,Coffee,New,3,741.0,0.15,UPI,2.0
ORD100226,2023-12-14,Kolkata,East,Electronics,Smartphone,New,1,53846.0,0.1,Cash on Delivery,4.0
ORD100227,2022-11-06,Hyderabad,South,Fashion,Jacket,Premium,2,2076.0,0.1,UPI,4.0
ORD100228,2023-11-06,Bengaluru,South,Electronics,Smartwatch,New,2,6679.0,0.0,Debit Card,4.0
ORD100229,2023-04-29,Ahmedabad,West,Electronics,Smartwatch,Regular,1,18802.0,0.0,Wallet,4.0
ORD100230,2023-09-23,Mumbai,West,Fashion,T-Shirt,Premium,1,1103.0,0.15,UPI,5.0
ORD100231,2023-01-03,Jaipur,North,Home & Kitchen,Cookware Set,Premium,2,10665.0,0.0,UPI,5.0
ORD100232,2023-03-11,Ahmedabad,West,Electronics,Smartphone,Regular,1,59614.0,0.0,Cash on Delivery,4.0
ORD100233,2022-12-27,Hyderabad,South,Electronics,Laptop,Premium,2,71333.0,0.0,Debit Card,5.0
ORD100234,2022-06-25,Hyderabad,South,Fashion,Kurta,Regular,1,726.0,0.0,UPI,1.0
ORD100235,2023-07-20,Bengaluru,South,Electronics,Smartphone,Regular,2,15082.0,0.0,Credit Card,5.0
ORD100236,2022-09-11,Lucknow,North,Electronics,Laptop,Regular,1,32818.0,0.15,UPI,3.0
ORD100237,2022-01-22,Mumbai,West,Grocery,Rice 5kg,Regular,5,395.0,0.2,UPI,5.0
ORD100238,2023-05-12,Chennai,South,Home & Kitchen,Cookware Set,Regular,2,2416.0,0.2,Credit Card,4.0
ORD100239,2022-06-09,Kolkata,East,Home & Kitchen,Bedsheet,New,1,3250.0,0.3,Cash on Delivery,4.0
ORD100240,2023-11-26,Lucknow,North,Fashion,T-Shirt,Regular,2,3285.0,0.2,Credit Card,5.0
ORD100241,2023-12-02,Pune,West,Fashion,Kurta,Premium,1,3860.0,0.05,Credit Card,2.0
ORD100242,2023-11-15,Kolkata,East,Home & Kitchen,Water Bottle,Regular,1,6767.0,0.0,Cash on Delivery,3.0
ORD100243,2022-10-28,Mumbai,West,Home & Kitchen,Mixer,Regular,1,11467.0,0.15,UPI,5.0
ORD100244,2022-01-14,Bengaluru,South,Home & Kitchen,Table Lamp,Regular,1,6496.0,0.0,Debit Card,5.0
ORD100245,2023-11-21,Mumbai,West,Electronics,Headphones,Regular,2,53575.0,0.0,Cash on Delivery,4.0
ORD100246,2022-11-21,Jaipur,North,Fashion,Jacket,Premium,1,3419.0,0.0,UPI,4.0
ORD100247,2023-12-10,Pune,West,Fashion,Sneakers,Premium,1,3885.0,0.05,UPI,4.0
ORD100248,2023-12-08,Pune,West,Books,Fiction,Regular,1,236.0,0.0,Wallet,5.0
ORD100249,2023-10-21,Kolkata,East,Home & Kitchen,Water Bottle,Regular,2,10141.0,0.0,Wallet,4.0
ORD100250,2022-09-23,Hyderabad,South,Fashion,Jeans,New,1,2810.0,0.0,UPI,5.0
ORD100251,2022-11-03,Mumbai,West,Electronics,Smartphone,Regular,2,58534.0,0.2,UPI,4.0
ORD100252,2023-10-20,Bengaluru,South,Home & Kitchen,Bedsheet,Regular,2,781.0,0.05,UPI,2.0
ORD100253,2022-10-06,Mumbai,West,Electronics,Laptop,Premium,1,78606.0,0.2,UPI,3.0
ORD100254,2022-06-02,Pune,West,Fashion,Kurta,Regular,2,5346.0,0.0,Credit Card,4.0
ORD100255,2023-02-21,Delhi,North,Electronics,Headphones,New,1,23640.0,0.0,Debit Card,5.0
ORD100256,2023-11-24,Pune,West,Home & Kitchen,Water Bottle,Premium,2,8517.0,0.05,Cash on Delivery,3.0
ORD100257,2023-06-26,Kolkata,East,Electronics,Power Bank,Regular,2,44435.0,0.0,UPI,
ORD100258,2023-03-05,Hyderabad,South,Fashion,Sneakers,Regular,1,1864.0,0.1,Cash on Delivery,4.0
ORD100259,2022-03-29,Mumbai,West,Grocery,Rice 5kg,Premium,3,943.0,0.15,UPI,4.0
ORD100260,2023-04-14,Bengaluru,South,Electronics,Laptop,Regular,1,37579.0,0.15,UPI,1.0
ORD100261,2023-12-25,Bengaluru,South,Fashion,Sneakers,New,2,3464.0,0.3,Credit Card,5.0
ORD100262,2022-05-07,Pune,West,Fashion,Jeans,Premium,1,4621.0,0.0,UPI,5.0
ORD100263,2023-01-17,Mumbai,West,Electronics,Smartphone,Regular,1,12014.0,0.0,UPI,3.0
ORD100264,2023-10-31,Ahmedabad,West,Books,Comics,Premium,5,321.0,0.05,Cash on Delivery,
ORD100265,2023-08-05,Pune,West,Electronics,Headphones,Regular,1,51500.0,0.0,UPI,4.0
ORD100266,2023-06-27,Delhi,North,Fashion,Jacket,Regular,2,3886.0,0.0,Debit Card,5.0
ORD100267,2023-07-02,Pune,West,Home & Kitchen,Bedsheet,Premium,1,11654.0,0.0,UPI,5.0
ORD100268,2022-10-24,Kolkata,East,Home & Kitchen,Cookware Set,Premium,1,6061.0,0.0,UPI,5.0
ORD100269,2022-09-22,Pune,West,Home & Kitchen,Bedsheet,Premium,1,5265.0,0.0,Credit Card,5.0
ORD100270,2023-10-03,Delhi,North,Electronics,Smartphone,Regular,1,24326.0,0.0,Cash on Delivery,5.0
ORD100271,2023-10-03,Mumbai,West,Electronics,Power Bank,Premium,2,26017.0,0.1,UPI,
ORD100272,2023-10-27,Delhi,North,Books,Fiction,Regular,5,675.0,0.05,Debit Card,3.0
ORD100273,2023-11-15,Bengaluru,South,Fashion,Jacket,Premium,2,1132.0,0.1,Wallet,4.0
ORD100274,2023-01-11,Ahmedabad,West,Books,Fiction,Premium,2,346.0,0.1,Cash on Delivery,5.0
ORD100275,2023-01-02,Pune,West,Books,Textbook,Premium,1,1204.0,0.0,UPI,5.0
ORD100276,2023-09-26,Jaipur,North,Books,Fiction,New,4,1478.0,0.0,Debit Card,4.0
ORD100277,2023-05-16,Mumbai,West,Fashion,Sneakers,New,1,601.0,0.0,Credit Card,2.0
ORD100278,2023-07-02,Mumbai,West,Fashion,Sneakers,New,1,4923.0,0.2,Debit Card,5.0
ORD100279,2023-09-24,Kolkata,East,Books,Comics,New,2,905.0,0.15,Credit Card,
ORD100280,2023-11-05,Delhi,North,Fashion,Jacket,Premium,2,5185.0,0.0,UPI,4.0
ORD100281,2022-10-15,Bengaluru,South,Electronics,Laptop,New,2,74084.0,0.0,Credit Card,3.0
ORD100282,2022-10-30,Chennai,South,Books,Fiction,New,5,1291.0,0.3,Credit Card,1.0
ORD100283,2022-03-26,Mumbai,West,Grocery,Snacks Pack,Premium,5,659.0,0.05,Credit Card,4.0
ORD100284,2023-03-12,Kolkata,East,Fashion,Jacket,Regular,1,4585.0,0.15,Cash on Delivery,5.0
ORD100285,2022-02-02,Bengaluru,South,Electronics,Smartphone,Regular,2,14988.0,0.0,Cash on Delivery,5.0
ORD100286,2022-12-09,Kolkata,East,Fashion,Kurta,New,1,1586.0,0.0,Credit Card,3.0
ORD100287,2023-02-08,Ahmedabad,West,Books,Textbook,Regular,5,1446.0,0.15,Credit Card,4.0
ORD100288,2022-09-16,Delhi,North,Grocery,Coffee,New,2,1099.0,0.1,Credit Card,5.0
ORD100289,2023-03-23,Lucknow,North,Electronics,Power Bank,Regular,2,4911.0,0.1,Credit Card,4.0
ORD100290,2022-01-28,Chennai,South,Electronics,Headphones,Regular,2,9161.0,0.05,Wallet,4.0
ORD100291,2022-02-03,Jaipur,North,Books,Biography,Premium,3,1309.0,0.05,Debit Card,5.0
ORD100292,2023-10-09,Delhi,North,Fashion,T-Shirt,New,1,5449.0,0.1,UPI,5.0
ORD100293,2022-10-24,Chennai,South,Home & Kitchen,Table Lamp,Regular,2,2879.0,0.0,Credit Card,4.0
ORD100294,2022-04-25,Bengaluru,South,Grocery,Rice 5kg,New,4,375.0,0.0,Debit Card,5.0
ORD100295,2023-01-21,Pune,West,Electronics,Headphones,Premium,1,71397.0,0.2,Debit Card,4.0
ORD100296,2023-09-01,Chennai,South,Home & Kitchen,Cookware Set,Regular,1,7402.0,0.0,Credit Card,3.0
ORD100297,2022-07-14,,South,Electronics,Laptop,Regular,2,77733.0,0.05,UPI,3.0
ORD100298,2023-04-21,Jaipur,North,Fashion,T-Shirt,Regular,1,5817.0,0.1,UPI,4.0
ORD100299,2022-03-18,Bengaluru,South,Books,Comics,Regular,1,851.0,0.4,UPI,2.0
ORD100300,2022-02-16,Delhi,North,Fashion,T-Shirt,Regular,1,882.0,0.0,Credit Card,4.0
ORD100301,2023-01-29,,South,Grocery,Rice 5kg,Regular,3,653.0,0.0,UPI,5.0
ORD100302,2023-02-06,Kolkata,East,Home & Kitchen,Cookware Set,Regular,2,9000.0,0.2,Cash on Delivery,5.0
ORD100303,2023-05-04,Bengaluru,South,Fashion,Sneakers,New,1,2271.0,0.15,UPI,2.0
ORD100304,2023-07-23,Hyderabad,South,Electronics,Power Bank,Premium,1,40246.0,0.1,Wallet,4.0
ORD100305,2023-12-16,Lucknow,North,Fashion,T-Shirt,Premium,2,448.0,0.0,UPI,4.0
ORD100306,2023-01-15,Pune,West,Fashion,Jeans,Regular,2,545.0,0.0,UPI,4.0
ORD100307,2022-10-09,Mumbai,West,Electronics,Headphones,New,1,45656.0,0.05,Credit Card,4.0
ORD100308,2023-09-24,Delhi,North,Fashion,Jacket,New,2,1986.0,0.2,UPI,5.0
ORD100309,2022-09-02,Lucknow,North,Fashion,Jeans,Regular,2,1745.0,0.2,Wallet,1.0
ORD100310,2022-11-25,Pune,West,Books,Biography,New,2,398.0,0.0,UPI,4.0
ORD100311,2022-03-12,Jaipur,North,Home & Kitchen,Table Lamp,New,1,2522.0,0.0,UPI,3.0
ORD100312,2022-01-23,Delhi,North,Home & Kitchen,Water Bottle,Premium,2,1665.0,0.0,Wallet,3.0
ORD100313,2023-12-07,Pune,West,Electronics,Power Bank,Premium,2,29268.0,0.4,UPI,
ORD100314,2023-10-14,Pune,West,Electronics,Laptop,Regular,2,46283.0,0.1,UPI,4.0
ORD100315,2023-06-26,Delhi,North,Home & Kitchen,Water Bottle,Regular,1,5593.0,0.0,UPI,4.0
ORD100316,2022-11-13,Chennai,South,Fashion,Kurta,Regular,1,3966.0,0.0,Credit Card,5.0
ORD100317,2022-06-06,Kolkata,East,Electronics,Smartwatch,Regular,1,31970.0,0.05,UPI,2.0
ORD100318,2022-05-21,Hyderabad,South,Books,Self-Help,Regular,3,1340.0,0.0,Credit Card,4.0
ORD100319,2022-08-14,Ahmedabad,West,Books,Fiction,New,2,1382.0,0.15,Cash on Delivery,5.0
ORD100320,2023-02-14,Ahmedabad,West,Home & Kitchen,Water Bottle,Regular,1,6171.0,0.15,Cash on Delivery,5.0
ORD100321,2023-07-13,Ahmedabad,West,Electronics,Smartphone,New,1,39244.0,0.0,UPI,4.0
ORD100322,2023-05-25,Ahmedabad,West,Books,Fiction,Premium,4,537.0,0.0,UPI,4.0
ORD100323,2022-09-10,Hyderabad,South,Home & Kitchen,Table Lamp,Regular,1,9549.0,0.2,UPI,5.0
ORD100324,2023-12-02,Bengaluru,South,Books,Self-Help,Regular,3,668.0,0.0,Credit Card,4.0
ORD100325,2023-08-03,Ahmedabad,West,Books,Fiction,Regular,4,1161.0,0.0,UPI,3.0
ORD100326,2023-02-18,Hyderabad,South,Books,Comics,New,4,490.0,0.3,Cash on Delivery,4.0
ORD100327,2023-04-11,Delhi,North,Fashion,Jacket,New,2,5451.0,0.15,Debit Card,4.0
ORD100328,2022-11-17,Hyderabad,South,Electronics,Smartphone,Regular,2,45403.0,0.15,UPI,2.0
ORD100329,2022-08-12,Mumbai,West,Home & Kitchen,Water Bottle,New,1,2784.0,0.0,Debit Card,4.0
ORD100330,2022-10-22,Kolkata,East,Home & Kitchen,Mixer,Premium,2,6422.0,0.0,UPI,5.0
ORD100331,2023-08-21,Bengaluru,South,Books,Textbook,Regular,1,499.0,0.0,UPI,4.0
ORD100332,2022-01-13,Delhi,North,Electronics,Smartwatch,Premium,1,44338.0,0.0,UPI,2.0
ORD100333,2022-04-15,Lucknow,North,Electronics,Smartwatch,Premium,1,26743.0,0.15,UPI,4.0
ORD100334,2022-02-11,Pune,West,Grocery,Snacks Pack,Regular,3,941.0,0.0,Debit Card,5.0
ORD100335,2022-02-06,Pune,West,Books,Biography,Premium,1,227.0,0.1,Credit Card,2.0
ORD100336,2023-10-22,Kolkata,East,Grocery,Rice 5kg,Regular,1,212.0,0.0,UPI,2.0
ORD100337,2023-07-03,Ahmedabad,West,Books,Fiction,Regular,1,420.0,0.0,Wallet,4.0
ORD100338,2022-12-15,Pune,West,Home & Kitchen,Table Lamp,Regular,2,5246.0,0.4,Credit Card,3.0
ORD100339,2022-03-30,Chennai,South,Home & Kitchen,Bedsheet,New,1,3877.0,0.0,UPI,
ORD100340,2022-12-26,Lucknow,North,Grocery,Coffee,Premium,3,817.0,0.0,UPI,4.0
ORD100341,2022-12-14,Delhi,North,Home & Kitchen,Bedsheet,Regular,1,6628.0,0.0,Credit Card,4.0
ORD100342,2022-06-06,Lucknow,North,Home & Kitchen,Water Bottle,Regular,1,11680.0,0.0,Wallet,5.0
ORD100343,2022-11-23,Bengaluru,South,Electronics,Laptop,Regular,1,65203.0,0.0,Credit Card,4.0
ORD100344,2022-11-09,Hyderabad,South,Fashion,Sneakers,Premium,2,2336.0,0.0,Wallet,3.0
ORD100345,2023-04-15,Mumbai,West,Home & Kitchen,Cookware Set,Regular,2,8484.0,0.1,Credit Card,4.0
ORD100346,2023-05-02,Chennai,South,Electronics,Headphones,New,1,65970.0,0.15,Credit Card,5.0
ORD100347,2022-02-10,Chennai,South,Electronics,Smartphone,New,1,74594.0,0.05,Credit Card,2.0
ORD100348,2022-10-30,Lucknow,North,Fashion,T-Shirt,Premium,2,3980.0,0.0,Debit Card,4.0
ORD100349,2023-04-24,Lucknow,North,Electronics,Smartphone,Regular,1,72829.0,0.05,UPI,3.0
ORD100350,2023-01-03,Lucknow,North,Electronics,Power Bank,Regular,1,9576.0,0.0,Cash on Delivery,3.0
ORD100351,2023-10-22,,South,Fashion,Kurta,Regular,1,4195.0,0.05,UPI,5.0
ORD100352,2023-05-24,Lucknow,North,Grocery,Snacks Pack,Premium,5,762.0,0.1,Credit Card,5.0
ORD100353,2022-05-27,Hyderabad,South,Fashion,Sneakers,Premium,2,907.0,0.0,Credit Card,5.0
ORD100354,2022-03-05,Ahmedabad,West,Electronics,Headphones,Premium,1,34616.0,0.15,Debit Card,5.0
ORD100355,2023-05-09,Delhi,North,Electronics,Smartwatch,Regular,2,58778.0,0.2,UPI,5.0
ORD100356,2022-01-24,Hyderabad,South,Home & Kitchen,Mixer,New,2,10350.0,0.15,Credit Card,2.0
ORD100357,2023-03-19,Lucknow,North,Fashion,Jeans,Regular,1,2853.0,0.0,Credit Card,3.0
ORD100358,2023-11-26,Lucknow,North,Books,Fiction,Regular,1,391.0,0.05,Debit Card,4.0
ORD100359,2023-03-10,Kolkata,East,Home & Kitchen,Water Bottle,Premium,2,5190.0,0.2,Cash on Delivery,4.0
ORD100360,2022-11-04,Ahmedabad,West,Books,Textbook,Regular,2,352.0,0.0,Debit Card,4.0
ORD100361,2023-05-10,Delhi,North,Electronics,Laptop,Premium,2,59165.0,0.15,UPI,3.0
ORD100362,2022-12-05,Pune,West,Home & Kitchen,Mixer,New,2,6996.0,0.0,Wallet,3.0
ORD100363,2023-02-11,Chennai,South,Electronics,Smartphone,Premium,2,65244.0,0.0,Cash on Delivery,4.0
ORD100364,2023-11-26,Mumbai,West,Grocery,Coffee,Regular,4,921.0,0.15,UPI,5.0
ORD100365,2022-11-04,Mumbai,West,Home & Kitchen,Table Lamp,Regular,1,9154.0,0.15,UPI,4.0
ORD100366,2023-12-07,Mumbai,West,Fashion,Kurta,Regular,1,4569.0,0.15,UPI,2.0
ORD100367,2023-11-11,Pune,West,Electronics,Laptop,Regular,2,64037.0,0.3,Credit Card,5.0
ORD100368,2022-06-26,Mumbai,West,Electronics,Smartphone,New,1,52770.0,0.0,Cash on Delivery,4.0
ORD100369,2022-03-04,Hyderabad,South,Home & Kitchen,Water Bottle,Premium,2,3182.0,0.0,Cash on Delivery,4.0
ORD100370,2022-04-01,Bengaluru,South,Electronics,Smartwatch,Regular,2,13142.0,0.2,Cash on Delivery,4.0
ORD100371,2022-01-17,Chennai,South,Home & Kitchen,Table Lamp,New,1,7407.0,0.0,UPI,5.0
ORD100372,2022-03-27,Pune,West,Electronics,Power Bank,Premium,2,22496.0,0.1,Credit Card,5.0
ORD100373,2023-06-14,Kolkata,East,Home & Kitchen,Cookware Set,Regular,1,808.0,0.05,UPI,4.0
ORD100374,2022-03-06,Hyderabad,South,Books,Fiction,Regular,4,465.0,0.0,UPI,4.0
ORD100375,2022-10-07,Hyderabad,South,Books,Self-Help,Regular,3,174.0,0.0,Debit Card,4.0
ORD100376,2023-10-18,Bengaluru,South,Books,Biography,New,1,1087.0,0.05,UPI,3.0
ORD100377,2022-01-21,Jaipur,North,Electronics,Laptop,Regular,1,33868.0,0.2,Debit Card,
ORD100378,2023-10-05,Bengaluru,South,Electronics,Laptop,New,1,30082.0,0.1,Debit Card,5.0
ORD100379,2022-09-12,Delhi,North,Home & Kitchen,Bedsheet,Regular,2,2731.0,0.1,Cash on Delivery,1.0
ORD100380,2022-04-17,Pune,West,Fashion,Jeans,New,1,4825.0,0.0,UPI,5.0
ORD100381,2023-06-27,Bengaluru,South,Fashion,Kurta,Regular,2,4191.0,0.0,Cash on Delivery,4.0
ORD100382,2023-04-27,Ahmedabad,West,Electronics,Laptop,New,1,60048.0,0.0,Wallet,
ORD100383,2023-10-31,Bengaluru,South,Electronics,Headphones,New,1,30633.0,0.0,Cash on Delivery,5.0
ORD100384,2023-07-31,Pune,West,Electronics,Power Bank,Regular,1,65282.0,0.0,Cash on Delivery,3.0
ORD100385,2023-10-01,Mumbai,West,Books,Textbook,Premium,2,561.0,0.0,Debit Card,5.0
ORD100386,2022-09-12,Bengaluru,South,Electronics,Smartwatch,Premium,1,20495.0,0.0,Credit Card,4.0
ORD100387,2022-06-09,Bengaluru,South,Home & Kitchen,Cookware Set,New,1,10260.0,0.0,Debit Card,3.0
ORD100388,2023-08-14,Ahmedabad,West,Electronics,Smartphone,Regular,2,74604.0,0.0,Debit Card,5.0
ORD100389,2023-10-02,Lucknow,North,Home & Kitchen,Table Lamp,Regular,1,3161.0,0.05,Debit Card,4.0
ORD100390,2023-12-25,Hyderabad,South,Fashion,Kurta,New,2,5458.0,0.05,Cash on Delivery,2.0
ORD100391,2022-11-14,Ahmedabad,West,Grocery,Tea 500g,Premium,3,648.0,0.0,Credit Card,5.0
ORD100392,2022-10-29,Kolkata,East,Grocery,Cooking Oil,Regular,1,1006.0,0.3,UPI,5.0
ORD100393,2023-09-07,,North,Fashion,Sneakers,New,1,470.0,0.0,Credit Card,3.0
ORD100394,2022-10-16,Ahmedabad,West,Grocery,Snacks Pack,Regular,1,876.0,0.2,UPI,4.0
ORD100395,2023-11-22,Mumbai,West,Grocery,Coffee,Premium,1,750.0,0.0,UPI,4.0
ORD100396,2023-10-23,Pune,West,Books,Self-Help,Regular,2,252.0,0.2,UPI,3.0
ORD100397,2022-11-21,Chennai,South,Books,Self-Help,Regular,2,1157.0,0.0,UPI,5.0
ORD100398,2023-08-15,Mumbai,West,Electronics,Power Bank,Regular,2,48897.0,0.15,Cash on Delivery,1.0
ORD100399,2023-08-18,Delhi,North,Home & Kitchen,Cookware Set,Regular,2,9503.0,0.0,Credit Card,3.0
ORD100400,2022-04-03,Jaipur,North,Electronics,Power Bank,Regular,2,45326.0,0.1,UPI,3.0
ORD100401,2023-11-10,Jaipur,North,Electronics,Laptop,Regular,2,65159.0,0.0,Credit Card,4.0
ORD100402,2023-01-05,Ahmedabad,West,Grocery,Tea 500g,Regular,4,105.0,0.0,UPI,5.0
ORD100403,2023-10-10,Lucknow,North,Fashion,Sneakers,Regular,2,5627.0,0.15,Credit Card,4.0
ORD100404,2022-10-08,Ahmedabad,West,Books,Comics,Premium,2,1047.0,0.0,UPI,4.0
ORD100405,2023-11-07,Mumbai,West,Books,Biography,Regular,5,1424.0,0.3,Wallet,5.0
ORD100406,2022-11-05,Delhi,North,Books,Textbook,Regular,4,1350.0,0.0,UPI,2.0
ORD100407,2022-01-10,Mumbai,West,Grocery,Cooking Oil,Premium,3,257.0,0.0,Debit Card,4.0
ORD100408,2023-11-11,Mumbai,West,Electronics,Laptop,New,1,11720.0,0.1,Cash on Delivery,2.0
ORD100409,2022-03-24,Delhi,North,Electronics,Smartwatch,Premium,2,52226.0,0.0,Wallet,1.0
ORD100410,2022-10-07,Hyderabad,South,Fashion,Jacket,Regular,2,4529.0,0.0,UPI,4.0
ORD100411,2023-11-30,Ahmedabad,West,Electronics,Laptop,New,2,55296.0,0.15,Credit Card,3.0
ORD100412,2023-11-30,Jaipur,North,Electronics,Smartwatch,New,1,60565.0,0.15,UPI,4.0
ORD100413,2023-03-08,Chennai,South,Fashion,Sneakers,Regular,2,2684.0,0.3,Credit Card,5.0
ORD100414,2023-04-29,Jaipur,North,Books,Fiction,New,5,304.0,0.0,UPI,3.0
ORD100415,2022-11-29,Hyderabad,South,Home & Kitchen,Mixer,Regular,2,7172.0,0.05,Cash on Delivery,5.0
ORD100416,2022-09-22,Jaipur,North,Fashion,Kurta,Regular,1,2918.0,0.0,UPI,5.0
ORD100417,2022-10-11,Hyderabad,South,Home & Kitchen,Mixer,Regular,2,2377.0,0.0,Credit Card,4.0
ORD100418,2023-06-05,Delhi,North,Electronics,Laptop,Premium,1,79939.0,0.15,Credit Card,4.0
ORD100419,2023-08-16,Jaipur,North,Electronics,Smartwatch,Regular,2,7865.0,0.0,Wallet,4.0
ORD100420,2023-09-20,Bengaluru,South,Books,Fiction,Regular,2,366.0,0.0,Debit Card,3.0
ORD100421,2023-09-19,Hyderabad,South,Home & Kitchen,Table Lamp,Regular,2,3637.0,0.0,UPI,5.0
ORD100422,2022-03-24,Bengaluru,South,Books,Fiction,Regular,5,884.0,0.1,UPI,4.0
ORD100423,2022-12-28,Kolkata,East,Electronics,Laptop,Regular,1,78082.0,0.2,UPI,5.0
ORD100424,2022-02-21,Lucknow,North,Books,Comics,Premium,5,974.0,0.1,Cash on Delivery,5.0
ORD100425,2023-02-14,Mumbai,West,Home & Kitchen,Cookware Set,Regular,1,3661.0,0.0,Debit Card,2.0
ORD100426,2022-11-26,Jaipur,North,Home & Kitchen,Table Lamp,New,2,10479.0,0.15,Debit Card,3.0
ORD100427,2023-11-04,Mumbai,West,Home & Kitchen,Water Bottle,Regular,2,5329.0,0.1,UPI,3.0
ORD100428,2022-10-20,Bengaluru,South,Books,Textbook,Regular,4,170.0,0.0,Cash on Delivery,5.0
ORD100429,2022-04-16,Delhi,North,Home & Kitchen,Cookware Set,Regular,1,7181.0,0.0,Debit Card,5.0
ORD100430,2022-05-09,Pune,West,Home & Kitchen,Cookware Set,Regular,2,5286.0,0.0,Wallet,4.0
ORD100431,2023-08-24,Mumbai,West,Grocery,Coffee,Regular,4,653.0,0.0,Credit Card,3.0
ORD100432,2023-04-17,Chennai,South,Books,Comics,Premium,5,520.0,0.15,UPI,3.0
ORD100433,2022-04-02,Delhi,North,Fashion,Kurta,Premium,1,5299.0,0.0,UPI,5.0
ORD100434,2022-03-17,Mumbai,West,Home & Kitchen,Mixer,Regular,2,11312.0,0.0,UPI,5.0
ORD100435,2023-07-01,Pune,West,Fashion,T-Shirt,Regular,1,3483.0,0.2,Debit Card,3.0
ORD100436,2022-03-07,Delhi,North,Electronics,Power Bank,Regular,1,28638.0,0.15,Debit Card,1.0
ORD100437,2023-10-08,Delhi,North,Home & Kitchen,Water Bottle,New,2,4962.0,0.1,UPI,4.0
ORD100438,2023-07-05,Delhi,North,Grocery,Rice 5kg,Premium,1,857.0,0.0,UPI,2.0
ORD100439,2022-03-15,Chennai,South,Grocery,Rice 5kg,Regular,1,380.0,0.0,UPI,5.0
ORD100440,2022-03-18,Kolkata,East,Fashion,Jacket,Regular,1,949.0,0.0,Wallet,4.0
ORD100441,2023-12-23,Mumbai,West,Fashion,T-Shirt,New,1,953.0,0.0,UPI,5.0
ORD100442,2022-10-30,Delhi,North,Electronics,Headphones,Regular,1,51346.0,0.0,UPI,4.0
ORD100443,2022-10-28,Bengaluru,South,Grocery,Snacks Pack,Regular,1,689.0,0.05,UPI,4.0
ORD100444,2023-10-05,Bengaluru,South,Grocery,Rice 5kg,Regular,5,913.0,0.0,UPI,3.0
ORD100445,2023-11-29,Jaipur,North,Home & Kitchen,Cookware Set,Premium,2,9944.0,0.0,Debit Card,5.0
ORD100446,2023-12-22,Pune,West,Books,Biography,New,1,577.0,0.0,Cash on Delivery,5.0
ORD100447,2023-08-17,Kolkata,East,Home & Kitchen,Table Lamp,New,2,1467.0,0.1,UPI,4.0
ORD100448,2022-10-31,Bengaluru,South,Home & Kitchen,Mixer,Premium,1,8098.0,0.05,Debit Card,4.0
ORD100449,2022-03-17,Pune,West,Electronics,Smartphone,Regular,1,42169.0,0.05,UPI,1.0
ORD100450,2023-09-07,Ahmedabad,West,Fashion,T-Shirt,Regular,2,1719.0,0.0,Wallet,2.0
ORD100451,2023-02-22,Chennai,South,Home & Kitchen,Cookware Set,Regular,1,10356.0,0.0,UPI,5.0
ORD100452,2022-11-19,Pune,West,Home & Kitchen,Mixer,New,1,9770.0,0.0,UPI,4.0
ORD100453,2023-11-12,Pune,West,Fashion,Kurta,Premium,2,3314.0,0.0,Credit Card,4.0
ORD100454,2022-04-11,Chennai,South,Grocery,Snacks Pack,Regular,1,947.0,0.2,UPI,5.0
ORD100455,2022-12-27,Bengaluru,South,Electronics,Laptop,Regular,2,65455.0,0.4,UPI,4.0
ORD100456,2022-01-11,Pune,West,Fashion,Jeans,Regular,2,3299.0,0.1,Debit Card,4.0
ORD100457,2022-12-11,Delhi,North,Home & Kitchen,Water Bottle,New,1,11558.0,0.2,Debit Card,3.0
ORD100458,2022-02-20,Pune,West,Home & Kitchen,Cookware Set,Regular,1,1341.0,0.1,Credit Card,5.0
ORD100459,2022-04-18,Ahmedabad,West,Home & Kitchen,Table Lamp,Regular,1,4081.0,0.0,Debit Card,4.0
ORD100460,2022-04-16,Ahmedabad,West,Electronics,Laptop,Regular,2,72617.0,0.4,Credit Card,3.0
ORD100461,2023-05-15,Hyderabad,South,Electronics,Laptop,Regular,1,33052.0,0.0,Debit Card,5.0
ORD100462,2023-08-10,Delhi,North,Home & Kitchen,Bedsheet,New,2,8144.0,0.1,Credit Card,4.0
ORD100463,2023-03-17,Mumbai,West,Home & Kitchen,Bedsheet,New,1,11626.0,0.0,Debit Card,5.0
ORD100464,2023-12-07,Pune,West,Electronics,Power Bank,New,1,48534.0,0.0,UPI,5.0
ORD100465,2022-10-30,Jaipur,North,Home & Kitchen,Cookware Set,Premium,2,1718.0,0.1,UPI,5.0
ORD100466,2022-09-15,Kolkata,East,Fashion,Jeans,Premium,1,3281.0,0.0,Credit Card,5.0
ORD100467,2023-10-27,Mumbai,West,Home & Kitchen,Bedsheet,Premium,1,10098.0,0.0,Credit Card,2.0
ORD100468,2022-07-21,Lucknow,North,Books,Comics,Regular,2,835.0,0.0,Cash on Delivery,4.0
ORD100469,2023-12-08,Lucknow,North,Electronics,Smartwatch,Premium,1,20460.0,0.0,UPI,5.0
ORD100470,2022-01-11,Bengaluru,South,Electronics,Smartphone,Regular,1,56116.0,0.3,UPI,4.0
ORD100471,2023-12-12,Chennai,South,Books,Self-Help,Premium,4,176.0,0.15,UPI,4.0
ORD100472,2022-02-08,Pune,West,Home & Kitchen,Table Lamp,Regular,1,7647.0,0.0,UPI,5.0
ORD100473,2023-11-06,Pune,West,Home & Kitchen,Mixer,Regular,2,10942.0,0.0,Debit Card,3.0
ORD100474,2023-01-25,Lucknow,North,Books,Textbook,New,5,455.0,0.15,Credit Card,3.0
ORD100475,2023-12-27,Mumbai,West,Books,Fiction,New,2,1443.0,0.0,Debit Card,5.0
ORD100476,2022-03-08,Chennai,South,Grocery,Cooking Oil,Regular,2,357.0,0.0,UPI,5.0
ORD100477,2023-02-18,Kolkata,East,Fashion,Kurta,Regular,1,2099.0,0.0,Cash on Delivery,5.0
ORD100478,2023-12-12,Jaipur,North,Fashion,Jacket,New,1,2164.0,0.2,Wallet,5.0
ORD100479,2023-01-21,Jaipur,North,Fashion,Jeans,Premium,2,3637.0,0.0,Debit Card,5.0
ORD100480,2023-04-27,Lucknow,North,Electronics,Smartwatch,Regular,2,23326.0,0.0,Cash on Delivery,5.0
ORD100481,2023-06-26,Hyderabad,South,Home & Kitchen,Mixer,Premium,1,1270.0,0.0,Credit Card,3.0
ORD100482,2022-12-02,Ahmedabad,West,Electronics,Power Bank,Regular,2,28896.0,0.0,Wallet,5.0
ORD100483,2023-04-25,Bengaluru,South,Grocery,Cooking Oil,Regular,4,1042.0,0.05,Cash on Delivery,3.0
ORD100484,2023-03-17,Bengaluru,South,Home & Kitchen,Mixer,New,2,5896.0,0.0,Wallet,4.0
ORD100485,2023-11-10,Delhi,North,Home & Kitchen,Cookware Set,Regular,2,3407.0,0.0,Debit Card,4.0
ORD100486,2022-02-10,Ahmedabad,West,Fashion,T-Shirt,Regular,1,455.0,0.0,Cash on Delivery,4.0
ORD100487,2022-09-11,Lucknow,North,Electronics,Laptop,Regular,1,27770.0,0.0,Credit Card,4.0
ORD100488,2023-11-30,Delhi,North,Electronics,Headphones,Regular,2,68793.0,0.15,UPI,3.0
ORD100489,2023-11-05,Mumbai,West,Fashion,Sneakers,Regular,1,5645.0,0.2,UPI,4.0
ORD100490,2022-12-03,Ahmedabad,West,Electronics,Smartwatch,Regular,2,30583.0,0.0,Cash on Delivery,1.0
ORD100491,2023-04-19,Kolkata,East,Home & Kitchen,Bedsheet,Regular,1,6267.0,0.0,UPI,4.0
ORD100492,2022-09-07,Lucknow,North,Grocery,Coffee,Regular,4,662.0,0.0,Credit Card,5.0
ORD100493,2022-06-19,Delhi,North,Grocery,Coffee,Regular,1,1123.0,0.05,UPI,5.0
ORD100494,2022-12-08,Mumbai,West,Home & Kitchen,Cookware Set,Regular,2,5956.0,0.1,UPI,5.0
ORD100495,2022-10-21,Hyderabad,South,Electronics,Laptop,Premium,1,11886.0,0.0,Cash on Delivery,4.0
ORD100496,2023-03-17,Mumbai,West,Books,Textbook,Premium,4,582.0,0.1,Cash on Delivery,5.0
ORD100497,2022-03-12,Delhi,North,Grocery,Rice 5kg,Regular,1,353.0,0.1,Credit Card,4.0
ORD100498,2023-12-15,Mumbai,West,Electronics,Headphones,Premium,2,69131.0,0.3,UPI,2.0
ORD100499,2023-12-23,Delhi,North,Books,Self-Help,New,1,504.0,0.0,Credit Card,5.0
ORD100500,2023-06-28,Mumbai,West,Fashion,T-Shirt,New,2,1935.0,0.0,UPI,5.0
ORD100501,2023-02-02,Lucknow,North,Books,Self-Help,Regular,4,659.0,0.0,UPI,5.0
ORD100502,2022-10-03,Delhi,North,Grocery,Coffee,Premium,3,177.0,0.2,UPI,5.0
ORD100503,2023-10-05,Hyderabad,South,Electronics,Headphones,Regular,1,74379.0,0.15,Credit Card,3.0
ORD100504,2023-06-16,Jaipur,North,Grocery,Coffee,Regular,3,421.0,0.05,UPI,5.0
ORD100505,2022-05-27,Kolkata,East,Home & Kitchen,Bedsheet,Regular,1,9134.0,0.0,Debit Card,5.0
ORD100506,2023-11-14,Chennai,South,Grocery,Tea 500g,Regular,4,1102.0,0.0,UPI,5.0
ORD100507,2023-10-09,Pune,West,Fashion,Kurta,Regular,1,5250.0,0.0,Credit Card,5.0
ORD100508,2023-11-30,Ahmedabad,West,Books,Self-Help,Premium,2,434.0,0.05,UPI,4.0
ORD100509,2023-07-23,Jaipur,North,Electronics,Smartwatch,Premium,2,70594.0,0.0,Wallet,2.0
ORD100510,2023-04-13,Kolkata,East,Fashion,Sneakers,Regular,2,622.0,0.0,Credit Card,3.0
ORD100511,2022-11-17,Jaipur,North,Electronics,Smartphone,Regular,1,32432.0,0.1,UPI,3.0
ORD100512,2023-11-23,Chennai,South,Grocery,Rice 5kg,Regular,4,868.0,0.0,Credit Card,4.0
ORD100513,2023-10-26,Delhi,North,Books,Textbook,Regular,1,583.0,0.0,Cash on Delivery,4.0
ORD100514,2022-02-10,Jaipur,North,Books,Biography,New,1,841.0,0.0,Cash on Delivery,5.0
ORD100515,2022-01-24,Chennai,South,Grocery,Cooking Oil,Premium,4,242.0,0.15,Debit Card,5.0
ORD100516,2022-10-31,Jaipur,North,Electronics,Headphones,New,1,37318.0,0.05,UPI,5.0
ORD100517,2023-10-04,Mumbai,West,Fashion,Jacket,Premium,2,2177.0,0.2,Debit Card,1.0
ORD100518,2023-12-23,Bengaluru,South,Electronics,Power Bank,Regular,1,32470.0,0.0,Cash on Delivery,4.0
ORD100519,2022-05-16,Lucknow,North,Electronics,Power Bank,Regular,2,65522.0,0.3,Credit Card,5.0
ORD100520,2023-03-26,Delhi,North,Electronics,Smartphone,Regular,2,44402.0,0.2,Cash on Delivery,3.0
ORD100521,2022-11-01,Lucknow,North,Fashion,Kurta,Regular,2,805.0,0.05,UPI,5.0
ORD100522,2023-12-12,Lucknow,North,Electronics,Smartphone,New,2,61774.0,0.3,UPI,5.0
ORD100523,2023-10-17,Jaipur,North,Electronics,Power Bank,Regular,1,57739.0,0.0,Cash on Delivery,4.0
ORD100524,2023-10-15,Chennai,South,Electronics,Laptop,Regular,2,21707.0,0.0,Debit Card,5.0
ORD100525,2022-12-11,Kolkata,East,Electronics,Headphones,Premium,2,37401.0,0.0,UPI,3.0
ORD100526,2022-11-15,Jaipur,North,Grocery,Snacks Pack,New,4,615.0,0.05,UPI,5.0
ORD100527,2022-09-04,Pune,West,Books,Comics,Regular,4,636.0,0.1,Cash on Delivery,1.0
ORD100528,2022-02-20,Kolkata,East,Grocery,Snacks Pack,Premium,2,845.0,0.15,UPI,3.0
ORD100529,2023-10-26,Lucknow,North,Fashion,Sneakers,Regular,2,3250.0,0.0,UPI,5.0
ORD100530,2023-10-05,Kolkata,East,Electronics,Smartphone,Regular,2,77611.0,0.0,UPI,5.0
ORD100531,2023-12-31,Lucknow,North,Books,Comics,Regular,5,1017.0,0.0,Wallet,5.0
ORD100532,2023-12-29,Mumbai,West,Fashion,Kurta,Regular,2,1108.0,0.1,Wallet,4.0
ORD100533,2023-02-19,Mumbai,West,Fashion,T-Shirt,Premium,2,5162.0,0.0,Credit Card,5.0
ORD100534,2023-08-31,Hyderabad,South,Electronics,Smartwatch,Regular,1,8824.0,0.2,Credit Card,5.0
ORD100535,2023-11-28,Bengaluru,South,Electronics,Smartphone,Premium,1,45089.0,0.0,UPI,
ORD100536,2023-10-20,Pune,West,Electronics,Headphones,New,2,15895.0,0.0,UPI,5.0
ORD100537,2022-08-11,Delhi,North,Fashion,T-Shirt,Regular,1,2380.0,0.2,Cash on Delivery,5.0
ORD100538,2022-11-30,Lucknow,North,Home & Kitchen,Mixer,Premium,1,8166.0,0.0,UPI,5.0
ORD100539,2022-04-27,Bengaluru,South,Electronics,Smartwatch,Regular,2,58526.0,0.0,Credit Card,4.0
ORD100540,2023-12-02,Bengaluru,South,Electronics,Smartphone,Regular,1,67292.0,0.0,Debit Card,3.0
ORD100541,2023-04-06,Delhi,North,Books,Textbook,Premium,2,788.0,0.0,UPI,3.0
ORD100542,2022-07-26,Chennai,South,Electronics,Power Bank,Premium,2,36067.0,0.4,Credit Card,5.0
ORD100543,2023-06-04,Mumbai,West,Fashion,T-Shirt,Regular,2,4907.0,0.05,Credit Card,5.0
ORD100544,2023-04-17,Mumbai,West,Books,Biography,New,2,1428.0,0.0,Debit Card,5.0
ORD100545,2022-10-23,Pune,West,Electronics,Smartphone,Regular,1,21476.0,0.05,UPI,4.0
ORD100546,2022-04-13,Delhi,North,Electronics,Smartwatch,New,2,47640.0,0.0,UPI,1.0
ORD100547,2023-06-04,,North,Fashion,T-Shirt,Regular,1,2952.0,0.15,Credit Card,4.0
ORD100548,2023-01-19,Ahmedabad,West,Fashion,Jeans,Regular,2,2335.0,0.3,Wallet,4.0
ORD100549,2023-09-03,Mumbai,West,Home & Kitchen,Mixer,Regular,2,754.0,0.2,UPI,4.0
ORD100550,2023-01-19,Bengaluru,South,Books,Self-Help,Regular,2,679.0,0.0,Wallet,5.0
ORD100551,2023-10-21,Mumbai,West,Electronics,Power Bank,Premium,2,62041.0,0.0,Debit Card,3.0
ORD100552,2023-02-16,Bengaluru,South,Home & Kitchen,Mixer,Premium,1,4830.0,0.0,Cash on Delivery,4.0
ORD100553,2023-02-24,Kolkata,East,Fashion,Sneakers,Regular,1,5081.0,0.1,UPI,4.0
ORD100554,2023-10-31,Mumbai,West,Electronics,Smartwatch,Regular,2,55044.0,0.05,UPI,
ORD100555,2022-11-11,Jaipur,North,Home & Kitchen,Table Lamp,Regular,1,3231.0,0.0,UPI,5.0
ORD100556,2022-05-01,Jaipur,North,Electronics,Laptop,Regular,2,15841.0,0.2,UPI,4.0
ORD100557,2022-01-26,Mumbai,West,Fashion,Jeans,Premium,2,1473.0,0.0,Wallet,
ORD100558,2023-08-18,Lucknow,North,Electronics,Headphones,Premium,1,69655.0,0.0,UPI,4.0
ORD100559,2023-04-19,Delhi,North,Fashion,T-Shirt,New,1,5454.0,0.0,Credit Card,3.0
ORD100560,2023-07-03,Mumbai,West,Fashion,Sneakers,Regular,2,2396.0,0.0,UPI,4.0
ORD100561,2022-07-11,Mumbai,West,Books,Comics,Regular,2,458.0,0.0,Debit Card,3.0
ORD100562,2022-05-03,Bengaluru,South,Electronics,Smartwatch,Premium,2,65893.0,0.05,UPI,5.0
ORD100563,2022-01-14,Kolkata,East,Fashion,Sneakers,New,1,4839.0,0.0,UPI,
ORD100564,2022-10-20,Bengaluru,South,Fashion,Jacket,Premium,2,827.0,0.0,UPI,5.0
ORD100565,2023-03-23,Ahmedabad,West,Books,Comics,Regular,4,1479.0,0.15,Cash on Delivery,4.0
ORD100566,2022-11-06,Pune,West,Home & Kitchen,Mixer,Regular,2,334.0,0.0,UPI,4.0
ORD100567,2022-11-25,Bengaluru,South,Home & Kitchen,Bedsheet,Premium,2,8100.0,0.1,UPI,2.0
ORD100568,2023-11-11,Pune,West,Books,Textbook,Premium,5,500.0,0.0,UPI,4.0
ORD100569,2022-10-19,Lucknow,North,Books,Fiction,New,1,763.0,0.05,Wallet,3.0
ORD100570,2023-01-13,Mumbai,West,Fashion,Sneakers,Regular,1,5082.0,0.3,Credit Card,4.0
ORD100571,2023-09-13,Delhi,North,Fashion,Jeans,New,2,5982.0,0.0,Debit Card,5.0
ORD100572,2022-11-08,Hyderabad,South,Books,Biography,Regular,5,1315.0,0.05,Debit Card,5.0
ORD100573,2023-04-21,Hyderabad,South,Grocery,Rice 5kg,New,1,962.0,0.2,UPI,2.0
ORD100574,2023-10-25,Chennai,South,Grocery,Rice 5kg,New,3,656.0,0.05,Credit Card,4.0
ORD100575,2023-11-30,Delhi,North,Fashion,T-Shirt,Premium,2,1243.0,0.0,UPI,4.0
ORD100576,2022-05-13,Kolkata,East,Electronics,Smartphone,Premium,1,55993.0,0.0,UPI,3.0
ORD100577,2023-11-20,Kolkata,East,Fashion,T-Shirt,Regular,2,4854.0,0.1,Credit Card,4.0
ORD100578,2022-12-26,Chennai,South,Books,Fiction,Regular,5,808.0,0.2,Credit Card,4.0
ORD100579,2022-08-21,Mumbai,West,Fashion,Jacket,Regular,1,3353.0,0.0,UPI,5.0
ORD100580,2022-12-05,Hyderabad,South,Fashion,Sneakers,Regular,2,3019.0,0.0,UPI,5.0
ORD100581,2023-12-19,Bengaluru,South,Books,Fiction,Regular,3,812.0,0.0,Cash on Delivery,4.0
ORD100582,2022-12-27,Hyderabad,South,Fashion,Jeans,Regular,2,5372.0,0.0,Debit Card,5.0
ORD100583,2022-10-11,Jaipur,North,Books,Textbook,New,5,483.0,0.0,UPI,3.0
ORD100584,2023-05-01,Hyderabad,South,Fashion,T-Shirt,Regular,2,2662.0,0.0,UPI,5.0
ORD100585,2022-08-05,Mumbai,West,Fashion,T-Shirt,Premium,1,5683.0,0.0,Cash on Delivery,3.0
ORD100586,2022-03-10,Bengaluru,South,Fashion,Jeans,Premium,2,1989.0,0.0,Cash on Delivery,3.0
ORD100587,2022-04-27,Ahmedabad,West,Books,Biography,Regular,4,327.0,0.3,Wallet,3.0
ORD100588,2022-04-26,Pune,West,Electronics,Headphones,Regular,2,32884.0,0.0,UPI,4.0
ORD100589,2022-05-17,Hyderabad,South,Electronics,Laptop,Regular,2,14923.0,0.0,Credit Card,4.0
ORD100590,2022-05-06,Delhi,North,Grocery,Snacks Pack,Premium,1,674.0,0.0,UPI,
ORD100591,2023-05-07,Hyderabad,South,Electronics,Smartwatch,Premium,2,4497.0,0.3,Debit Card,5.0
ORD100592,2022-06-13,Chennai,South,Home & Kitchen,Table Lamp,Regular,1,6193.0,0.15,UPI,4.0
ORD100593,2022-10-18,Lucknow,North,Home & Kitchen,Mixer,New,1,982.0,0.15,UPI,4.0
ORD100594,2023-11-08,Kolkata,East,Fashion,T-Shirt,Regular,2,3518.0,0.0,UPI,5.0
ORD100595,2022-12-15,Kolkata,East,Home & Kitchen,Mixer,Premium,2,405.0,0.15,Debit Card,5.0
ORD100596,2023-06-01,Hyderabad,South,Electronics,Smartwatch,Regular,1,36323.0,0.0,Credit Card,5.0
ORD100597,2022-06-05,Bengaluru,South,Home & Kitchen,Water Bottle,Premium,1,3783.0,0.0,Debit Card,4.0
ORD100598,2022-06-23,Ahmedabad,West,Fashion,Sneakers,New,1,503.0,0.05,Cash on Delivery,5.0
ORD100599,2022-02-06,Hyderabad,South,Home & Kitchen,Bedsheet,Premium,2,7537.0,0.15,Debit Card,5.0
ORD100600,2022-06-02,Lucknow,North,Electronics,Laptop,Regular,2,9606.0,0.15,Credit Card,3.0
ORD100601,2022-09-09,Hyderabad,South,Home & Kitchen,Water Bottle,Regular,1,5939.0,0.2,Wallet,3.0
ORD100602,2022-06-09,Mumbai,West,Electronics,Smartwatch,New,1,37828.0,0.3,Credit Card,5.0
ORD100603,2022-03-21,Kolkata,East,Electronics,Smartwatch,Regular,1,26839.0,0.0,UPI,5.0
ORD100604,2022-04-19,Mumbai,West,Electronics,Power Bank,Regular,2,67339.0,0.0,Wallet,4.0
ORD100605,2022-12-06,Delhi,North,Electronics,Laptop,Premium,1,53376.0,0.0,UPI,
ORD100606,2022-07-05,Bengaluru,South,Books,Fiction,Regular,4,1456.0,0.2,Credit Card,3.0
ORD100607,2022-10-26,Pune,West,Fashion,Kurta,Regular,1,1528.0,0.0,UPI,4.0
ORD100608,2023-01-04,Hyderabad,South,Grocery,Tea 500g,New,2,1196.0,0.2,Credit Card,4.0
ORD100609,2023-06-21,Mumbai,West,Grocery,Tea 500g,Regular,2,444.0,0.0,Credit Card,
ORD100610,2022-02-05,Chennai,South,Home & Kitchen,Cookware Set,Regular,1,8070.0,0.0,UPI,4.0
ORD100611,2023-09-27,Bengaluru,South,Electronics,Laptop,Premium,2,70874.0,0.0,Credit Card,4.0
ORD100612,2023-04-26,Jaipur,North,Fashion,Kurta,New,2,4434.0,0.0,Cash on Delivery,3.0
ORD100613,2022-03-15,Hyderabad,South,Books,Self-Help,Regular,1,701.0,0.2,UPI,4.0
ORD100614,2023-10-29,Pune,West,Fashion,Jacket,Premium,2,3296.0,0.0,UPI,5.0
ORD100615,2023-11-18,Delhi,North,Electronics,Smartwatch,Premium,1,64937.0,0.0,UPI,4.0
ORD100616,2022-02-25,Pune,West,Home & Kitchen,Mixer,Regular,1,426.0,0.0,Cash on Delivery,5.0
ORD100617,2022-09-07,Pune,West,Books,Biography,Regular,4,922.0,0.0,Debit Card,5.0
ORD100618,2023-10-02,Jaipur,North,Books,Biography,Regular,5,315.0,0.0,Cash on Delivery,2.0
ORD100619,2023-08-12,Mumbai,West,Electronics,Smartwatch,Premium,1,63390.0,0.0,UPI,5.0
ORD100620,2022-06-16,Hyderabad,South,Home & Kitchen,Bedsheet,New,2,5097.0,0.2,UPI,4.0
ORD100621,2022-07-08,Kolkata,East,Electronics,Smartphone,Regular,2,8425.0,0.0,UPI,3.0
ORD100622,2022-10-28,Mumbai,West,Electronics,Smartphone,New,1,39860.0,0.0,UPI,5.0
ORD100623,2022-12-22,Bengaluru,South,Books,Textbook,Premium,4,1426.0,0.05,Credit Card,5.0
ORD100624,2023-04-17,Lucknow,North,Electronics,Laptop,Regular,1,38487.0,0.0,Wallet,4.0
ORD100625,2022-10-28,Bengaluru,South,Electronics,Laptop,Premium,2,73667.0,0.0,UPI,2.0
ORD100626,2022-12-07,Lucknow,North,Electronics,Power Bank,Regular,2,51222.0,0.05,Wallet,5.0
ORD100627,2023-08-12,Mumbai,West,Books,Fiction,New,2,320.0,0.0,UPI,5.0
ORD100628,2022-02-03,Pune,West,Books,Self-Help,Premium,5,1036.0,0.1,Wallet,4.0
ORD100629,2022-08-16,Chennai,South,Home & Kitchen,Table Lamp,Premium,2,9364.0,0.0,UPI,4.0
ORD100630,2023-07-12,Hyderabad,South,Books,Comics,Premium,5,213.0,0.15,Wallet,1.0
ORD100631,2023-11-07,Lucknow,North,Electronics,Smartphone,Premium,1,58437.0,0.3,UPI,4.0
ORD100632,2023-01-11,Mumbai,West,Fashion,Jacket,New,2,832.0,0.0,Wallet,4.0
ORD100633,2023-01-29,Jaipur,North,Fashion,Kurta,Premium,2,4072.0,0.0,UPI,4.0
ORD100634,2022-04-07,Kolkata,East,Electronics,Smartwatch,New,2,77102.0,0.0,UPI,3.0
ORD100635,2022-11-29,Delhi,North,Fashion,Jeans,Premium,2,1914.0,0.0,Credit Card,5.0
ORD100636,2023-01-30,,North,Grocery,Snacks Pack,Regular,4,670.0,0.15,UPI,4.0
ORD100637,2022-08-07,Bengaluru,South,Electronics,Smartwatch,New,2,25154.0,0.15,Debit Card,4.0
ORD100638,2022-08-31,Ahmedabad,West,Fashion,Kurta,Premium,2,4487.0,0.0,Wallet,4.0
ORD100639,2022-10-31,Bengaluru,South,Electronics,Laptop,Premium,2,69570.0,0.05,Debit Card,4.0
ORD100640,2022-01-19,Ahmedabad,West,Electronics,Power Bank,New,2,56847.0,0.0,Debit Card,3.0
ORD100641,2022-10-08,Kolkata,East,Grocery,Rice 5kg,Regular,5,772.0,0.05,UPI,5.0
ORD100642,2022-07-10,Mumbai,West,Fashion,Jacket,Regular,2,5215.0,0.15,Debit Card,4.0
ORD100643,2022-10-11,Kolkata,East,Fashion,Kurta,Regular,2,1945.0,0.05,Credit Card,1.0
ORD100644,2022-04-18,Delhi,North,Books,Biography,Premium,5,802.0,0.0,Cash on Delivery,1.0
ORD100645,2023-11-05,Bengaluru,South,Electronics,Smartwatch,New,2,29662.0,0.1,UPI,4.0
ORD100646,2023-03-26,Delhi,North,Fashion,Jacket,New,2,4598.0,0.0,Debit Card,3.0
ORD100647,2023-06-11,Mumbai,West,Fashion,Sneakers,Regular,1,965.0,0.05,UPI,4.0
ORD100648,2023-09-18,Delhi,North,Home & Kitchen,Table Lamp,Premium,1,11903.0,0.0,UPI,4.0
ORD100649,2022-12-30,Chennai,South,Grocery,Cooking Oil,New,3,332.0,0.0,UPI,5.0
ORD100650,2022-03-20,Hyderabad,South,Books,Textbook,Premium,5,588.0,0.1,UPI,
ORD100651,2023-02-03,Hyderabad,South,Fashion,Kurta,Regular,2,2694.0,0.2,UPI,4.0
ORD100652,2023-03-20,Delhi,North,Books,Biography,Premium,2,575.0,0.0,UPI,5.0
ORD100653,2023-08-10,Kolkata,East,Electronics,Smartwatch,New,2,20564.0,0.3,Cash on Delivery,5.0
ORD100654,2022-11-22,Pune,West,Electronics,Headphones,New,1,48628.0,0.05,UPI,5.0
ORD100655,2022-04-25,Bengaluru,South,Electronics,Smartphone,Premium,1,14160.0,0.1,Cash on Delivery,3.0
ORD100656,2022-09-13,Jaipur,North,Fashion,Jeans,New,1,5521.0,0.2,UPI,5.0
ORD100657,2022-10-25,Kolkata,East,Fashion,Sneakers,Regular,1,3124.0,0.0,UPI,5.0
ORD100658,2023-05-12,Pune,West,Home & Kitchen,Mixer,Regular,2,2364.0,0.15,Credit Card,4.0
ORD100659,2023-03-05,Delhi,North,Grocery,Snacks Pack,New,1,696.0,0.0,Credit Card,4.0
ORD100660,2022-10-22,Mumbai,West,Fashion,T-Shirt,Regular,1,1658.0,0.0,Credit Card,
ORD100661,2023-12-23,Jaipur,North,Fashion,Jeans,Regular,2,4512.0,0.1,Credit Card,5.0
ORD100662,2023-04-06,Ahmedabad,West,Electronics,Laptop,Regular,1,70374.0,0.2,UPI,4.0
ORD100663,2022-08-02,Mumbai,West,Electronics,Smartphone,Premium,1,74917.0,0.2,Debit Card,5.0
ORD100664,2022-04-02,Bengaluru,South,Home & Kitchen,Table Lamp,Premium,1,3257.0,0.1,Credit Card,4.0
ORD100665,2022-05-18,Kolkata,East,Fashion,Sneakers,Regular,1,2546.0,0.05,UPI,3.0
ORD100666,2022-08-10,Kolkata,East,Books,Textbook,New,5,1424.0,0.0,Cash on Delivery,4.0
ORD100667,2022-05-25,Jaipur,North,Electronics,Laptop,New,2,16149.0,0.4,Debit Card,4.0
ORD100668,2022-06-18,Mumbai,West,Electronics,Power Bank,Regular,1,42202.0,0.0,UPI,5.0
ORD100669,2022-09-14,Bengaluru,South,Fashion,T-Shirt,Regular,1,3825.0,0.15,Cash on Delivery,4.0
ORD100670,2022-06-06,Mumbai,West,Electronics,Headphones,Premium,2,11271.0,0.05,Wallet,5.0
ORD100671,2023-11-08,Bengaluru,South,Electronics,Smartphone,Premium,2,75203.0,0.05,Credit Card,4.0
ORD100672,2022-03-14,Mumbai,West,Books,Self-Help,Regular,2,891.0,0.0,UPI,4.0
ORD100673,2023-01-23,Jaipur,North,Electronics,Power Bank,Regular,1,13131.0,0.3,Wallet,3.0
ORD100674,2022-11-14,Hyderabad,South,Home & Kitchen,Table Lamp,Regular,1,11625.0,0.05,UPI,4.0
ORD100675,2023-12-20,Ahmedabad,West,Fashion,Kurta,Regular,1,5843.0,0.3,UPI,5.0
ORD100676,2022-04-11,Mumbai,West,Electronics,Smartphone,Regular,1,45072.0,0.0,UPI,3.0
ORD100677,2022-11-08,Delhi,North,Fashion,T-Shirt,Premium,2,5706.0,0.05,Debit Card,5.0
ORD100678,2023-12-12,,North,Books,Textbook,Premium,4,908.0,0.1,Wallet,4.0
ORD100679,2023-10-26,Bengaluru,South,Fashion,T-Shirt,Premium,1,2877.0,0.15,Debit Card,2.0
ORD100680,2023-10-06,Ahmedabad,West,Books,Comics,Regular,1,534.0,0.2,Wallet,3.0
ORD100681,2022-08-21,,South,Electronics,Headphones,Premium,1,29069.0,0.0,UPI,5.0
ORD100682,2022-06-04,Delhi,North,Books,Comics,Regular,5,343.0,0.0,UPI,4.0
ORD100683,2023-06-01,Mumbai,West,Electronics,Laptop,Regular,2,61033.0,0.0,Debit Card,5.0
ORD100684,2023-11-21,Mumbai,West,Home & Kitchen,Cookware Set,Premium,2,9887.0,0.0,Wallet,5.0
ORD100685,2023-02-21,Pune,West,Home & Kitchen,Water Bottle,Premium,1,6524.0,0.4,Credit Card,4.0
ORD100686,2023-03-06,Hyderabad,South,Grocery,Snacks Pack,Regular,5,1008.0,0.0,UPI,4.0
ORD100687,2022-09-10,Pune,West,Fashion,Sneakers,Premium,1,3089.0,0.0,UPI,4.0
ORD100688,2023-08-31,Kolkata,East,Electronics,Laptop,New,1,16023.0,0.0,UPI,
ORD100689,2022-06-18,Mumbai,West,Electronics,Smartwatch,Premium,2,68711.0,0.05,UPI,4.0
ORD100690,2022-10-09,Mumbai,West,Books,Fiction,Premium,2,1275.0,0.0,UPI,3.0
ORD100691,2022-11-20,Pune,West,Fashion,Sneakers,New,2,2196.0,0.0,Wallet,4.0
ORD100692,2023-01-07,Pune,West,Books,Fiction,Premium,4,218.0,0.0,Credit Card,5.0
ORD100693,2022-08-07,Bengaluru,South,Electronics,Laptop,Premium,1,58469.0,0.0,Debit Card,5.0
ORD100694,2022-04-14,Mumbai,West,Fashion,Jacket,Regular,1,4800.0,0.4,UPI,5.0
ORD100695,2023-04-10,Mumbai,West,Electronics,Headphones,Regular,1,17662.0,0.0,UPI,5.0
ORD100696,2022-09-18,Delhi,North,Grocery,Coffee,Premium,5,459.0,0.05,Credit Card,4.0
ORD100697,2023-03-15,Mumbai,West,Home & Kitchen,Table Lamp,Premium,1,2540.0,0.4,Cash on Delivery,4.0
ORD100698,2022-05-20,Delhi,North,Grocery,Cooking Oil,Regular,4,593.0,0.15,Credit Card,5.0
ORD100699,2022-12-19,Bengaluru,South,Electronics,Laptop,New,2,27695.0,0.4,Cash on Delivery,5.0
ORD100700,2023-01-30,Mumbai,West,Home & Kitchen,Water Bottle,Regular,1,1742.0,0.3,Cash on Delivery,4.0
ORD100701,2022-02-16,Mumbai,West,Home & Kitchen,Cookware Set,Premium,2,5333.0,0.0,UPI,4.0
ORD100702,2022-10-14,Jaipur,North,Fashion,Jeans,Regular,1,4095.0,0.1,UPI,5.0
ORD100703,2022-05-02,Chennai,South,Books,Biography,Regular,1,278.0,0.0,Debit Card,4.0
ORD100704,2022-02-27,Lucknow,North,Grocery,Rice 5kg,New,4,1192.0,0.0,Credit Card,4.0
ORD100705,2023-12-25,,South,Grocery,Rice 5kg,Regular,3,727.0,0.15,UPI,5.0
ORD100706,2022-10-08,Kolkata,East,Books,Textbook,Regular,5,291.0,0.05,UPI,5.0
ORD100707,2023-10-03,Delhi,North,Electronics,Smartwatch,Regular,2,50936.0,0.1,Credit Card,4.0
ORD100708,2022-08-18,Chennai,South,Fashion,T-Shirt,Regular,1,3223.0,0.15,Wallet,4.0
ORD100709,2023-06-13,Mumbai,West,Grocery,Rice 5kg,Premium,1,1120.0,0.0,UPI,4.0
ORD100710,2023-08-23,Mumbai,West,Electronics,Smartphone,New,2,76029.0,0.2,UPI,5.0
ORD100711,2023-03-28,Lucknow,North,Home & Kitchen,Mixer,Regular,2,4290.0,0.0,Credit Card,
ORD100712,2022-12-13,Chennai,South,Home & Kitchen,Mixer,Premium,1,1052.0,0.0,Debit Card,5.0
ORD100713,2022-11-14,Jaipur,North,Home & Kitchen,Mixer,Premium,2,2180.0,0.2,Debit Card,4.0
ORD100714,2022-10-19,Bengaluru,South,Grocery,Cooking Oil,New,2,1085.0,0.0,Wallet,1.0
ORD100715,2023-11-21,Bengaluru,South,Fashion,Sneakers,New,1,3130.0,0.15,Cash on Delivery,5.0
ORD100716,2023-10-12,Bengaluru,South,Fashion,Jacket,Premium,2,5811.0,0.05,Credit Card,4.0
ORD100717,2023-12-09,Pune,West,Electronics,Smartphone,Regular,1,12936.0,0.0,UPI,5.0
ORD100718,2022-04-23,Chennai,South,Fashion,Kurta,Regular,2,2040.0,0.15,Credit Card,5.0
ORD100719,2023-07-28,Jaipur,North,Electronics,Power Bank,Regular,1,71357.0,0.05,Debit Card,4.0
ORD100720,2023-11-25,Mumbai,West,Fashion,Kurta,Premium,1,803.0,0.0,Cash on Delivery,
ORD100721,2022-06-13,Pune,West,Books,Textbook,Premium,4,1275.0,0.0,Wallet,1.0
ORD100722,2022-03-01,Bengaluru,South,Grocery,Rice 5kg,Premium,2,628.0,0.2,Debit Card,5.0
ORD100723,2023-08-06,Delhi,North,Electronics,Smartphone,Premium,2,5403.0,0.0,Credit Card,4.0
ORD100724,2023-03-09,Hyderabad,South,Fashion,Jeans,Regular,1,3349.0,0.2,UPI,5.0
ORD100725,2023-10-16,Hyderabad,South,Grocery,Snacks Pack,Premium,4,499.0,0.0,UPI,5.0
ORD100726,2022-05-06,Mumbai,West,Electronics,Power Bank,Regular,2,77892.0,0.1,UPI,1.0
ORD100727,2023-09-24,Delhi,North,Electronics,Laptop,Regular,1,37091.0,0.3,UPI,4.0
ORD100728,2022-07-01,Bengaluru,South,Electronics,Smartphone,Regular,2,21942.0,0.0,UPI,3.0
ORD100729,2022-05-28,Bengaluru,South,Home & Kitchen,Mixer,New,2,7410.0,0.05,UPI,3.0
ORD100730,2022-05-29,Bengaluru,South,Electronics,Smartwatch,Regular,2,57121.0,0.15,Debit Card,5.0
ORD100731,2023-10-05,Mumbai,West,Grocery,Snacks Pack,New,4,313.0,0.15,Credit Card,4.0
ORD100732,2023-05-29,Mumbai,West,Fashion,Jeans,Regular,1,4105.0,0.05,Credit Card,4.0
ORD100733,2023-01-21,Lucknow,North,Fashion,Sneakers,Regular,2,948.0,0.1,Credit Card,4.0
ORD100734,2022-10-23,Lucknow,North,Electronics,Smartphone,New,1,17506.0,0.15,UPI,4.0
ORD100735,2023-10-31,Hyderabad,South,Fashion,Sneakers,Premium,2,3304.0,0.2,Wallet,5.0
ORD100736,2022-11-06,Lucknow,North,Home & Kitchen,Table Lamp,Regular,1,3038.0,0.15,UPI,4.0
ORD100737,2023-10-06,Kolkata,East,Books,Comics,Regular,5,512.0,0.0,Wallet,5.0
ORD100738,2022-11-25,Mumbai,West,Books,Fiction,New,1,870.0,0.4,UPI,5.0
ORD100739,2022-10-31,Mumbai,West,Home & Kitchen,Water Bottle,Regular,2,4936.0,0.0,Credit Card,3.0
ORD100740,2022-12-07,Jaipur,North,Grocery,Rice 5kg,Premium,4,664.0,0.0,UPI,5.0
ORD100741,2022-09-29,Kolkata,East,Books,Self-Help,Regular,5,764.0,0.0,UPI,4.0
ORD100742,2023-08-12,Ahmedabad,West,Books,Biography,Regular,3,1104.0,0.0,Credit Card,3.0
ORD100743,2023-01-03,Jaipur,North,Electronics,Headphones,Regular,1,45865.0,0.0,Debit Card,4.0
ORD100744,2022-07-29,Hyderabad,South,Electronics,Smartphone,Premium,1,4041.0,0.0,UPI,3.0
ORD100745,2023-11-09,Mumbai,West,Electronics,Power Bank,Premium,2,15970.0,0.0,Credit Card,5.0
ORD100746,2022-11-03,Delhi,North,Home & Kitchen,Water Bottle,Regular,2,8242.0,0.1,UPI,2.0
ORD100747,2023-02-09,Mumbai,West,Fashion,T-Shirt,Premium,2,5696.0,0.0,UPI,3.0
ORD100748,2023-11-12,Delhi,North,Fashion,Jeans,New,1,1712.0,0.0,Wallet,4.0
ORD100749,2023-04-22,Bengaluru,South,Grocery,Tea 500g,New,4,599.0,0.0,Cash on Delivery,4.0
ORD100750,2022-04-16,Mumbai,West,Grocery,Tea 500g,Regular,3,529.0,0.0,Credit Card,5.0
ORD100751,2023-11-26,Delhi,North,Grocery,Cooking Oil,Regular,5,628.0,0.0,UPI,4.0
ORD100752,2023-04-26,Hyderabad,South,Fashion,Jacket,New,1,3162.0,0.05,UPI,5.0
ORD100753,2022-10-14,Bengaluru,South,Home & Kitchen,Table Lamp,Regular,2,6322.0,0.3,Wallet,
ORD100754,2022-05-06,Hyderabad,South,Electronics,Headphones,Regular,1,54912.0,0.2,UPI,4.0
ORD100755,2023-09-22,Bengaluru,South,Electronics,Smartwatch,New,2,25950.0,0.2,Cash on Delivery,5.0
ORD100756,2023-04-19,Kolkata,East,Electronics,Laptop,Regular,2,25972.0,0.0,UPI,4.0
ORD100757,2023-01-31,Lucknow,North,Fashion,T-Shirt,Regular,1,841.0,0.0,Wallet,2.0
ORD100758,2023-11-07,Mumbai,West,Fashion,Sneakers,Regular,2,2431.0,0.0,UPI,4.0
ORD100759,2023-09-18,Mumbai,West,Books,Biography,New,4,945.0,0.15,UPI,3.0
ORD100760,2022-05-17,Ahmedabad,West,Electronics,Smartphone,Regular,1,55659.0,0.0,Debit Card,
ORD100761,2022-10-04,Hyderabad,South,Books,Textbook,New,3,1286.0,0.05,Wallet,3.0
ORD100762,2022-08-12,Pune,West,Fashion,Jeans,Premium,1,4250.0,0.0,Wallet,5.0
ORD100763,2023-08-08,Delhi,North,Fashion,Sneakers,Regular,1,1984.0,0.0,Debit Card,4.0
ORD100764,2022-01-31,Ahmedabad,West,Fashion,Sneakers,Regular,1,2003.0,0.4,Cash on Delivery,5.0
ORD100765,2023-03-04,Jaipur,North,Fashion,Jacket,Regular,2,1426.0,0.15,Credit Card,3.0
ORD100766,2023-08-25,Kolkata,East,Home & Kitchen,Water Bottle,Premium,2,8945.0,0.15,Cash on Delivery,5.0
ORD100767,2023-10-31,Mumbai,West,Fashion,Sneakers,Regular,2,1120.0,0.05,Cash on Delivery,3.0
ORD100768,2022-10-17,Jaipur,North,Electronics,Laptop,New,1,55824.0,0.2,Credit Card,5.0
ORD100769,2023-10-08,Ahmedabad,West,Electronics,Smartphone,Regular,1,26207.0,0.1,Debit Card,5.0
ORD100770,2022-04-10,Pune,West,Home & Kitchen,Mixer,Regular,2,8380.0,0.3,Credit Card,5.0
ORD100771,2023-10-18,Mumbai,West,Grocery,Coffee,Regular,3,744.0,0.0,Credit Card,2.0
ORD100772,2022-04-25,Ahmedabad,West,Fashion,Sneakers,Premium,2,4150.0,0.05,Cash on Delivery,3.0
ORD100773,2022-11-08,Mumbai,West,Books,Textbook,Regular,2,599.0,0.1,UPI,5.0
ORD100774,2023-09-25,Delhi,North,Home & Kitchen,Mixer,Regular,2,7286.0,0.0,UPI,3.0
ORD100775,2022-05-16,Chennai,South,Grocery,Cooking Oil,New,2,577.0,0.2,Credit Card,3.0
ORD100776,2022-07-26,Delhi,North,Books,Biography,Premium,5,493.0,0.4,UPI,4.0
ORD100777,2023-07-20,Kolkata,East,Home & Kitchen,Table Lamp,Premium,1,3867.0,0.0,Credit Card,4.0
ORD100778,2023-07-18,Chennai,South,Home & Kitchen,Water Bottle,Premium,1,6658.0,0.0,Wallet,3.0
ORD100779,2023-05-08,Mumbai,West,Grocery,Tea 500g,Premium,3,429.0,0.0,Debit Card,4.0
ORD100780,2023-06-24,Kolkata,East,Fashion,T-Shirt,Regular,1,881.0,0.2,Cash on Delivery,4.0
ORD100781,2023-02-08,Jaipur,North,Fashion,Jeans,Regular,2,3851.0,0.1,UPI,3.0
ORD100782,2022-08-15,Delhi,North,Electronics,Power Bank,New,1,17477.0,0.0,Wallet,4.0
ORD100783,2022-10-18,Chennai,South,Books,Comics,Regular,3,711.0,0.05,Debit Card,4.0
ORD100784,2022-06-13,Bengaluru,South,Books,Self-Help,Premium,3,898.0,0.0,UPI,5.0
ORD100785,2023-11-13,Hyderabad,South,Electronics,Smartphone,Regular,2,59536.0,0.15,Debit Card,3.0
ORD100786,2023-03-17,Delhi,North,Home & Kitchen,Cookware Set,Regular,2,8066.0,0.0,Wallet,5.0
ORD100787,2022-11-10,Bengaluru,South,Fashion,Jeans,Regular,1,1610.0,0.0,UPI,4.0
ORD100788,2022-12-07,Mumbai,West,Electronics,Power Bank,Regular,2,36238.0,0.15,Credit Card,4.0
ORD100789,2023-11-29,Lucknow,North,Grocery,Snacks Pack,Premium,5,125.0,0.0,Wallet,4.0
ORD100790,2022-05-19,Kolkata,East,Electronics,Headphones,Regular,2,43075.0,0.0,UPI,2.0
ORD100791,2023-03-19,Hyderabad,South,Electronics,Headphones,Regular,1,20520.0,0.0,Debit Card,5.0
ORD100792,2023-01-06,Bengaluru,South,Home & Kitchen,Mixer,New,1,712.0,0.0,Credit Card,4.0
ORD100793,2023-04-11,Chennai,South,Books,Biography,Regular,4,1013.0,0.0,UPI,5.0
ORD100794,2022-01-17,Bengaluru,South,Electronics,Smartwatch,New,2,37704.0,0.4,Debit Card,
ORD100795,2023-10-29,Bengaluru,South,Home & Kitchen,Cookware Set,New,1,7844.0,0.15,UPI,4.0
ORD100796,2023-11-22,Hyderabad,South,Fashion,Sneakers,New,1,5117.0,0.2,Cash on Delivery,4.0
ORD100797,2023-02-28,Delhi,North,Electronics,Smartphone,New,2,22714.0,0.3,UPI,4.0
ORD100798,2023-06-27,Delhi,North,Electronics,Power Bank,Regular,1,67185.0,0.0,UPI,
ORD100799,2023-11-18,Chennai,South,Home & Kitchen,Table Lamp,New,1,10744.0,0.0,Credit Card,5.0
ORD100800,2023-07-06,Ahmedabad,West,Fashion,Jeans,New,1,1900.0,0.0,UPI,5.0
ORD100801,2022-05-18,Mumbai,West,Grocery,Snacks Pack,New,3,1058.0,0.15,UPI,4.0
ORD100802,2023-03-10,Mumbai,West,Books,Comics,Regular,4,1478.0,0.1,Cash on Delivery,5.0
ORD100803,2023-04-07,Delhi,North,Grocery,Tea 500g,New,1,348.0,0.0,Wallet,5.0
ORD100804,2022-11-19,Lucknow,North,Electronics,Headphones,Premium,2,79715.0,0.0,Cash on Delivery,4.0
ORD100805,2023-08-02,Ahmedabad,West,Grocery,Rice 5kg,Premium,1,1105.0,0.05,Credit Card,4.0
ORD100806,2023-11-23,Chennai,South,Fashion,Kurta,Regular,1,2491.0,0.05,Cash on Delivery,4.0
ORD100807,2023-11-20,Jaipur,North,Fashion,Jacket,Regular,1,5263.0,0.2,Wallet,1.0
ORD100808,2022-11-30,Hyderabad,South,Electronics,Smartwatch,New,1,53111.0,0.0,UPI,5.0
ORD100809,2022-04-13,Lucknow,North,Electronics,Smartphone,Regular,2,25439.0,0.2,UPI,3.0
ORD100810,2023-12-22,Delhi,North,Home & Kitchen,Table Lamp,Regular,1,749.0,0.0,UPI,4.0
ORD100811,2023-10-15,Delhi,North,Fashion,T-Shirt,New,1,3662.0,0.15,Credit Card,4.0
ORD100812,2022-04-23,Kolkata,East,Electronics,Smartphone,Regular,1,41282.0,0.3,Wallet,4.0
ORD100813,2023-11-18,Bengaluru,South,Home & Kitchen,Cookware Set,Regular,1,1940.0,0.2,Credit Card,4.0
ORD100814,2023-10-28,Kolkata,East,Electronics,Smartphone,Regular,1,70109.0,0.0,Debit Card,
ORD100815,2023-01-17,Delhi,North,Home & Kitchen,Bedsheet,Regular,2,1413.0,0.0,UPI,4.0
ORD100816,2023-03-24,Chennai,South,Fashion,Kurta,Regular,2,1174.0,0.0,UPI,3.0
ORD100817,2022-11-09,Delhi,North,Books,Comics,Regular,2,259.0,0.0,Credit Card,5.0
ORD100818,2022-02-19,Mumbai,West,Books,Biography,Regular,3,695.0,0.1,Wallet,4.0
ORD100819,2022-10-14,Jaipur,North,Fashion,T-Shirt,Premium,2,5315.0,0.3,UPI,3.0
ORD100820,2023-09-30,Jaipur,North,Fashion,Jacket,New,2,5764.0,0.0,Cash on Delivery,2.0
ORD100821,2022-01-05,Lucknow,North,Fashion,Jacket,Regular,2,4922.0,0.0,UPI,1.0
ORD100822,2022-10-13,Pune,West,Books,Biography,Regular,2,605.0,0.0,Debit Card,4.0
ORD100823,2022-11-09,Kolkata,East,Fashion,Kurta,Regular,1,5222.0,0.2,Debit Card,4.0
ORD100824,2023-02-03,Chennai,South,Electronics,Power Bank,New,1,8588.0,0.3,Cash on Delivery,3.0
ORD100825,2023-11-17,Mumbai,West,Electronics,Power Bank,New,1,69765.0,0.0,UPI,5.0
ORD100826,2022-10-18,Delhi,North,Fashion,Jacket,Regular,1,4145.0,0.0,UPI,3.0
ORD100827,2022-10-19,Delhi,North,Fashion,Kurta,Regular,1,3236.0,0.15,UPI,5.0
ORD100828,2023-08-03,Jaipur,North,Books,Biography,Premium,2,319.0,0.1,Wallet,4.0
ORD100829,2022-12-01,Delhi,North,Electronics,Power Bank,Premium,2,64014.0,0.0,UPI,1.0
ORD100830,2022-07-22,Jaipur,North,Fashion,Jeans,Regular,1,5700.0,0.2,UPI,
ORD100831,2022-12-01,Hyderabad,South,Books,Comics,Premium,3,492.0,0.4,Credit Card,4.0
ORD100832,2022-05-07,Pune,West,Books,Textbook,Premium,2,908.0,0.05,Credit Card,4.0
ORD100833,2022-06-08,Mumbai,West,Fashion,Kurta,New,2,1656.0,0.05,Cash on Delivery,4.0
ORD100834,2022-12-30,Delhi,North,Fashion,Jacket,Regular,2,526.0,0.0,Wallet,5.0
ORD100835,2022-11-17,Lucknow,North,Fashion,Jeans,New,2,3813.0,0.05,Credit Card,4.0
ORD100836,2023-11-15,Delhi,North,Grocery,Tea 500g,Regular,3,704.0,0.0,Wallet,3.0
ORD100837,2022-10-25,Delhi,North,Electronics,Smartphone,Premium,1,63597.0,0.0,Debit Card,3.0
ORD100838,2023-03-14,Delhi,North,Grocery,Snacks Pack,Premium,1,457.0,0.0,UPI,5.0
ORD100839,2023-04-30,Mumbai,West,Home & Kitchen,Cookware Set,Regular,2,6218.0,0.0,Wallet,4.0
ORD100840,2022-01-12,Delhi,North,Fashion,Sneakers,Premium,1,5771.0,0.0,Debit Card,3.0
ORD100841,2023-05-28,Kolkata,East,Electronics,Laptop,Regular,1,30323.0,0.05,UPI,4.0
ORD100842,2022-06-10,Hyderabad,South,Fashion,Sneakers,Regular,1,4451.0,0.05,Debit Card,5.0
ORD100843,2023-12-06,Chennai,South,Fashion,Jeans,Regular,2,3467.0,0.05,UPI,4.0
ORD100844,2022-05-14,Mumbai,West,Electronics,Power Bank,Regular,1,35918.0,0.0,UPI,4.0
ORD100845,2022-11-15,Ahmedabad,West,Home & Kitchen,Table Lamp,Regular,2,1695.0,0.0,Debit Card,5.0
ORD100846,2022-03-18,Pune,West,Grocery,Snacks Pack,New,1,602.0,0.15,Cash on Delivery,3.0
ORD100847,2023-12-29,Mumbai,West,Home & Kitchen,Table Lamp,Regular,2,9532.0,0.0,Debit Card,5.0
ORD100848,2023-01-02,Bengaluru,South,Home & Kitchen,Water Bottle,Regular,2,9973.0,0.4,UPI,
ORD100849,2023-03-27,Mumbai,West,Electronics,Power Bank,Regular,1,33314.0,0.0,Wallet,5.0
ORD100850,2022-03-02,Ahmedabad,West,Fashion,T-Shirt,Regular,1,5299.0,0.1,UPI,2.0
ORD100851,2023-08-14,Pune,West,Electronics,Headphones,Regular,2,48501.0,0.0,UPI,4.0
ORD100852,2022-07-09,Jaipur,North,Home & Kitchen,Cookware Set,Regular,1,9056.0,0.1,UPI,3.0
ORD100853,2023-11-08,Delhi,North,Grocery,Coffee,Regular,3,151.0,0.2,UPI,
ORD100854,2022-07-04,Hyderabad,South,Home & Kitchen,Water Bottle,Regular,2,3090.0,0.3,UPI,
ORD100855,2022-06-21,Delhi,North,Electronics,Smartwatch,Premium,1,66883.0,0.4,Debit Card,4.0
ORD100856,2022-02-02,Bengaluru,South,Fashion,Sneakers,Premium,1,989.0,0.0,Cash on Delivery,5.0
ORD100857,2022-12-14,Hyderabad,South,Home & Kitchen,Cookware Set,Regular,2,5084.0,0.05,Wallet,5.0
ORD100858,2023-02-28,Mumbai,West,Fashion,Kurta,Regular,1,5191.0,0.0,Cash on Delivery,4.0
ORD100859,2022-03-01,Pune,West,Books,Fiction,New,5,1001.0,0.05,Credit Card,3.0
ORD100860,2023-09-06,Chennai,South,Books,Biography,Regular,1,1062.0,0.0,Debit Card,1.0
ORD100861,2022-12-01,Ahmedabad,West,Home & Kitchen,Bedsheet,New,2,6242.0,0.2,Cash on Delivery,4.0
ORD100862,2023-01-22,Delhi,North,Fashion,Jeans,Regular,2,5001.0,0.2,Credit Card,5.0
ORD100863,2022-11-26,Jaipur,North,Electronics,Headphones,Regular,1,51576.0,0.0,Cash on Delivery,5.0
ORD100864,2022-11-10,Lucknow,North,Electronics,Smartphone,Premium,1,25536.0,0.0,Credit Card,3.0
ORD100865,2023-02-23,Jaipur,North,Fashion,Jacket,New,2,5407.0,0.0,UPI,3.0
ORD100866,2022-05-20,Pune,West,Fashion,T-Shirt,Regular,1,4996.0,0.1,Credit Card,4.0
ORD100867,2022-06-13,Ahmedabad,West,Home & Kitchen,Cookware Set,Regular,1,4596.0,0.0,Debit Card,5.0
ORD100868,2023-10-25,Chennai,South,Home & Kitchen,Water Bottle,Regular,2,7581.0,0.2,Debit Card,5.0
ORD100869,2023-11-28,Delhi,North,Electronics,Smartphone,New,2,60466.0,0.1,UPI,4.0
ORD100870,2022-10-29,Kolkata,East,Fashion,Kurta,Premium,1,3652.0,0.1,Credit Card,4.0
ORD100871,2022-09-01,Pune,West,Electronics,Power Bank,Regular,1,40584.0,0.05,Wallet,3.0
ORD100872,2023-05-10,Lucknow,North,Electronics,Headphones,Regular,2,57323.0,0.0,Wallet,4.0
ORD100873,2022-11-13,Chennai,South,Books,Self-Help,Regular,4,682.0,0.3,UPI,
ORD100874,2022-01-23,Delhi,North,Electronics,Smartphone,Regular,2,55051.0,0.1,UPI,3.0
ORD100875,2022-05-21,Kolkata,East,Fashion,Sneakers,Regular,2,3394.0,0.4,Debit Card,4.0
ORD100876,2023-07-14,Lucknow,North,Electronics,Smartphone,Premium,2,32486.0,0.05,UPI,4.0
ORD100877,2023-05-24,Delhi,North,Books,Textbook,Regular,4,1263.0,0.1,UPI,4.0
ORD100878,2022-01-25,Bengaluru,South,Home & Kitchen,Mixer,Regular,2,1168.0,0.0,UPI,4.0
ORD100879,2022-07-20,Chennai,South,Electronics,Smartphone,Premium,2,67680.0,0.1,Cash on Delivery,4.0
ORD100880,2022-07-28,Delhi,North,Fashion,Sneakers,Regular,1,5161.0,0.15,Cash on Delivery,5.0
ORD100881,2023-06-04,Mumbai,West,Books,Fiction,Regular,3,309.0,0.15,Credit Card,4.0
ORD100882,2022-01-18,Bengaluru,South,Grocery,Snacks Pack,Regular,4,991.0,0.15,Credit Card,4.0
ORD100883,2022-04-04,Jaipur,North,Electronics,Headphones,Regular,2,20811.0,0.0,Credit Card,1.0
ORD100884,2023-09-28,Mumbai,West,Grocery,Cooking Oil,New,4,409.0,0.4,UPI,5.0
ORD100885,2022-06-10,Bengaluru,South,Grocery,Snacks Pack,Premium,1,294.0,0.4,Credit Card,4.0
ORD100886,2023-05-18,Pune,West,Grocery,Coffee,Regular,3,444.0,0.0,UPI,5.0
ORD100887,2022-08-03,Lucknow,North,Home & Kitchen,Cookware Set,Regular,2,10135.0,0.3,Credit Card,4.0
ORD100888,2022-03-31,Lucknow,North,Home & Kitchen,Mixer,Regular,2,2771.0,0.0,UPI,1.0
ORD100889,2022-08-08,Bengaluru,South,Fashion,Sneakers,Premium,1,2057.0,0.1,Debit Card,3.0
ORD100890,2023-07-20,Lucknow,North,Books,Fiction,Regular,4,1285.0,0.0,Debit Card,
ORD100891,2023-10-22,Mumbai,West,Fashion,Sneakers,Regular,1,619.0,0.3,UPI,4.0
ORD100892,2023-10-12,Pune,West,Home & Kitchen,Table Lamp,Regular,1,4050.0,0.0,UPI,3.0
ORD100893,2022-11-08,Kolkata,East,Fashion,T-Shirt,Regular,1,5587.0,0.0,UPI,3.0
ORD100894,2023-06-01,Delhi,North,Books,Self-Help,Premium,5,741.0,0.0,Debit Card,4.0
ORD100895,2022-07-04,Hyderabad,South,Books,Biography,New,2,275.0,0.0,UPI,2.0
ORD100896,2022-09-22,Mumbai,West,Electronics,Headphones,New,1,56178.0,0.1,UPI,4.0
ORD100897,2023-11-08,Jaipur,North,Books,Fiction,Regular,2,1069.0,0.0,Debit Card,3.0
ORD100898,2022-01-12,Bengaluru,South,Home & Kitchen,Water Bottle,Premium,1,2003.0,0.1,Cash on Delivery,4.0
ORD100899,2022-03-19,Kolkata,East,Books,Textbook,Premium,4,1367.0,0.4,UPI,3.0
ORD100900,2022-07-07,Mumbai,West,Fashion,Sneakers,New,2,3136.0,0.15,Credit Card,4.0
ORD100901,2022-01-24,Delhi,North,Fashion,T-Shirt,Regular,2,3353.0,0.2,Wallet,4.0
ORD100902,2022-06-13,Lucknow,North,Grocery,Snacks Pack,Premium,1,1022.0,0.0,Wallet,2.0
ORD100903,2023-03-16,Pune,West,Electronics,Headphones,Regular,2,6376.0,0.0,UPI,4.0
ORD100904,2022-11-18,Lucknow,North,Books,Textbook,Premium,2,991.0,0.05,Cash on Delivery,4.0
ORD100905,2023-11-06,Delhi,North,Fashion,Sneakers,Regular,1,534.0,0.0,Credit Card,4.0
ORD100906,2023-10-06,Delhi,North,Fashion,T-Shirt,Premium,1,5856.0,0.3,Wallet,5.0
ORD100907,2022-10-16,Hyderabad,South,Fashion,T-Shirt,New,2,2854.0,0.0,Credit Card,4.0
ORD100908,2022-08-22,Hyderabad,South,Home & Kitchen,Table Lamp,Regular,1,2227.0,0.2,Cash on Delivery,5.0
ORD100909,2022-11-01,Delhi,North,Fashion,T-Shirt,Regular,1,3282.0,0.0,Cash on Delivery,3.0
ORD100910,2023-03-23,Pune,West,Electronics,Smartwatch,Regular,1,40231.0,0.15,Credit Card,4.0
ORD100911,2022-08-30,Bengaluru,South,Electronics,Smartwatch,Regular,2,48569.0,0.0,Cash on Delivery,3.0
ORD100912,2023-04-22,Delhi,North,Electronics,Laptop,Regular,1,14354.0,0.0,UPI,4.0
ORD100913,2022-11-13,Bengaluru,South,Grocery,Snacks Pack,Regular,1,994.0,0.1,UPI,4.0
ORD100914,2023-02-16,Chennai,South,Grocery,Snacks Pack,New,2,989.0,0.0,Credit Card,4.0
ORD100915,2022-11-24,Pune,West,Fashion,Kurta,Regular,1,4411.0,0.1,Wallet,5.0
ORD100916,2022-09-23,Hyderabad,South,Books,Biography,Premium,1,1124.0,0.05,Credit Card,3.0
ORD100917,2023-11-29,Hyderabad,South,Fashion,T-Shirt,New,1,3997.0,0.0,Debit Card,
ORD100918,2023-08-26,Mumbai,West,Home & Kitchen,Table Lamp,New,2,3798.0,0.3,Debit Card,3.0
ORD100919,2022-05-07,Jaipur,North,Books,Fiction,Premium,3,1056.0,0.0,UPI,5.0
ORD100920,2023-10-27,Jaipur,North,Grocery,Snacks Pack,Regular,4,807.0,0.1,UPI,4.0
ORD100921,2022-12-23,Kolkata,East,Fashion,Jeans,New,1,5080.0,0.05,Debit Card,5.0
ORD100922,2023-11-07,Mumbai,West,Books,Biography,Regular,5,612.0,0.05,Wallet,2.0
ORD100923,2023-09-28,Chennai,South,Electronics,Power Bank,New,2,16445.0,0.0,UPI,4.0
ORD100924,2022-11-20,Kolkata,East,Grocery,Snacks Pack,Premium,2,1185.0,0.0,UPI,4.0
ORD100925,2022-01-21,Lucknow,North,Electronics,Smartwatch,Premium,1,47497.0,0.05,UPI,
ORD100926,2022-08-31,Lucknow,North,Home & Kitchen,Mixer,Regular,1,11587.0,0.0,UPI,
ORD100927,2023-02-07,Ahmedabad,West,Home & Kitchen,Table Lamp,Premium,1,3423.0,0.0,UPI,3.0
ORD100928,2023-05-01,Mumbai,West,Home & Kitchen,Bedsheet,New,1,2318.0,0.1,Credit Card,5.0
ORD100929,2022-08-21,Lucknow,North,Electronics,Smartwatch,New,2,50348.0,0.1,UPI,4.0
ORD100930,2022-05-06,Chennai,South,Grocery,Snacks Pack,Regular,4,203.0,0.0,UPI,3.0
ORD100931,2023-10-14,Ahmedabad,West,Electronics,Laptop,New,2,60536.0,0.0,Cash on Delivery,3.0
ORD100932,2023-12-21,Bengaluru,South,Home & Kitchen,Mixer,Regular,2,7564.0,0.0,Wallet,
ORD100933,2023-01-24,Bengaluru,South,Electronics,Smartphone,Premium,1,46853.0,0.0,UPI,4.0
ORD100934,2022-06-04,Hyderabad,South,Fashion,Kurta,Premium,2,5334.0,0.0,Debit Card,3.0
ORD100935,2022-09-03,Mumbai,West,Home & Kitchen,Bedsheet,Regular,1,10625.0,0.0,UPI,3.0
ORD100936,2022-01-17,Bengaluru,South,Fashion,Sneakers,Regular,1,5642.0,0.4,Wallet,4.0
ORD100937,2023-11-15,Ahmedabad,West,Electronics,Smartphone,Premium,1,38568.0,0.1,Debit Card,4.0
ORD100938,2022-04-17,Mumbai,West,Electronics,Power Bank,Regular,1,56094.0,0.0,Cash on Delivery,4.0
ORD100939,2023-03-10,Mumbai,West,Fashion,Kurta,Regular,1,1882.0,0.0,UPI,4.0
ORD100940,2022-09-04,Mumbai,West,Books,Biography,Premium,1,1496.0,0.1,Credit Card,3.0
ORD100941,2023-02-18,Bengaluru,South,Grocery,Coffee,New,1,137.0,0.0,Credit Card,4.0
ORD100942,2023-05-17,Lucknow,North,Electronics,Smartwatch,Premium,1,64276.0,0.15,UPI,2.0
ORD100943,2023-10-11,Delhi,North,Fashion,Sneakers,Regular,1,3503.0,0.3,UPI,5.0
ORD100944,2022-07-06,Mumbai,West,Electronics,Smartwatch,Regular,2,39923.0,0.05,Credit Card,3.0
ORD100945,2022-01-10,Jaipur,North,Electronics,Smartphone,Premium,1,5574.0,0.0,Debit Card,5.0
ORD100946,2022-05-04,Jaipur,North,Home & Kitchen,Water Bottle,Premium,1,3570.0,0.15,UPI,4.0
ORD100947,2023-11-09,Mumbai,West,Home & Kitchen,Cookware Set,Premium,1,1147.0,0.3,Credit Card,4.0
ORD100948,2023-10-30,Pune,West,Electronics,Power Bank,New,2,14133.0,0.05,UPI,4.0
ORD100949,2023-03-29,Kolkata,East,Electronics,Laptop,Regular,1,13945.0,0.1,UPI,5.0
ORD100950,2023-04-01,Pune,West,Electronics,Power Bank,Regular,2,78885.0,0.0,Debit Card,5.0
ORD100951,2023-05-29,Hyderabad,South,Books,Textbook,New,2,700.0,0.0,UPI,4.0
ORD100952,2022-06-08,Lucknow,North,Grocery,Rice 5kg,Regular,2,106.0,0.1,Credit Card,4.0
ORD100953,2023-11-15,Mumbai,West,Electronics,Power Bank,Premium,2,74482.0,0.3,UPI,5.0
ORD100954,2022-11-17,Delhi,North,Electronics,Headphones,New,2,57480.0,0.1,Debit Card,3.0
ORD100955,2022-11-02,Bengaluru,South,Books,Self-Help,New,4,882.0,0.15,Credit Card,5.0
ORD100956,2023-01-18,Hyderabad,South,Grocery,Tea 500g,Premium,5,1156.0,0.0,Wallet,3.0
ORD100957,2022-02-12,Jaipur,North,Fashion,T-Shirt,Regular,1,4937.0,0.0,UPI,5.0
ORD100958,2022-05-30,Chennai,South,Electronics,Power Bank,New,1,73425.0,0.05,Debit Card,4.0
ORD100959,2023-08-03,Mumbai,West,Electronics,Headphones,Premium,2,58977.0,0.0,UPI,3.0
ORD100960,2022-03-16,Bengaluru,South,Home & Kitchen,Water Bottle,Regular,2,2218.0,0.1,Credit Card,5.0
ORD100961,2023-04-03,Bengaluru,South,Fashion,Jeans,Premium,1,4913.0,0.0,Credit Card,4.0
ORD100962,2022-08-10,Lucknow,North,Electronics,Headphones,Regular,1,38681.0,0.15,UPI,3.0
ORD100963,2022-11-05,Chennai,South,Home & Kitchen,Mixer,New,1,5504.0,0.15,Credit Card,4.0
ORD100964,2022-09-18,Kolkata,East,Electronics,Smartwatch,Regular,2,60106.0,0.0,UPI,4.0
ORD100965,2022-10-22,Pune,West,Books,Textbook,New,3,1394.0,0.0,UPI,3.0
ORD100966,2023-07-17,Pune,West,Fashion,Kurta,New,2,1286.0,0.1,UPI,
ORD100967,2022-09-25,Kolkata,East,Electronics,Smartphone,New,2,65782.0,0.4,Debit Card,5.0
ORD100968,2023-03-01,Delhi,North,Home & Kitchen,Water Bottle,Premium,2,6377.0,0.1,Cash on Delivery,3.0
ORD100969,2022-12-16,Jaipur,North,Fashion,Jeans,New,2,4591.0,0.0,UPI,5.0
ORD100970,2023-05-28,Pune,West,Grocery,Rice 5kg,Regular,1,1070.0,0.0,UPI,4.0
ORD100971,2023-11-24,Pune,West,Home & Kitchen,Cookware Set,Regular,1,2598.0,0.0,UPI,4.0
ORD100972,2023-07-29,Lucknow,North,Electronics,Power Bank,New,1,33148.0,0.0,UPI,4.0
ORD100973,2022-07-13,Ahmedabad,West,Home & Kitchen,Water Bottle,Regular,2,10440.0,0.15,Cash on Delivery,5.0
ORD100974,2022-01-29,Ahmedabad,West,Electronics,Smartphone,Regular,2,43643.0,0.2,Debit Card,5.0
ORD100975,2022-08-25,Lucknow,North,Grocery,Snacks Pack,Regular,2,213.0,0.0,UPI,4.0
ORD100976,2023-03-27,Mumbai,West,Fashion,Jacket,Regular,2,5204.0,0.0,UPI,4.0
ORD100977,2022-02-16,Hyderabad,South,Home & Kitchen,Table Lamp,Premium,2,4096.0,0.0,Cash on Delivery,4.0
ORD100978,2022-12-29,Chennai,South,Electronics,Laptop,Premium,2,20695.0,0.2,UPI,4.0
ORD100979,2023-03-29,Bengaluru,South,Fashion,Jeans,Regular,1,2310.0,0.05,UPI,3.0
ORD100980,2022-10-13,Ahmedabad,West,Books,Self-Help,New,1,740.0,0.1,Debit Card,4.0
ORD100981,2023-09-02,Pune,West,Books,Textbook,Regular,5,765.0,0.0,Credit Card,5.0
ORD100982,2022-04-07,Pune,West,Electronics,Smartwatch,Premium,2,70699.0,0.1,Credit Card,5.0
ORD100983,2022-03-09,Lucknow,North,Electronics,Smartwatch,Regular,1,25085.0,0.0,Cash on Delivery,4.0
ORD100984,2023-07-25,Delhi,North,Books,Self-Help,Premium,1,1301.0,0.0,UPI,4.0
ORD100985,2022-12-29,Pune,West,Grocery,Coffee,Regular,5,127.0,0.1,Debit Card,5.0
ORD100986,2023-06-19,Chennai,South,Electronics,Smartphone,Regular,2,33182.0,0.05,UPI,5.0
ORD100987,2022-11-24,Bengaluru,South,Fashion,Jacket,New,2,1628.0,0.0,Debit Card,4.0
ORD100988,2022-08-11,Delhi,North,Fashion,Kurta,Regular,2,3780.0,0.0,Cash on Delivery,1.0
ORD100989,2023-10-07,Jaipur,North,Books,Self-Help,New,1,1132.0,0.0,Credit Card,5.0
ORD100990,2023-09-27,Chennai,South,Electronics,Headphones,Premium,2,14311.0,0.0,Debit Card,5.0
ORD100991,2023-06-25,Ahmedabad,West,Electronics,Smartphone,Regular,1,20986.0,0.1,Cash on Delivery,1.0
ORD100992,2022-09-03,Chennai,South,Books,Fiction,Premium,4,201.0,0.2,UPI,4.0
ORD100993,2023-03-23,Delhi,North,Electronics,Power Bank,Regular,2,78949.0,0.0,Debit Card,4.0
ORD100994,2022-10-24,Bengaluru,South,Fashion,Jacket,Regular,2,2183.0,0.0,Wallet,4.0
ORD100995,2022-03-24,Bengaluru,South,Fashion,Jacket,New,1,999.0,0.0,Credit Card,5.0
ORD100996,2023-11-16,Lucknow,North,Fashion,Kurta,Regular,2,1787.0,0.05,UPI,4.0
ORD100997,2022-05-04,Mumbai,West,Fashion,Jeans,Premium,2,1839.0,0.0,UPI,5.0
ORD100998,2023-11-30,Lucknow,North,Fashion,Sneakers,Regular,2,1740.0,0.1,UPI,4.0
ORD100999,2022-11-28,Lucknow,North,Electronics,Smartphone,Premium,2,50362.0,0.0,UPI,4.0
ORD101000,2022-06-16,Lucknow,North,Home & Kitchen,Cookware Set,Regular,2,5349.0,0.05,Credit Card,5.0
ORD101001,2023-02-07,Hyderabad,South,Books,Biography,Regular,5,942.0,0.2,UPI,5.0
ORD101002,2023-10-29,Lucknow,North,Books,Textbook,New,4,1420.0,0.2,UPI,
ORD101003,2023-07-29,Bengaluru,South,Electronics,Power Bank,Regular,2,8418.0,0.3,Credit Card,4.0
ORD101004,2023-10-02,Mumbai,West,Electronics,Laptop,Premium,2,32348.0,0.15,Credit Card,2.0
ORD101005,2023-05-24,Delhi,North,Electronics,Laptop,Premium,1,45868.0,0.2,Credit Card,
ORD101006,2023-06-23,Lucknow,North,Fashion,Sneakers,Premium,2,5198.0,0.0,Debit Card,5.0
ORD101007,2023-10-19,Mumbai,West,Fashion,Sneakers,Premium,1,1432.0,0.0,UPI,
ORD101008,2022-08-14,Chennai,South,Home & Kitchen,Water Bottle,Regular,2,6860.0,0.0,UPI,3.0
ORD101009,2022-12-25,Mumbai,West,Electronics,Smartphone,Regular,1,34202.0,0.1,UPI,4.0
ORD101010,2022-07-19,Delhi,North,Electronics,Smartwatch,New,1,34837.0,0.3,Credit Card,3.0
ORD101011,2023-12-24,Mumbai,West,Fashion,Kurta,New,2,600.0,0.0,UPI,5.0
ORD101012,2023-11-27,Ahmedabad,West,Home & Kitchen,Table Lamp,Regular,2,2152.0,0.1,Debit Card,5.0
ORD101013,2022-02-05,Chennai,South,Electronics,Smartphone,Regular,1,18975.0,0.15,UPI,4.0
ORD101014,2023-07-05,Jaipur,North,Home & Kitchen,Mixer,Premium,2,5812.0,0.3,Wallet,3.0
ORD101015,2023-11-20,Kolkata,East,Electronics,Smartphone,New,1,46761.0,0.1,Credit Card,3.0
ORD101016,2022-06-12,Lucknow,North,Grocery,Cooking Oil,New,2,903.0,0.4,Credit Card,4.0
ORD101017,2023-03-03,Hyderabad,South,Grocery,Snacks Pack,New,5,611.0,0.0,Cash on Delivery,4.0
ORD101018,2023-11-16,Kolkata,East,Fashion,Jacket,Regular,2,3841.0,0.0,Debit Card,5.0
ORD101019,2022-01-31,Chennai,South,Electronics,Headphones,New,1,69715.0,0.05,Debit Card,4.0
ORD101020,2023-06-27,Hyderabad,South,Fashion,Jeans,New,1,1063.0,0.0,Wallet,4.0
ORD101021,2022-09-25,Ahmedabad,West,Electronics,Smartwatch,Regular,2,12114.0,0.0,Credit Card,1.0
ORD101022,2023-11-19,Kolkata,East,Home & Kitchen,Cookware Set,Regular,1,8466.0,0.1,Cash on Delivery,5.0
ORD101023,2023-12-13,Ahmedabad,West,Books,Comics,Regular,1,549.0,0.15,UPI,4.0
ORD101024,2023-11-27,Pune,West,Home & Kitchen,Bedsheet,Premium,1,1882.0,0.15,Cash on Delivery,5.0
ORD101025,2022-12-15,Delhi,North,Books,Textbook,Regular,1,704.0,0.0,UPI,5.0
ORD101026,2023-10-25,Kolkata,East,Fashion,Jacket,Regular,1,4104.0,0.05,UPI,4.0
ORD101027,2023-10-18,Delhi,North,Electronics,Headphones,Regular,1,18145.0,0.0,Debit Card,4.0
ORD101028,2022-10-07,Chennai,South,Books,Textbook,Regular,4,541.0,0.0,UPI,5.0
ORD101029,2023-10-11,Kolkata,East,Fashion,Jeans,Regular,1,452.0,0.05,UPI,1.0
ORD101030,2022-02-03,Lucknow,North,Home & Kitchen,Water Bottle,Premium,1,5007.0,0.0,UPI,4.0
ORD101031,2023-03-28,Mumbai,West,Electronics,Smartwatch,Regular,1,77932.0,0.0,Debit Card,
ORD101032,2022-07-27,Mumbai,West,Electronics,Laptop,New,2,36114.0,0.15,Cash on Delivery,5.0
ORD101033,2022-04-19,Mumbai,West,Grocery,Tea 500g,New,4,494.0,0.0,Debit Card,4.0
ORD101034,2022-03-11,Bengaluru,South,Electronics,Laptop,New,1,67619.0,0.3,Cash on Delivery,3.0
ORD101035,2023-06-26,Ahmedabad,West,Grocery,Snacks Pack,Premium,1,924.0,0.05,Credit Card,5.0
ORD101036,2022-10-16,Ahmedabad,West,Grocery,Snacks Pack,Regular,3,772.0,0.4,UPI,3.0
ORD101037,2023-07-22,Pune,West,Books,Biography,Regular,4,1033.0,0.0,UPI,4.0
ORD101038,2022-02-28,Jaipur,North,Home & Kitchen,Water Bottle,Regular,2,2924.0,0.05,Credit Card,3.0
ORD101039,2022-10-06,Bengaluru,South,Home & Kitchen,Mixer,New,2,824.0,0.0,UPI,3.0
ORD101040,2023-02-05,Mumbai,West,Books,Textbook,Regular,5,767.0,0.2,UPI,
ORD101041,2023-09-19,Mumbai,West,Fashion,T-Shirt,Premium,1,3270.0,0.0,Credit Card,5.0
ORD101042,2022-10-07,Ahmedabad,West,Fashion,Sneakers,Premium,2,986.0,0.0,Debit Card,5.0
ORD101043,2023-04-24,Pune,West,Home & Kitchen,Bedsheet,New,2,2758.0,0.2,UPI,
ORD101044,2023-11-04,Kolkata,East,Fashion,Sneakers,Premium,2,5692.0,0.0,Cash on Delivery,4.0
ORD101045,2023-04-15,Bengaluru,South,Fashion,Jacket,Premium,1,2641.0,0.0,Debit Card,1.0
ORD101046,2022-07-29,Bengaluru,South,Fashion,T-Shirt,Regular,2,3220.0,0.0,Debit Card,4.0
ORD101047,2022-01-22,Lucknow,North,Home & Kitchen,Bedsheet,Premium,1,5466.0,0.1,Wallet,4.0
ORD101048,2023-10-28,Mumbai,West,Books,Self-Help,Regular,2,1296.0,0.0,UPI,4.0
ORD101049,2022-01-20,Pune,West,Electronics,Power Bank,New,2,78666.0,0.0,Debit Card,2.0
ORD101050,2023-10-30,Delhi,North,Grocery,Tea 500g,Regular,1,383.0,0.0,Cash on Delivery,4.0
ORD101051,2023-01-27,Mumbai,West,Home & Kitchen,Water Bottle,Regular,2,5073.0,0.05,Credit Card,4.0
ORD101052,2023-11-25,Pune,West,Books,Fiction,New,4,449.0,0.15,Cash on Delivery,4.0
ORD101053,2023-09-27,Bengaluru,South,Home & Kitchen,Table Lamp,Regular,2,5900.0,0.0,UPI,3.0
ORD101054,2023-12-30,Pune,West,Books,Fiction,New,1,1489.0,0.0,Credit Card,4.0
ORD101055,2022-10-20,Pune,West,Electronics,Smartphone,New,2,65454.0,0.0,UPI,4.0
ORD101056,2023-08-29,Chennai,South,Books,Comics,New,3,814.0,0.0,Wallet,4.0
ORD101057,2022-11-10,Pune,West,Electronics,Headphones,Regular,2,54527.0,0.0,Cash on Delivery,
ORD101058,2022-12-19,Chennai,South,Grocery,Snacks Pack,Regular,3,691.0,0.0,Cash on Delivery,
ORD101059,2023-04-25,Delhi,North,Grocery,Rice 5kg,New,1,848.0,0.05,Debit Card,4.0
ORD101060,2023-10-29,Pune,West,Fashion,T-Shirt,New,2,1771.0,0.3,UPI,
ORD101061,2023-12-21,Chennai,South,Electronics,Power Bank,Regular,2,37401.0,0.0,UPI,
ORD101062,2023-08-30,Mumbai,West,Books,Biography,Regular,5,304.0,0.05,Cash on Delivery,4.0
ORD101063,2022-11-17,Jaipur,North,Electronics,Smartwatch,Regular,2,11322.0,0.05,UPI,4.0
ORD101064,2022-11-18,Chennai,South,Books,Comics,New,4,1462.0,0.05,UPI,
ORD101065,2023-08-03,Jaipur,North,Electronics,Smartwatch,Regular,1,27332.0,0.2,Credit Card,5.0
ORD101066,2022-08-04,Jaipur,North,Electronics,Smartphone,Regular,2,23071.0,0.0,Credit Card,3.0
ORD101067,2022-04-10,Hyderabad,South,Grocery,Rice 5kg,Premium,4,216.0,0.0,Debit Card,5.0
ORD101068,2022-10-22,Hyderabad,South,Home & Kitchen,Table Lamp,Regular,1,9339.0,0.1,Credit Card,3.0
ORD101069,2022-09-16,Bengaluru,South,Books,Fiction,New,5,278.0,0.0,Debit Card,4.0
ORD101070,2022-09-25,Hyderabad,South,Fashion,Kurta,Regular,2,4708.0,0.0,Cash on Delivery,3.0
ORD101071,2022-07-30,Jaipur,North,Home & Kitchen,Table Lamp,Regular,2,11736.0,0.0,UPI,4.0
ORD101072,2022-02-07,Pune,West,Home & Kitchen,Mixer,Regular,1,1726.0,0.0,UPI,1.0
ORD101073,2022-01-17,Mumbai,West,Home & Kitchen,Table Lamp,Regular,1,7148.0,0.05,Credit Card,5.0
ORD101074,2023-12-24,Chennai,South,Home & Kitchen,Cookware Set,Regular,1,7880.0,0.0,Wallet,4.0
ORD101075,2022-11-21,Lucknow,North,Home & Kitchen,Mixer,Regular,2,2218.0,0.0,UPI,3.0
ORD101076,2022-11-03,Chennai,South,Fashion,T-Shirt,Regular,2,5465.0,0.0,UPI,3.0
ORD101077,2023-06-11,Pune,West,Electronics,Power Bank,New,2,51121.0,0.0,Debit Card,4.0
ORD101078,2022-07-16,Pune,West,Books,Textbook,Regular,2,1408.0,0.4,UPI,
ORD101079,2023-11-30,Bengaluru,South,Electronics,Power Bank,New,1,29621.0,0.0,Wallet,3.0
ORD101080,2023-09-16,Bengaluru,South,Home & Kitchen,Bedsheet,Premium,2,1040.0,0.3,Cash on Delivery,3.0
ORD101081,2022-03-22,Pune,West,Electronics,Headphones,Regular,1,66637.0,0.05,Credit Card,4.0
ORD101082,2022-11-16,Hyderabad,South,Home & Kitchen,Cookware Set,Regular,1,10595.0,0.15,Debit Card,4.0
ORD101083,2023-11-01,Chennai,South,Books,Self-Help,Regular,2,202.0,0.0,UPI,4.0
ORD101084,2023-11-28,Pune,West,Electronics,Smartwatch,Regular,1,27250.0,0.0,Debit Card,4.0
ORD101085,2022-12-11,Pune,West,Electronics,Smartwatch,Regular,1,78607.0,0.2,Debit Card,4.0
ORD101086,2023-04-13,Delhi,North,Electronics,Power Bank,Regular,2,12896.0,0.2,UPI,4.0
ORD101087,2022-05-31,Mumbai,West,Home & Kitchen,Table Lamp,Premium,2,8353.0,0.0,UPI,5.0
ORD101088,2023-12-26,Delhi,North,Books,Biography,Premium,1,717.0,0.0,Wallet,2.0
ORD101089,2022-07-28,Hyderabad,South,Electronics,Laptop,Regular,2,21018.0,0.0,Credit Card,4.0
ORD101090,2023-11-27,Bengaluru,South,Books,Self-Help,Regular,3,500.0,0.2,Debit Card,5.0
ORD101091,2023-05-15,Chennai,South,Fashion,Sneakers,Premium,1,5473.0,0.0,UPI,5.0
ORD101092,2023-04-08,Mumbai,West,Fashion,Sneakers,Regular,1,5523.0,0.1,UPI,3.0
ORD101093,2023-01-12,Hyderabad,South,Grocery,Rice 5kg,New,3,1114.0,0.1,Cash on Delivery,
ORD101094,2022-07-27,Bengaluru,South,Fashion,Jacket,Premium,2,503.0,0.15,UPI,5.0
ORD101095,2022-06-09,Chennai,South,Fashion,Jacket,New,1,4371.0,0.05,Debit Card,4.0
ORD101096,2022-07-18,Bengaluru,South,Electronics,Power Bank,Regular,1,19248.0,0.0,UPI,4.0
ORD101097,2022-06-18,Delhi,North,Electronics,Headphones,New,1,37435.0,0.3,UPI,4.0
ORD101098,2023-09-09,,North,Electronics,Smartwatch,Premium,2,40176.0,0.05,Wallet,3.0
ORD101099,2022-10-20,Delhi,North,Electronics,Power Bank,Premium,1,63364.0,0.1,Credit Card,4.0
ORD101100,2022-02-22,Kolkata,East,Home & Kitchen,Bedsheet,Regular,1,3783.0,0.0,Wallet,4.0
ORD101101,2023-12-12,Jaipur,North,Fashion,Jacket,Regular,2,1167.0,0.1,Wallet,5.0
ORD101102,2023-11-03,Chennai,South,Home & Kitchen,Table Lamp,New,2,3506.0,0.0,Wallet,4.0
ORD101103,2023-11-21,Jaipur,North,Electronics,Laptop,Premium,1,46109.0,0.0,Cash on Delivery,4.0
ORD101104,2023-12-28,Mumbai,West,Fashion,Jeans,Regular,2,1930.0,0.1,UPI,4.0
ORD101105,2022-06-06,Hyderabad,South,Home & Kitchen,Bedsheet,Regular,1,5627.0,0.05,Wallet,5.0
ORD101106,2022-11-08,Hyderabad,South,Grocery,Rice 5kg,Regular,5,876.0,0.1,UPI,5.0
ORD101107,2023-08-21,Mumbai,West,Electronics,Smartphone,Premium,1,58461.0,0.0,UPI,4.0
ORD101108,2023-06-26,Hyderabad,South,Grocery,Cooking Oil,Premium,2,480.0,0.05,UPI,4.0
ORD101109,2022-05-19,Bengaluru,South,Home & Kitchen,Mixer,Regular,2,11094.0,0.0,UPI,4.0
ORD101110,2023-10-06,Kolkata,East,Home & Kitchen,Mixer,Regular,2,5034.0,0.05,Debit Card,5.0
ORD101111,2022-07-22,Lucknow,North,Fashion,Kurta,Regular,2,4637.0,0.0,UPI,3.0
ORD101112,2022-07-21,Mumbai,West,Electronics,Power Bank,Regular,2,10111.0,0.1,UPI,4.0
ORD101113,2023-02-03,Bengaluru,South,Electronics,Headphones,Regular,1,7349.0,0.15,Credit Card,4.0
ORD101114,2023-03-25,Hyderabad,South,Home & Kitchen,Water Bottle,Regular,2,10164.0,0.0,Credit Card,5.0
ORD101115,2023-03-14,Hyderabad,South,Fashion,Kurta,Regular,1,1639.0,0.0,Cash on Delivery,4.0
ORD101116,2022-03-24,Pune,West,Grocery,Cooking Oil,New,3,984.0,0.1,UPI,
ORD101117,2023-10-31,Hyderabad,South,Fashion,Jeans,Premium,1,4448.0,0.1,UPI,3.0
ORD101118,2022-08-28,Mumbai,West,Electronics,Laptop,New,2,41336.0,0.1,UPI,4.0
ORD101119,2022-04-27,Pune,West,Home & Kitchen,Bedsheet,Regular,1,4237.0,0.1,UPI,4.0
ORD101120,2023-11-05,Jaipur,North,Fashion,Jeans,New,1,2699.0,0.0,Credit Card,5.0
ORD101121,2023-12-03,Hyderabad,South,Fashion,Kurta,Premium,2,4573.0,0.0,Credit Card,5.0
ORD101122,2023-10-25,Chennai,South,Home & Kitchen,Cookware Set,Regular,1,9967.0,0.0,UPI,5.0
ORD101123,2023-10-03,Delhi,North,Grocery,Coffee,Regular,3,954.0,0.0,UPI,5.0
ORD101124,2023-05-20,Delhi,North,Books,Self-Help,Premium,4,627.0,0.1,UPI,5.0
ORD101125,2023-02-15,Delhi,North,Home & Kitchen,Cookware Set,New,2,4725.0,0.0,Wallet,
ORD101126,2022-03-20,Bengaluru,South,Home & Kitchen,Mixer,Regular,1,1579.0,0.3,UPI,4.0
ORD101127,2022-11-13,Jaipur,North,Grocery,Coffee,Regular,5,209.0,0.15,Cash on Delivery,5.0
ORD101128,2022-10-29,Hyderabad,South,Fashion,Jeans,Premium,1,1907.0,0.2,Debit Card,5.0
ORD101129,2022-08-23,Delhi,North,Electronics,Laptop,New,2,44078.0,0.2,UPI,4.0
ORD101130,2023-07-21,Delhi,North,Electronics,Smartphone,Premium,2,38184.0,0.0,Wallet,5.0
ORD101131,2022-12-29,Bengaluru,South,Electronics,Laptop,Regular,2,6155.0,0.2,Cash on Delivery,4.0
ORD101132,2022-03-15,Kolkata,East,Home & Kitchen,Bedsheet,Regular,1,5577.0,0.0,Debit Card,3.0
ORD101133,2022-07-18,Hyderabad,South,Home & Kitchen,Table Lamp,Regular,1,8578.0,0.0,UPI,4.0
ORD101134,2023-06-15,Bengaluru,South,Home & Kitchen,Bedsheet,New,1,5818.0,0.15,Credit Card,3.0
ORD101135,2022-03-10,Chennai,South,Electronics,Smartwatch,Premium,1,13676.0,0.0,UPI,4.0
ORD101136,2023-10-20,Delhi,North,Books,Fiction,Premium,5,302.0,0.4,UPI,5.0
ORD101137,2022-12-28,Mumbai,West,Fashion,T-Shirt,Regular,2,5777.0,0.1,Cash on Delivery,3.0
ORD101138,2022-12-19,Mumbai,West,Home & Kitchen,Water Bottle,New,1,7934.0,0.15,Cash on Delivery,2.0
ORD101139,2023-03-25,Delhi,North,Home & Kitchen,Water Bottle,Premium,1,4952.0,0.0,UPI,5.0
ORD101140,2023-10-09,Mumbai,West,Fashion,Kurta,New,2,4000.0,0.1,Cash on Delivery,4.0
ORD101141,2022-10-19,Bengaluru,South,Electronics,Smartwatch,Premium,2,69226.0,0.0,Debit Card,4.0
ORD101142,2023-06-10,Pune,West,Electronics,Smartwatch,New,1,22798.0,0.15,UPI,4.0
ORD101143,2023-03-01,Pune,West,Books,Self-Help,New,2,1416.0,0.0,Credit Card,3.0
ORD101144,2022-08-29,,South,Grocery,Rice 5kg,Regular,5,111.0,0.1,Credit Card,1.0
ORD101145,2023-11-01,Ahmedabad,West,Home & Kitchen,Mixer,New,2,9897.0,0.0,Cash on Delivery,5.0
ORD101146,2023-09-26,Delhi,North,Electronics,Smartwatch,Regular,1,46941.0,0.0,Cash on Delivery,3.0
ORD101147,2023-05-23,Jaipur,North,Fashion,Jeans,Premium,2,1127.0,0.0,UPI,4.0
ORD101148,2023-10-20,Bengaluru,South,Books,Fiction,New,2,1139.0,0.0,Credit Card,
ORD101149,2023-10-27,Bengaluru,South,Books,Biography,Regular,4,597.0,0.1,Cash on Delivery,5.0
ORD101150,2023-07-07,Bengaluru,South,Electronics,Smartphone,Premium,1,22247.0,0.0,Cash on Delivery,3.0
ORD101151,2023-10-14,Mumbai,West,Electronics,Laptop,Premium,1,59242.0,0.0,UPI,4.0
ORD101152,2023-06-27,Lucknow,North,Home & Kitchen,Cookware Set,Premium,1,4626.0,0.05,Credit Card,5.0
ORD101153,2023-06-12,Mumbai,West,Fashion,Jacket,New,2,5728.0,0.0,Cash on Delivery,5.0
ORD101154,2023-04-17,Bengaluru,South,Electronics,Headphones,Premium,2,13922.0,0.0,UPI,5.0
ORD101155,2023-08-16,Bengaluru,South,Electronics,Smartphone,New,2,59888.0,0.15,Credit Card,4.0
ORD101156,2022-05-23,Mumbai,West,Home & Kitchen,Mixer,Regular,1,8292.0,0.0,Cash on Delivery,3.0
ORD101157,2023-11-01,Mumbai,West,Books,Self-Help,Regular,1,1433.0,0.0,UPI,4.0
ORD101158,2023-10-29,Mumbai,West,Grocery,Cooking Oil,Regular,5,353.0,0.0,Cash on Delivery,5.0
ORD101159,2022-01-27,Delhi,North,Home & Kitchen,Table Lamp,Premium,1,5487.0,0.0,UPI,5.0
ORD101160,2023-10-10,Jaipur,North,Fashion,Jacket,Regular,2,5866.0,0.05,UPI,2.0
ORD101161,2022-04-27,Bengaluru,South,Electronics,Headphones,Premium,1,27654.0,0.0,UPI,2.0
ORD101162,2022-10-14,Mumbai,West,Home & Kitchen,Bedsheet,Regular,2,1272.0,0.15,UPI,
ORD101163,2023-08-08,Kolkata,East,Fashion,Jacket,Premium,1,4590.0,0.0,UPI,3.0
ORD101164,2022-05-25,Lucknow,North,Home & Kitchen,Mixer,Regular,1,3197.0,0.0,Debit Card,4.0
ORD101165,2023-10-07,Delhi,North,Fashion,Jeans,Premium,2,5934.0,0.0,UPI,5.0
ORD101166,2023-10-12,Delhi,North,Electronics,Smartphone,Premium,1,6651.0,0.1,Wallet,4.0
ORD101167,2023-01-07,Lucknow,North,Electronics,Smartwatch,New,2,73120.0,0.3,Credit Card,3.0
ORD101168,2022-01-06,Delhi,North,Fashion,Jeans,Premium,2,1512.0,0.05,Credit Card,4.0
ORD101169,2022-09-16,Hyderabad,South,Electronics,Laptop,Premium,2,18205.0,0.4,Credit Card,4.0
ORD101170,2023-04-16,Delhi,North,Electronics,Laptop,New,2,62322.0,0.0,Debit Card,4.0
ORD101171,2023-12-19,Lucknow,North,Grocery,Cooking Oil,Premium,2,436.0,0.0,Credit Card,5.0
ORD101172,2023-04-29,Lucknow,North,Fashion,Sneakers,Regular,1,501.0,0.0,UPI,4.0
ORD101173,2022-08-23,Ahmedabad,West,Fashion,Kurta,New,1,1971.0,0.0,Cash on Delivery,5.0
ORD101174,2023-05-01,Bengaluru,South,Books,Fiction,Premium,3,477.0,0.0,Credit Card,3.0
ORD101175,2023-02-06,Bengaluru,South,Grocery,Rice 5kg,Regular,1,973.0,0.0,UPI,4.0
ORD101176,2023-09-10,Delhi,North,Home & Kitchen,Table Lamp,Premium,1,8246.0,0.0,Credit Card,5.0
ORD101177,2022-04-07,Jaipur,North,Books,Fiction,New,2,189.0,0.0,Debit Card,3.0
ORD101178,2023-08-24,Jaipur,North,Fashion,Jacket,New,2,1869.0,0.0,UPI,4.0
ORD101179,2023-02-07,Bengaluru,South,Fashion,T-Shirt,New,2,5257.0,0.0,Cash on Delivery,3.0
ORD101180,2023-12-08,Kolkata,East,Fashion,Sneakers,Regular,2,3313.0,0.2,Debit Card,3.0
ORD101181,2022-10-16,Delhi,North,Home & Kitchen,Water Bottle,Regular,1,7420.0,0.0,Debit Card,4.0
ORD101182,2023-04-30,Bengaluru,South,Home & Kitchen,Table Lamp,Regular,2,5861.0,0.1,Credit Card,5.0
ORD101183,2023-11-22,Kolkata,East,Fashion,Kurta,Regular,1,4216.0,0.05,Wallet,3.0
ORD101184,2022-04-03,Bengaluru,South,Electronics,Power Bank,New,2,26914.0,0.0,UPI,5.0
ORD101185,2023-11-25,Bengaluru,South,Home & Kitchen,Table Lamp,Regular,1,11577.0,0.0,Credit Card,3.0
ORD101186,2023-06-19,Mumbai,West,Electronics,Headphones,Premium,2,25167.0,0.0,UPI,3.0
ORD101187,2022-03-03,Ahmedabad,West,Home & Kitchen,Cookware Set,Premium,1,5161.0,0.05,Debit Card,3.0
ORD101188,2022-09-29,Jaipur,North,Home & Kitchen,Table Lamp,Premium,1,7845.0,0.0,UPI,3.0
ORD101189,2023-07-07,Lucknow,North,Home & Kitchen,Mixer,Regular,1,8592.0,0.0,UPI,3.0
ORD101190,2022-03-02,Pune,West,Books,Self-Help,Regular,4,1393.0,0.0,Cash on Delivery,5.0
ORD101191,2023-03-16,Chennai,South,Books,Fiction,Regular,2,476.0,0.2,Credit Card,4.0
ORD101192,2022-10-18,Delhi,North,Fashion,Jeans,Regular,1,5013.0,0.0,UPI,4.0
ORD101193,2023-04-19,Lucknow,North,Books,Self-Help,New,1,1423.0,0.1,Debit Card,
ORD101194,2022-02-11,Chennai,South,Home & Kitchen,Bedsheet,New,1,2421.0,0.0,Debit Card,4.0
ORD101195,2023-10-29,Kolkata,East,Electronics,Laptop,Regular,1,69985.0,0.2,UPI,3.0
ORD101196,2023-12-14,Kolkata,East,Electronics,Headphones,New,2,55198.0,0.05,UPI,4.0
ORD101197,2023-12-11,Ahmedabad,West,Fashion,Sneakers,Regular,1,5792.0,0.0,Wallet,4.0
ORD101198,2023-08-13,Mumbai,West,Fashion,Jeans,Premium,2,3152.0,0.3,Credit Card,4.0
ORD101199,2022-04-28,Delhi,North,Home & Kitchen,Mixer,Regular,1,5927.0,0.1,UPI,4.0
ORD101200,2023-08-21,Kolkata,East,Books,Self-Help,Premium,3,296.0,0.0,Cash on Delivery,4.0
ORD101201,2022-01-23,Jaipur,North,Electronics,Power Bank,Regular,1,17999.0,0.0,Credit Card,5.0
ORD101202,2022-01-20,Kolkata,East,Electronics,Smartwatch,Regular,1,53117.0,0.15,UPI,5.0
ORD101203,2022-10-09,Bengaluru,South,Grocery,Cooking Oil,Regular,1,635.0,0.15,UPI,5.0
ORD101204,2022-12-24,Bengaluru,South,Electronics,Smartwatch,Regular,2,73049.0,0.05,UPI,3.0
ORD101205,2023-09-01,Pune,West,Fashion,T-Shirt,Premium,1,1722.0,0.05,Cash on Delivery,3.0
ORD101206,2023-06-15,Pune,West,Home & Kitchen,Bedsheet,Regular,1,1869.0,0.1,UPI,4.0
ORD101207,2022-11-28,Chennai,South,Home & Kitchen,Mixer,Premium,2,10459.0,0.0,UPI,3.0
ORD101208,2022-09-04,Delhi,North,Electronics,Smartphone,Premium,2,3140.0,0.1,Cash on Delivery,3.0
ORD101209,2023-12-30,Jaipur,North,Electronics,Power Bank,Premium,2,79677.0,0.0,UPI,4.0
ORD101210,2022-11-20,Chennai,South,Electronics,Smartwatch,Premium,1,14494.0,0.3,Debit Card,4.0
ORD101211,2022-11-30,Ahmedabad,West,Home & Kitchen,Mixer,Regular,1,11253.0,0.15,UPI,5.0
ORD101212,2022-05-28,Delhi,North,Home & Kitchen,Cookware Set,Premium,1,4165.0,0.1,Debit Card,4.0
ORD101213,2023-09-23,Bengaluru,South,Electronics,Smartwatch,New,2,13409.0,0.0,UPI,
ORD101214,2023-06-24,Jaipur,North,Home & Kitchen,Cookware Set,Premium,2,4220.0,0.0,UPI,5.0
ORD101215,2022-07-18,Mumbai,West,Books,Textbook,Premium,1,660.0,0.0,Credit Card,2.0
ORD101216,2022-03-16,Hyderabad,South,Electronics,Power Bank,Premium,1,25298.0,0.1,Debit Card,4.0
ORD101217,2023-06-12,Hyderabad,South,Fashion,Sneakers,Regular,2,4228.0,0.1,Debit Card,4.0
ORD101218,2023-05-20,Pune,West,Home & Kitchen,Bedsheet,Premium,2,5067.0,0.0,Debit Card,5.0
ORD101219,2022-09-04,Delhi,North,Electronics,Laptop,New,2,11541.0,0.05,Credit Card,4.0
ORD101220,2023-11-30,Delhi,North,Fashion,Jeans,Regular,1,4119.0,0.15,Credit Card,4.0
ORD101221,2022-05-17,Jaipur,North,Home & Kitchen,Mixer,New,2,1786.0,0.0,Debit Card,4.0
ORD101222,2022-11-23,Chennai,South,Grocery,Rice 5kg,Regular,1,436.0,0.0,Debit Card,4.0
ORD101223,2023-11-27,Mumbai,West,Books,Textbook,Regular,2,1245.0,0.15,Debit Card,
ORD101224,2022-11-17,Delhi,North,Home & Kitchen,Table Lamp,New,2,10808.0,0.05,Credit Card,4.0
ORD101225,2023-05-05,,North,Books,Comics,New,3,662.0,0.1,UPI,2.0
ORD101226,2022-11-08,Delhi,North,Fashion,Kurta,New,2,994.0,0.05,UPI,3.0
ORD101227,2022-09-05,Chennai,South,Home & Kitchen,Bedsheet,New,1,3966.0,0.4,UPI,5.0
ORD101228,2023-12-21,Bengaluru,South,Fashion,Kurta,Regular,1,4469.0,0.0,Wallet,4.0
ORD101229,2022-11-13,Jaipur,North,Electronics,Power Bank,Premium,2,70088.0,0.0,Cash on Delivery,5.0
ORD101230,2023-11-07,Pune,West,Home & Kitchen,Cookware Set,Regular,2,1442.0,0.0,Credit Card,5.0
ORD101231,2022-07-27,Chennai,South,Home & Kitchen,Bedsheet,Regular,1,4300.0,0.0,UPI,5.0
ORD101232,2022-07-12,Mumbai,West,Fashion,Jeans,Regular,2,3487.0,0.0,UPI,4.0
ORD101233,2022-01-29,Jaipur,North,Grocery,Cooking Oil,Premium,1,1173.0,0.0,Cash on Delivery,3.0
ORD101234,2023-05-17,Hyderabad,South,Electronics,Headphones,Regular,2,43436.0,0.3,Cash on Delivery,3.0
ORD101235,2022-10-27,Lucknow,North,Fashion,Jacket,New,1,3350.0,0.3,UPI,4.0
ORD101236,2023-10-26,Hyderabad,South,Electronics,Power Bank,Premium,1,48463.0,0.0,Cash on Delivery,4.0
ORD101237,2022-12-14,Kolkata,East,Books,Biography,Regular,1,1099.0,0.1,Credit Card,4.0
ORD101238,2023-12-11,Mumbai,West,Home & Kitchen,Table Lamp,Premium,2,1491.0,0.05,UPI,4.0
ORD101239,2022-06-17,Pune,West,Fashion,Jeans,Regular,1,430.0,0.15,Debit Card,5.0
ORD101240,2023-10-27,Bengaluru,South,Home & Kitchen,Cookware Set,Regular,1,8225.0,0.1,Debit Card,2.0
ORD101241,2023-09-07,Bengaluru,South,Fashion,Jeans,New,2,2706.0,0.0,Cash on Delivery,2.0
ORD101242,2023-09-02,Mumbai,West,Books,Biography,Regular,2,636.0,0.15,UPI,5.0
ORD101243,2023-10-18,Mumbai,West,Fashion,Jacket,New,1,3709.0,0.15,UPI,3.0
ORD101244,2023-08-24,Delhi,North,Fashion,Sneakers,Premium,1,4868.0,0.05,UPI,5.0
ORD101245,2023-04-24,Bengaluru,South,Grocery,Tea 500g,Premium,3,983.0,0.2,UPI,4.0
ORD101246,2022-04-29,Jaipur,North,Electronics,Laptop,Premium,1,18726.0,0.2,Credit Card,
ORD101247,2022-01-30,Bengaluru,South,Electronics,Smartwatch,Regular,2,34789.0,0.05,UPI,5.0
ORD101248,2023-11-18,Pune,West,Home & Kitchen,Cookware Set,Regular,2,1510.0,0.05,Credit Card,4.0
ORD101249,2023-04-16,Mumbai,West,Grocery,Rice 5kg,Regular,3,1179.0,0.4,UPI,5.0
ORD101250,2023-09-25,Chennai,South,Fashion,T-Shirt,Regular,1,2235.0,0.0,Debit Card,3.0
ORD101251,2022-12-20,Hyderabad,South,Electronics,Power Bank,Regular,2,9591.0,0.0,Debit Card,4.0
ORD101252,2022-04-16,Lucknow,North,Fashion,Sneakers,New,1,4647.0,0.0,Debit Card,5.0
ORD101253,2022-04-23,Ahmedabad,West,Fashion,Kurta,Regular,1,2191.0,0.2,UPI,5.0
ORD101254,2023-06-17,Hyderabad,South,Electronics,Laptop,Premium,2,53598.0,0.15,UPI,4.0
ORD101255,2022-11-22,Pune,West,Home & Kitchen,Water Bottle,Regular,2,5917.0,0.0,UPI,3.0
ORD101256,2022-06-30,Delhi,North,Grocery,Rice 5kg,Regular,4,866.0,0.4,UPI,5.0
ORD101257,2022-12-26,Chennai,South,Fashion,Jeans,Regular,2,1005.0,0.1,UPI,4.0
ORD101258,2022-02-27,Mumbai,West,Fashion,Jacket,Premium,1,3698.0,0.2,UPI,5.0
ORD101259,2023-03-15,Bengaluru,South,Fashion,T-Shirt,Regular,1,4036.0,0.0,Debit Card,5.0
ORD101260,2022-08-31,Delhi,North,Electronics,Laptop,Regular,2,42250.0,0.05,Wallet,4.0
ORD101261,2023-09-26,Pune,West,Grocery,Rice 5kg,Premium,3,538.0,0.1,UPI,2.0
ORD101262,2022-10-04,Hyderabad,South,Fashion,T-Shirt,Premium,2,1404.0,0.05,Cash on Delivery,4.0
ORD101263,2022-12-03,Pune,West,Fashion,T-Shirt,Regular,1,541.0,0.1,UPI,5.0
ORD101264,2022-01-11,Hyderabad,South,Home & Kitchen,Bedsheet,Premium,1,4154.0,0.15,Debit Card,5.0
ORD101265,2022-03-07,,West,Fashion,Jeans,Premium,1,4862.0,0.0,Debit Card,4.0
ORD101266,2022-11-06,Pune,West,Home & Kitchen,Table Lamp,Premium,2,5463.0,0.2,Wallet,4.0
ORD101267,2022-12-19,Ahmedabad,West,Electronics,Laptop,Regular,1,54765.0,0.0,UPI,5.0
ORD101268,2023-04-01,Jaipur,North,Books,Comics,Regular,1,839.0,0.0,UPI,4.0
ORD101269,2022-09-20,Chennai,South,Grocery,Cooking Oil,Regular,5,581.0,0.0,UPI,5.0
ORD101270,2023-06-25,,West,Home & Kitchen,Water Bottle,New,1,1130.0,0.0,UPI,4.0
ORD101271,2023-10-24,Pune,West,Grocery,Coffee,Regular,5,673.0,0.0,Wallet,5.0
ORD101272,2023-09-10,Mumbai,West,Electronics,Smartwatch,New,1,67791.0,0.15,Cash on Delivery,5.0
ORD101273,2022-02-05,Delhi,North,Fashion,Sneakers,Regular,2,5754.0,0.1,Debit Card,4.0
ORD101274,2022-12-19,Mumbai,West,Home & Kitchen,Cookware Set,Regular,2,2731.0,0.0,Credit Card,5.0
ORD101275,2022-04-05,Bengaluru,South,Home & Kitchen,Table Lamp,Regular,1,9523.0,0.1,Cash on Delivery,4.0
ORD101276,2022-08-07,Hyderabad,South,Fashion,T-Shirt,Regular,1,3277.0,0.0,Credit Card,3.0
ORD101277,2023-12-23,Lucknow,North,Fashion,Jacket,New,2,626.0,0.0,UPI,2.0
ORD101278,2022-05-09,Bengaluru,South,Electronics,Smartwatch,New,2,61848.0,0.1,Cash on Delivery,5.0
ORD101279,2022-12-31,Pune,West,Fashion,Sneakers,Premium,2,2291.0,0.1,UPI,5.0
ORD101280,2023-04-17,Kolkata,East,Electronics,Headphones,Premium,1,42157.0,0.15,UPI,5.0
ORD101281,2023-07-02,Delhi,North,Books,Textbook,Premium,3,1481.0,0.0,UPI,5.0
ORD101282,2023-02-23,Mumbai,West,Electronics,Laptop,New,2,5246.0,0.1,Debit Card,3.0
ORD101283,2022-01-09,Chennai,South,Electronics,Laptop,Regular,2,75825.0,0.1,Debit Card,3.0
ORD101284,2022-10-10,Pune,West,Home & Kitchen,Water Bottle,Premium,2,3794.0,0.3,UPI,4.0
ORD101285,2023-01-16,Lucknow,North,Home & Kitchen,Mixer,Premium,1,9037.0,0.0,Debit Card,5.0
ORD101286,2022-03-21,Bengaluru,South,Books,Comics,New,2,230.0,0.05,Cash on Delivery,
ORD101287,2022-10-20,Jaipur,North,Home & Kitchen,Water Bottle,New,2,1832.0,0.05,Wallet,4.0
ORD101288,2022-01-30,Bengaluru,South,Fashion,T-Shirt,New,1,2871.0,0.4,Credit Card,5.0
ORD101289,2022-03-12,Kolkata,East,Books,Biography,Premium,4,1264.0,0.0,Cash on Delivery,4.0
ORD101290,2022-11-08,Chennai,South,Home & Kitchen,Water Bottle,Regular,1,6836.0,0.05,Cash on Delivery,2.0
ORD101291,2022-04-30,Mumbai,West,Electronics,Power Bank,Regular,2,64837.0,0.0,UPI,4.0
ORD101292,2023-03-02,Mumbai,West,Home & Kitchen,Table Lamp,Premium,1,6926.0,0.05,UPI,5.0
ORD101293,2023-06-20,Mumbai,West,Grocery,Coffee,Premium,4,609.0,0.0,Credit Card,4.0
ORD101294,2023-09-28,Bengaluru,South,Fashion,Sneakers,Regular,1,2278.0,0.0,UPI,5.0
ORD101295,2022-06-30,Pune,West,Fashion,Jacket,Regular,1,4796.0,0.05,UPI,4.0
ORD101296,2022-05-31,Delhi,North,Electronics,Headphones,Regular,1,15599.0,0.0,Credit Card,2.0
ORD101297,2022-04-05,Chennai,South,Electronics,Power Bank,New,1,16844.0,0.0,UPI,3.0
ORD101298,2023-05-03,Delhi,North,Fashion,Jeans,Regular,1,5821.0,0.0,UPI,5.0
ORD101299,2023-07-06,Ahmedabad,West,Home & Kitchen,Water Bottle,Premium,2,10502.0,0.0,Credit Card,4.0
ORD101300,2022-01-29,Ahmedabad,West,Electronics,Laptop,Regular,2,52790.0,0.3,Debit Card,5.0
ORD101301,2023-11-24,Pune,West,Grocery,Snacks Pack,Regular,1,1018.0,0.05,Cash on Delivery,4.0
ORD101302,2022-02-16,Hyderabad,South,Books,Textbook,New,4,890.0,0.15,Credit Card,4.0
ORD101303,2023-02-07,Delhi,North,Home & Kitchen,Water Bottle,Regular,1,10051.0,0.0,Credit Card,5.0
ORD101304,2023-07-08,Ahmedabad,West,Books,Self-Help,Regular,2,531.0,0.2,UPI,4.0
ORD101305,2023-10-28,Delhi,North,Electronics,Power Bank,Regular,2,39226.0,0.0,UPI,5.0
ORD101306,2023-07-12,Delhi,North,Fashion,Sneakers,Regular,2,1288.0,0.05,UPI,3.0
ORD101307,2023-09-29,Delhi,North,Home & Kitchen,Mixer,Premium,2,4533.0,0.0,Cash on Delivery,5.0
ORD101308,2022-10-15,Kolkata,East,Books,Biography,Regular,4,848.0,0.1,Credit Card,5.0
ORD101309,2023-10-05,Kolkata,East,Books,Textbook,Premium,5,1029.0,0.05,Cash on Delivery,5.0
ORD101310,2022-03-14,Kolkata,East,Electronics,Smartphone,Regular,2,63820.0,0.0,Debit Card,3.0
ORD101311,2023-11-07,Bengaluru,South,Grocery,Snacks Pack,New,3,272.0,0.0,UPI,5.0
ORD101312,2023-02-12,Mumbai,West,Electronics,Smartwatch,New,2,56072.0,0.05,Credit Card,4.0
ORD101313,2023-10-06,Jaipur,North,Books,Fiction,New,4,1154.0,0.0,Credit Card,4.0
ORD101314,2022-12-01,Hyderabad,South,Grocery,Snacks Pack,New,1,616.0,0.0,Credit Card,3.0
ORD101315,2023-05-10,Bengaluru,South,Electronics,Laptop,Regular,2,16149.0,0.0,Credit Card,3.0
ORD101316,2023-01-24,Chennai,South,Books,Self-Help,Regular,3,825.0,0.05,Wallet,5.0
ORD101317,2023-07-28,Delhi,North,Electronics,Headphones,Premium,1,42649.0,0.15,Cash on Delivery,5.0
ORD101318,2022-03-15,Mumbai,West,Fashion,Jacket,Regular,1,3688.0,0.0,Wallet,4.0
ORD101319,2022-02-24,Bengaluru,South,Fashion,Kurta,Regular,2,5046.0,0.0,UPI,5.0
ORD101320,2022-08-11,Delhi,North,Home & Kitchen,Water Bottle,Regular,2,8149.0,0.15,UPI,3.0
ORD101321,2022-05-24,Delhi,North,Grocery,Tea 500g,Regular,3,467.0,0.1,UPI,5.0
ORD101322,2023-10-29,Jaipur,North,Home & Kitchen,Mixer,Premium,2,5803.0,0.0,UPI,5.0
ORD101323,2022-07-17,Chennai,South,Fashion,Jacket,Regular,1,902.0,0.2,Credit Card,5.0
ORD101324,2023-12-16,Hyderabad,South,Books,Self-Help,Regular,3,1157.0,0.0,Debit Card,4.0
ORD101325,2022-10-14,Kolkata,East,Grocery,Snacks Pack,Premium,4,967.0,0.0,Credit Card,5.0
ORD101326,2022-06-14,Lucknow,North,Electronics,Headphones,Regular,2,47480.0,0.4,Wallet,4.0
ORD101327,2023-09-19,Mumbai,West,Grocery,Snacks Pack,New,4,403.0,0.3,Wallet,5.0
ORD101328,2023-05-24,Ahmedabad,West,Electronics,Power Bank,Regular,2,41426.0,0.0,UPI,4.0
ORD101329,2022-12-30,Chennai,South,Books,Textbook,Premium,3,1297.0,0.0,Cash on Delivery,5.0
ORD101330,2023-02-19,Mumbai,West,Fashion,Jacket,Regular,1,3415.0,0.0,Credit Card,2.0
ORD101331,2023-07-17,Delhi,North,Electronics,Power Bank,Regular,1,19115.0,0.0,Credit Card,4.0
ORD101332,2022-07-25,Hyderabad,South,Fashion,Jacket,Regular,1,1752.0,0.0,Cash on Delivery,4.0
ORD101333,2023-12-29,Kolkata,East,Home & Kitchen,Water Bottle,Regular,1,4746.0,0.0,UPI,5.0
ORD101334,2023-12-15,Delhi,North,Fashion,T-Shirt,New,1,2327.0,0.3,Cash on Delivery,5.0
ORD101335,2023-05-16,Chennai,South,Electronics,Smartwatch,Premium,1,29971.0,0.2,Debit Card,5.0
ORD101336,2022-06-29,Kolkata,East,Home & Kitchen,Bedsheet,Regular,1,1862.0,0.05,Cash on Delivery,5.0
ORD101337,2023-06-12,Hyderabad,South,Grocery,Tea 500g,Regular,1,1076.0,0.05,Wallet,3.0
ORD101338,2022-03-07,Jaipur,North,Fashion,Sneakers,Regular,2,4660.0,0.0,Credit Card,5.0
ORD101339,2022-01-28,Jaipur,North,Electronics,Headphones,Regular,1,32127.0,0.0,UPI,3.0
ORD101340,2022-08-21,Hyderabad,South,Fashion,Kurta,Regular,2,1820.0,0.0,UPI,5.0
ORD101341,2022-12-07,Lucknow,North,Electronics,Laptop,New,1,3888.0,0.15,UPI,5.0
ORD101342,2023-10-27,Mumbai,West,Books,Self-Help,Regular,4,1207.0,0.0,UPI,3.0
ORD101343,2023-07-24,Mumbai,West,Books,Self-Help,Premium,4,1092.0,0.2,Cash on Delivery,5.0
ORD101344,2023-08-07,Bengaluru,South,Home & Kitchen,Table Lamp,Premium,2,3911.0,0.1,UPI,5.0
ORD101345,2022-11-20,Chennai,South,Fashion,T-Shirt,New,2,570.0,0.0,Wallet,4.0
ORD101346,2022-10-18,Kolkata,East,Books,Self-Help,Regular,3,212.0,0.0,Debit Card,4.0
ORD101347,2022-10-28,Hyderabad,South,Home & Kitchen,Mixer,Premium,2,10390.0,0.1,UPI,4.0
ORD101348,2023-12-24,Mumbai,West,Books,Comics,New,1,483.0,0.2,Credit Card,
ORD101349,2022-02-06,Delhi,North,Home & Kitchen,Bedsheet,Regular,1,4206.0,0.1,Credit Card,3.0
ORD101350,2023-10-27,Ahmedabad,West,Books,Self-Help,Regular,5,1053.0,0.0,Credit Card,4.0
ORD101351,2023-03-12,Jaipur,North,Home & Kitchen,Bedsheet,New,1,2720.0,0.05,Credit Card,3.0
ORD101352,2022-11-25,,East,Fashion,T-Shirt,Premium,1,3440.0,0.0,UPI,3.0
ORD101353,2023-07-23,Kolkata,East,Grocery,Cooking Oil,Regular,4,298.0,0.4,Debit Card,5.0
ORD101354,2022-12-23,Chennai,South,Home & Kitchen,Mixer,Premium,2,6911.0,0.15,Credit Card,4.0
ORD101355,2023-10-29,Delhi,North,Home & Kitchen,Mixer,Regular,1,9492.0,0.05,Cash on Delivery,
ORD101356,2023-11-10,Bengaluru,South,Electronics,Smartphone,Regular,2,56501.0,0.0,Cash on Delivery,4.0
ORD101357,2022-11-18,Kolkata,East,Home & Kitchen,Table Lamp,Regular,2,11356.0,0.05,UPI,4.0
ORD101358,2022-09-07,Chennai,South,Home & Kitchen,Mixer,Regular,2,2615.0,0.0,UPI,2.0
ORD101359,2023-03-25,Mumbai,West,Electronics,Smartphone,Premium,2,18691.0,0.0,Debit Card,
ORD101360,2023-11-14,Lucknow,North,Electronics,Power Bank,Premium,2,77088.0,0.0,Wallet,3.0
ORD101361,2022-07-09,Ahmedabad,West,Home & Kitchen,Mixer,New,2,6532.0,0.3,Credit Card,4.0
ORD101362,2023-04-21,Delhi,North,Books,Self-Help,Regular,4,1437.0,0.1,UPI,4.0
ORD101363,2023-04-29,Chennai,South,Fashion,Jacket,New,2,2846.0,0.0,UPI,4.0
ORD101364,2023-07-30,Jaipur,North,Electronics,Headphones,Regular,2,50074.0,0.2,UPI,5.0
ORD101365,2022-04-29,Mumbai,West,Home & Kitchen,Bedsheet,Regular,1,479.0,0.0,UPI,5.0
ORD101366,2023-07-14,Hyderabad,South,Electronics,Smartphone,New,1,4736.0,0.0,Credit Card,3.0
ORD101367,2023-11-13,Hyderabad,South,Fashion,Kurta,Regular,1,693.0,0.0,Debit Card,4.0
ORD101368,2022-06-11,Bengaluru,South,Electronics,Headphones,Regular,1,57278.0,0.05,UPI,5.0
ORD101369,2022-08-03,Ahmedabad,West,Electronics,Laptop,Regular,1,43238.0,0.05,UPI,4.0
ORD101370,2023-12-13,Bengaluru,South,Electronics,Laptop,Regular,1,53332.0,0.0,UPI,3.0
ORD101371,2022-06-13,Mumbai,West,Fashion,Jacket,Premium,1,417.0,0.1,Cash on Delivery,4.0
ORD101372,2023-10-22,Mumbai,West,Electronics,Power Bank,New,2,11502.0,0.0,Credit Card,3.0
ORD101373,2022-12-27,Mumbai,West,Fashion,Kurta,Premium,1,4435.0,0.15,Wallet,3.0
ORD101374,2022-08-11,Bengaluru,South,Fashion,Kurta,New,2,1166.0,0.0,Credit Card,4.0
ORD101375,2023-10-28,Pune,West,Fashion,Jacket,Premium,1,501.0,0.15,UPI,4.0
ORD101376,2022-11-28,Delhi,North,Fashion,Jeans,New,1,1415.0,0.1,UPI,2.0
ORD101377,2023-01-14,Kolkata,East,Books,Comics,Regular,3,1229.0,0.1,Debit Card,5.0
ORD101378,2022-10-24,Kolkata,East,Electronics,Smartphone,New,1,39086.0,0.0,Credit Card,
ORD101379,2023-03-25,Delhi,North,Fashion,Jacket,Regular,1,5258.0,0.1,Debit Card,
ORD101380,2022-05-28,Chennai,South,Electronics,Smartphone,New,1,78305.0,0.0,Cash on Delivery,5.0
ORD101381,2022-11-06,Kolkata,East,Electronics,Smartwatch,Regular,1,35844.0,0.2,Debit Card,4.0
ORD101382,2023-12-12,Hyderabad,South,Home & Kitchen,Mixer,Premium,1,2291.0,0.0,UPI,1.0
ORD101383,2022-08-21,Bengaluru,South,Home & Kitchen,Mixer,Premium,1,10469.0,0.0,Cash on Delivery,5.0
ORD101384,2023-05-22,Chennai,South,Books,Self-Help,New,1,568.0,0.05,Credit Card,2.0
ORD101385,2022-10-10,Lucknow,North,Home & Kitchen,Cookware Set,Premium,2,8082.0,0.1,UPI,3.0
ORD101386,2023-09-04,Bengaluru,South,Grocery,Snacks Pack,Regular,3,907.0,0.0,Credit Card,4.0
ORD101387,2022-04-28,Bengaluru,South,Electronics,Power Bank,Premium,2,11959.0,0.3,Debit Card,3.0
ORD101388,2023-12-12,Hyderabad,South,Electronics,Smartwatch,Regular,2,73528.0,0.4,UPI,5.0
ORD101389,2022-12-02,Mumbai,West,Electronics,Power Bank,Regular,2,74066.0,0.05,UPI,5.0
ORD101390,2022-08-01,Chennai,South,Electronics,Headphones,Regular,2,53179.0,0.0,UPI,5.0
ORD101391,2022-03-08,Bengaluru,South,Home & Kitchen,Cookware Set,Regular,2,866.0,0.15,UPI,5.0
ORD101392,2022-06-02,Mumbai,West,Home & Kitchen,Water Bottle,Regular,2,3251.0,0.0,UPI,3.0
ORD101393,2023-01-18,Hyderabad,South,Electronics,Smartphone,New,2,40221.0,0.0,UPI,5.0
ORD101394,2022-10-14,,West,Grocery,Snacks Pack,New,1,603.0,0.2,UPI,4.0
ORD101395,2023-10-11,Bengaluru,South,Books,Biography,Regular,4,370.0,0.3,UPI,5.0
ORD101396,2022-11-22,Mumbai,West,Fashion,Kurta,Regular,1,2777.0,0.3,Cash on Delivery,3.0
ORD101397,2022-08-13,Mumbai,West,Electronics,Power Bank,Regular,2,53925.0,0.0,UPI,5.0
ORD101398,2023-04-16,Ahmedabad,West,Electronics,Laptop,Regular,1,40544.0,0.0,UPI,
ORD101399,2023-07-06,Jaipur,North,Electronics,Smartphone,Regular,2,43802.0,0.0,UPI,2.0
ORD101400,2022-05-31,Delhi,North,Electronics,Power Bank,Regular,2,55364.0,0.0,Cash on Delivery,3.0
ORD101401,2022-06-01,Chennai,South,Fashion,T-Shirt,Premium,1,5494.0,0.0,UPI,3.0
ORD101402,2022-02-03,Delhi,North,Electronics,Power Bank,Premium,2,33031.0,0.0,UPI,4.0
ORD101403,2023-08-02,Hyderabad,South,Fashion,Sneakers,Regular,2,4809.0,0.1,UPI,4.0
ORD101404,2023-05-28,Bengaluru,South,Grocery,Rice 5kg,Regular,5,267.0,0.15,Wallet,5.0
ORD101405,2022-12-15,Delhi,North,Home & Kitchen,Water Bottle,Premium,2,1894.0,0.1,Credit Card,4.0
ORD101406,2023-10-17,Pune,West,Grocery,Tea 500g,New,5,1151.0,0.15,UPI,4.0
ORD101407,2023-10-02,Mumbai,West,Electronics,Laptop,Regular,2,70615.0,0.0,UPI,5.0
ORD101408,2023-03-18,Mumbai,West,Fashion,Kurta,Regular,2,4175.0,0.0,UPI,4.0
ORD101409,2023-10-27,Pune,West,Home & Kitchen,Bedsheet,Regular,1,7260.0,0.15,UPI,4.0
ORD101410,2022-07-05,Kolkata,East,Electronics,Smartwatch,Regular,1,42550.0,0.05,Cash on Delivery,5.0
ORD101411,2022-04-11,Hyderabad,South,Electronics,Smartwatch,Regular,1,64797.0,0.05,Credit Card,5.0
ORD101412,2022-09-01,Hyderabad,South,Home & Kitchen,Water Bottle,Regular,2,1652.0,0.0,Debit Card,1.0
ORD101413,2022-02-21,Hyderabad,South,Home & Kitchen,Table Lamp,Regular,2,1365.0,0.0,UPI,3.0
ORD101414,2023-01-29,Bengaluru,South,Fashion,T-Shirt,Regular,1,2714.0,0.1,Credit Card,3.0
ORD101415,2023-11-24,Bengaluru,South,Fashion,Jeans,Premium,1,4205.0,0.2,UPI,4.0
ORD101416,2022-02-05,Hyderabad,South,Fashion,Jeans,Regular,1,3725.0,0.2,UPI,4.0
ORD101417,2022-04-21,Hyderabad,South,Electronics,Headphones,Premium,2,22788.0,0.05,Debit Card,5.0
ORD101418,2022-12-01,Kolkata,East,Fashion,T-Shirt,Regular,2,1355.0,0.05,UPI,5.0
ORD101419,2023-11-23,Pune,West,Electronics,Smartphone,Regular,1,53523.0,0.15,Debit Card,3.0
ORD101420,2022-10-06,Bengaluru,South,Electronics,Smartwatch,New,1,40367.0,0.05,Cash on Delivery,4.0
ORD101421,2023-01-07,Bengaluru,South,Grocery,Coffee,Premium,4,1111.0,0.05,UPI,4.0
ORD101422,2022-02-07,Bengaluru,South,Home & Kitchen,Table Lamp,Regular,2,3981.0,0.2,Cash on Delivery,4.0
ORD101423,2022-05-14,Chennai,South,Books,Fiction,Premium,5,1436.0,0.15,UPI,5.0
ORD101424,2023-12-23,Hyderabad,South,Fashion,T-Shirt,Premium,1,2571.0,0.2,UPI,5.0
ORD101425,2023-12-09,Jaipur,North,Fashion,Kurta,Regular,1,1512.0,0.0,Debit Card,3.0
ORD101426,2022-01-05,Kolkata,East,Electronics,Headphones,Regular,2,79947.0,0.05,Credit Card,3.0
ORD101427,2023-11-30,Jaipur,North,Electronics,Headphones,New,2,28318.0,0.2,UPI,5.0
ORD101428,2023-05-06,Pune,West,Electronics,Smartwatch,Regular,1,29527.0,0.0,Cash on Delivery,4.0
ORD101429,2023-10-27,Lucknow,North,Books,Comics,Regular,3,441.0,0.15,Wallet,3.0
ORD101430,2022-12-02,Kolkata,East,Home & Kitchen,Cookware Set,Regular,1,9291.0,0.0,UPI,3.0
ORD101431,2023-01-15,Lucknow,North,Home & Kitchen,Mixer,Premium,1,1539.0,0.15,Cash on Delivery,4.0
ORD101432,2022-12-24,Mumbai,West,Fashion,T-Shirt,New,1,4906.0,0.05,Credit Card,4.0
ORD101433,2023-05-31,Mumbai,West,Grocery,Cooking Oil,New,3,939.0,0.0,Wallet,
ORD101434,2022-05-06,Chennai,South,Electronics,Power Bank,Premium,2,44420.0,0.0,UPI,4.0
ORD101435,2022-01-28,Lucknow,North,Fashion,Sneakers,New,1,5145.0,0.1,Cash on Delivery,3.0
ORD101436,2022-10-03,,South,Fashion,Sneakers,Premium,1,4526.0,0.1,UPI,5.0
ORD101437,2023-07-04,Delhi,North,Books,Biography,Premium,5,1149.0,0.0,Cash on Delivery,4.0
ORD101438,2022-07-01,Hyderabad,South,Grocery,Snacks Pack,New,5,1120.0,0.2,Debit Card,4.0
ORD101439,2023-06-06,Kolkata,East,Electronics,Smartphone,Regular,2,29778.0,0.05,UPI,4.0
ORD101440,2023-12-12,Bengaluru,South,Books,Fiction,Premium,3,1035.0,0.05,UPI,4.0
ORD101441,2022-03-26,Pune,West,Books,Textbook,Premium,3,821.0,0.0,Cash on Delivery,5.0
ORD101442,2023-06-05,Lucknow,North,Electronics,Laptop,New,1,69315.0,0.3,Debit Card,3.0
ORD101443,2022-11-27,Jaipur,North,Fashion,Jeans,New,1,5325.0,0.0,UPI,5.0
ORD101444,2023-10-27,Delhi,North,Fashion,T-Shirt,New,2,2685.0,0.05,Credit Card,5.0
ORD101445,2022-06-09,Bengaluru,South,Grocery,Snacks Pack,New,5,375.0,0.15,Cash on Delivery,4.0
ORD101446,2023-06-23,Bengaluru,South,Electronics,Smartphone,Regular,2,14921.0,0.0,UPI,3.0
ORD101447,2023-10-15,Bengaluru,South,Books,Fiction,Regular,1,714.0,0.05,UPI,4.0
ORD101448,2023-11-28,Mumbai,West,Fashion,Jacket,Regular,2,2772.0,0.0,Wallet,4.0
ORD101449,2023-06-15,Pune,West,Books,Textbook,Regular,1,293.0,0.15,UPI,4.0
ORD101450,2022-12-30,Bengaluru,South,Fashion,Kurta,Regular,2,4651.0,0.05,UPI,2.0
ORD101451,2023-04-17,Jaipur,North,Home & Kitchen,Table Lamp,Regular,2,475.0,0.2,UPI,5.0
ORD101452,2023-10-28,Jaipur,North,Books,Biography,Regular,1,288.0,0.2,Cash on Delivery,3.0
ORD101453,2023-03-05,Mumbai,West,Books,Comics,New,3,393.0,0.1,UPI,4.0
ORD101454,2022-01-28,Lucknow,North,Books,Fiction,Regular,5,1481.0,0.1,Debit Card,3.0
ORD101455,2023-11-22,Pune,West,Electronics,Laptop,New,2,4571.0,0.05,Cash on Delivery,4.0
ORD101456,2023-06-20,Hyderabad,South,Home & Kitchen,Cookware Set,New,2,9657.0,0.0,UPI,5.0
ORD101457,2023-06-09,Bengaluru,South,Electronics,Smartphone,Regular,1,69400.0,0.1,Cash on Delivery,5.0
ORD101458,2022-07-14,Hyderabad,South,Fashion,Sneakers,Regular,2,3017.0,0.2,UPI,3.0
ORD101459,2023-05-24,Bengaluru,South,Home & Kitchen,Cookware Set,Premium,2,2891.0,0.0,Debit Card,5.0
ORD101460,2022-11-07,Kolkata,East,Fashion,T-Shirt,Premium,2,3438.0,0.0,UPI,5.0
ORD101461,2023-05-17,Mumbai,West,Fashion,Jacket,Regular,1,2019.0,0.0,Debit Card,5.0
ORD101462,2022-04-07,Kolkata,East,Grocery,Snacks Pack,Regular,1,711.0,0.0,UPI,5.0
ORD101463,2023-05-23,Delhi,North,Electronics,Headphones,Regular,2,38191.0,0.0,UPI,5.0
ORD101464,2023-12-31,Mumbai,West,Home & Kitchen,Bedsheet,Regular,1,7370.0,0.0,Wallet,4.0
ORD101465,2022-02-13,Chennai,South,Fashion,Sneakers,Regular,2,2520.0,0.0,UPI,4.0
ORD101466,2023-12-17,Chennai,South,Electronics,Power Bank,Regular,1,45090.0,0.05,Cash on Delivery,3.0
ORD101467,2022-11-12,Bengaluru,South,Electronics,Smartphone,Premium,1,44287.0,0.0,UPI,4.0
ORD101468,2023-10-28,Mumbai,West,Grocery,Cooking Oil,New,3,437.0,0.05,UPI,5.0
ORD101469,2023-09-12,Jaipur,North,Books,Fiction,Premium,5,1120.0,0.2,Cash on Delivery,4.0
ORD101470,2023-03-02,Chennai,South,Grocery,Tea 500g,New,3,816.0,0.3,UPI,5.0
ORD101471,2023-08-03,Mumbai,West,Grocery,Tea 500g,Premium,5,554.0,0.05,Cash on Delivery,4.0
ORD101472,2023-10-31,Hyderabad,South,Electronics,Smartwatch,Premium,2,41465.0,0.0,Credit Card,5.0
ORD101473,2022-11-11,Hyderabad,South,Fashion,Jeans,Regular,2,2480.0,0.3,UPI,5.0
ORD101474,2022-10-10,Mumbai,West,Home & Kitchen,Table Lamp,Regular,2,5904.0,0.1,Debit Card,5.0
ORD101475,2023-06-01,Chennai,South,Fashion,Kurta,New,2,1540.0,0.0,UPI,5.0
ORD101476,2023-10-03,Ahmedabad,West,Fashion,Jeans,New,2,5330.0,0.0,UPI,3.0
ORD101477,2023-08-25,Pune,West,Fashion,Sneakers,Regular,1,5853.0,0.0,Debit Card,3.0
ORD101478,2023-09-26,Delhi,North,Home & Kitchen,Bedsheet,Regular,2,717.0,0.0,UPI,
ORD101479,2022-11-24,Jaipur,North,Home & Kitchen,Water Bottle,Premium,2,11194.0,0.0,UPI,2.0
ORD101480,2023-10-07,Bengaluru,South,Electronics,Laptop,Regular,1,4007.0,0.2,Cash on Delivery,4.0
ORD101481,2022-04-19,Lucknow,North,Fashion,Jacket,Regular,2,1394.0,0.05,Cash on Delivery,4.0
ORD101482,2023-02-10,Mumbai,West,Home & Kitchen,Cookware Set,New,1,9786.0,0.1,Credit Card,4.0
ORD101483,2022-01-06,Hyderabad,South,Home & Kitchen,Water Bottle,Regular,2,2887.0,0.15,Credit Card,5.0
ORD101484,2022-10-09,Chennai,South,Electronics,Smartwatch,Premium,2,45034.0,0.15,Debit Card,5.0
ORD101485,2022-10-27,Delhi,North,Books,Self-Help,New,4,231.0,0.2,Credit Card,5.0
ORD101486,2022-11-08,Pune,West,Electronics,Laptop,Regular,1,48733.0,0.3,UPI,4.0
ORD101487,2023-06-26,Kolkata,East,Fashion,T-Shirt,Regular,2,3389.0,0.0,Wallet,4.0
ORD101488,2022-11-05,Mumbai,West,Books,Biography,Regular,1,1371.0,0.3,UPI,5.0
ORD101489,2022-11-29,Chennai,South,Home & Kitchen,Table Lamp,Regular,2,9755.0,0.1,Credit Card,
ORD101490,2022-08-03,Hyderabad,South,Electronics,Headphones,Premium,2,70889.0,0.0,Cash on Delivery,
ORD101491,2022-10-29,Delhi,North,Home & Kitchen,Mixer,Regular,2,4242.0,0.1,Debit Card,5.0
ORD101492,2022-07-24,Lucknow,North,Home & Kitchen,Water Bottle,Regular,2,5174.0,0.1,Cash on Delivery,3.0
ORD101493,2022-03-07,Jaipur,North,Books,Biography,Regular,4,968.0,0.2,UPI,1.0
ORD101494,2023-04-04,Delhi,North,Books,Fiction,Regular,4,728.0,0.0,UPI,5.0
ORD101495,2023-06-01,Chennai,South,Home & Kitchen,Mixer,Regular,1,3387.0,0.05,Cash on Delivery,5.0
ORD101496,2023-04-18,Bengaluru,South,Fashion,Sneakers,Premium,1,2042.0,0.0,UPI,5.0
ORD101497,2022-12-08,Pune,West,Electronics,Smartphone,Regular,1,31968.0,0.0,Debit Card,4.0
ORD101498,2022-11-01,Lucknow,North,Electronics,Smartwatch,Regular,2,73340.0,0.0,UPI,5.0
ORD101499,2023-10-25,Bengaluru,South,Fashion,Kurta,Regular,1,3611.0,0.05,Cash on Delivery,4.0
ORD101500,2023-01-18,Ahmedabad,West,Home & Kitchen,Water Bottle,New,2,4393.0,0.15,Credit Card,4.0
ORD101501,2022-12-18,Hyderabad,South,Fashion,T-Shirt,Regular,1,4030.0,0.0,UPI,4.0
ORD101502,2022-01-24,Bengaluru,South,Fashion,Kurta,Premium,2,3225.0,0.05,Credit Card,5.0
ORD101503,2022-10-16,Lucknow,North,Electronics,Headphones,Premium,2,69493.0,0.0,Debit Card,4.0
ORD101504,2022-11-01,Hyderabad,South,Fashion,Sneakers,Premium,2,4452.0,0.0,UPI,4.0
ORD101505,2022-11-09,Hyderabad,South,Fashion,Jeans,Regular,2,3234.0,0.05,Debit Card,4.0
ORD101506,2023-03-14,Kolkata,East,Books,Textbook,New,1,1047.0,0.0,Credit Card,5.0
ORD101507,2023-01-31,Delhi,North,Electronics,Power Bank,Premium,1,60190.0,0.05,UPI,4.0
ORD101508,2023-04-08,,South,Home & Kitchen,Bedsheet,New,2,10189.0,0.0,Cash on Delivery,5.0
ORD101509,2023-08-27,Lucknow,North,Grocery,Rice 5kg,Regular,2,135.0,0.0,UPI,3.0
ORD101510,2023-10-05,Kolkata,East,Electronics,Smartwatch,Premium,2,71018.0,0.05,UPI,3.0
ORD101511,2023-07-16,Ahmedabad,West,Fashion,T-Shirt,Premium,2,5012.0,0.05,Credit Card,5.0
ORD101512,2023-12-03,Delhi,North,Electronics,Power Bank,Regular,2,56958.0,0.0,Debit Card,4.0
ORD101513,2022-01-17,Chennai,South,Home & Kitchen,Water Bottle,Regular,1,4846.0,0.05,Wallet,3.0
ORD101514,2022-06-26,Lucknow,North,Home & Kitchen,Water Bottle,Premium,2,10037.0,0.15,UPI,4.0
ORD101515,2022-01-07,Bengaluru,South,Fashion,Sneakers,Regular,1,2661.0,0.1,UPI,5.0
ORD101516,2023-05-13,Delhi,North,Fashion,Kurta,Premium,2,1597.0,0.0,UPI,2.0
ORD101517,2023-11-08,Hyderabad,South,Grocery,Cooking Oil,Regular,1,413.0,0.05,Cash on Delivery,4.0
ORD101518,2022-08-08,Bengaluru,South,Electronics,Power Bank,Regular,1,14778.0,0.1,Credit Card,5.0
ORD101519,2023-11-20,Mumbai,West,Electronics,Laptop,Premium,1,22409.0,0.0,Debit Card,4.0
ORD101520,2022-02-24,,North,Books,Comics,Regular,5,671.0,0.2,UPI,2.0
ORD101521,2023-11-23,Lucknow,North,Home & Kitchen,Water Bottle,New,2,5542.0,0.2,Cash on Delivery,4.0
ORD101522,2022-10-20,Chennai,South,Grocery,Snacks Pack,New,2,199.0,0.2,Credit Card,5.0
ORD101523,2022-04-02,Pune,West,Home & Kitchen,Table Lamp,Premium,2,3664.0,0.15,Wallet,3.0
ORD101524,2022-12-22,Ahmedabad,West,Books,Self-Help,New,5,715.0,0.15,UPI,5.0
ORD101525,2022-08-20,Pune,West,Fashion,Jeans,New,2,4511.0,0.1,Credit Card,5.0
ORD101526,2022-09-14,Mumbai,West,Books,Comics,Regular,4,831.0,0.1,Cash on Delivery,4.0
ORD101527,2022-10-02,Mumbai,West,Grocery,Tea 500g,New,3,937.0,0.15,Debit Card,5.0
ORD101528,2023-10-01,Mumbai,West,Home & Kitchen,Table Lamp,Regular,2,1746.0,0.1,UPI,4.0
ORD101529,2023-02-05,Mumbai,West,Electronics,Headphones,Regular,1,49948.0,0.0,Wallet,4.0
ORD101530,2022-10-04,Delhi,North,Electronics,Power Bank,Premium,2,18164.0,0.0,UPI,5.0
ORD101531,2023-04-10,Bengaluru,South,Electronics,Smartphone,Premium,2,16365.0,0.2,UPI,4.0
ORD101532,2023-07-14,Delhi,North,Electronics,Headphones,Regular,1,30818.0,0.0,Credit Card,4.0
ORD101533,2022-09-03,Mumbai,West,Fashion,Sneakers,Regular,1,1691.0,0.1,Credit Card,4.0
ORD101534,2022-11-15,Hyderabad,South,Home & Kitchen,Mixer,Premium,2,5186.0,0.3,Cash on Delivery,4.0
ORD101535,2022-04-20,Delhi,North,Home & Kitchen,Table Lamp,Regular,2,9730.0,0.1,UPI,4.0
ORD101536,2022-06-13,Ahmedabad,West,Fashion,T-Shirt,Premium,2,1794.0,0.4,Credit Card,5.0
ORD101537,2023-06-13,Mumbai,West,Home & Kitchen,Bedsheet,Premium,1,9708.0,0.1,Credit Card,5.0
ORD101538,2022-06-13,Ahmedabad,West,Electronics,Smartphone,Regular,1,5025.0,0.0,UPI,4.0
ORD101539,2023-01-23,Lucknow,North,Electronics,Power Bank,Regular,2,33689.0,0.15,Wallet,4.0
ORD101540,2023-07-08,Pune,West,Electronics,Smartphone,Premium,2,72886.0,0.0,Cash on Delivery,4.0
ORD101541,2022-04-07,Pune,West,Fashion,Sneakers,Regular,1,3515.0,0.0,Credit Card,4.0
ORD101542,2023-03-02,Lucknow,North,Electronics,Smartwatch,Regular,2,44214.0,0.0,UPI,3.0
ORD101543,2022-08-20,Delhi,North,Fashion,Jacket,Regular,1,2299.0,0.0,Wallet,4.0
ORD101544,2023-12-08,Lucknow,North,Fashion,Jacket,Regular,1,1692.0,0.0,UPI,4.0
ORD101545,2022-12-21,Pune,West,Books,Comics,Regular,2,624.0,0.0,UPI,4.0
ORD101546,2023-10-02,Pune,West,Electronics,Smartwatch,Regular,2,27603.0,0.1,UPI,5.0
ORD101547,2023-02-15,Bengaluru,South,Home & Kitchen,Table Lamp,Premium,1,8009.0,0.15,UPI,4.0
ORD101548,2022-02-09,Chennai,South,Home & Kitchen,Bedsheet,Premium,2,5592.0,0.0,Cash on Delivery,
ORD101549,2023-04-30,Kolkata,East,Books,Biography,New,1,308.0,0.0,Credit Card,5.0
ORD101550,2023-11-30,Kolkata,East,Grocery,Coffee,Regular,5,225.0,0.1,Wallet,
ORD101551,2023-04-02,Pune,West,Electronics,Laptop,Regular,1,71978.0,0.1,UPI,5.0
ORD101552,2023-10-07,Mumbai,West,Electronics,Smartphone,Premium,2,42210.0,0.2,Credit Card,5.0
ORD101553,2023-11-03,Bengaluru,South,Grocery,Cooking Oil,Premium,2,888.0,0.0,Wallet,4.0
ORD101554,2022-07-25,Bengaluru,South,Fashion,Kurta,Premium,2,2212.0,0.2,Cash on Delivery,3.0
ORD101555,2022-07-11,Delhi,North,Home & Kitchen,Cookware Set,Premium,1,6154.0,0.05,Debit Card,5.0
ORD101556,2023-04-11,Delhi,North,Home & Kitchen,Cookware Set,Premium,1,1781.0,0.1,UPI,5.0
ORD101557,2022-11-14,Mumbai,West,Home & Kitchen,Table Lamp,Regular,1,9243.0,0.0,Cash on Delivery,4.0
ORD101558,2023-10-16,Bengaluru,South,Grocery,Tea 500g,Premium,5,384.0,0.0,UPI,5.0
ORD101559,2023-11-09,Hyderabad,South,Grocery,Tea 500g,Premium,2,262.0,0.0,Credit Card,4.0
ORD101560,2022-10-21,Mumbai,West,Books,Comics,New,4,710.0,0.0,Debit Card,4.0
ORD101561,2022-08-02,Lucknow,North,Fashion,Jacket,Premium,2,3323.0,0.05,Debit Card,4.0
ORD101562,2023-09-10,Pune,West,Books,Textbook,Premium,3,316.0,0.15,Debit Card,5.0
ORD101563,2022-09-05,Pune,West,Electronics,Power Bank,Regular,1,49611.0,0.15,Debit Card,5.0
ORD101564,2023-10-09,Delhi,North,Electronics,Headphones,New,2,5812.0,0.05,UPI,5.0
ORD101565,2022-11-19,Chennai,South,Grocery,Tea 500g,New,3,820.0,0.05,Credit Card,5.0
ORD101566,2023-05-31,Hyderabad,South,Electronics,Smartwatch,Premium,2,9656.0,0.0,Debit Card,1.0
ORD101567,2022-03-28,Lucknow,North,Electronics,Smartwatch,Premium,1,27181.0,0.4,UPI,5.0
ORD101568,2023-04-22,Pune,West,Electronics,Headphones,Regular,1,21235.0,0.05,UPI,4.0
ORD101569,2022-11-30,Chennai,South,Books,Textbook,Premium,3,713.0,0.0,UPI,5.0
ORD101570,2023-03-20,Ahmedabad,West,Fashion,Jacket,Premium,1,3392.0,0.0,UPI,3.0
ORD101571,2022-06-01,Mumbai,West,Home & Kitchen,Mixer,Premium,1,7126.0,0.05,Wallet,4.0
ORD101572,2023-08-02,Mumbai,West,Electronics,Headphones,Regular,2,34624.0,0.05,UPI,5.0
ORD101573,2023-10-25,Kolkata,East,Books,Self-Help,Premium,1,161.0,0.0,Credit Card,5.0
ORD101574,2022-07-15,Mumbai,West,Books,Textbook,Regular,5,1424.0,0.15,Debit Card,4.0
ORD101575,2022-03-28,Mumbai,West,Fashion,Jacket,Premium,1,3672.0,0.1,UPI,5.0
ORD101576,2022-01-22,Pune,West,Fashion,Jacket,Regular,2,675.0,0.1,Wallet,4.0
ORD101577,2023-05-08,Delhi,North,Electronics,Smartwatch,Premium,2,26019.0,0.0,UPI,4.0
ORD101578,2023-04-07,Kolkata,East,Grocery,Tea 500g,Regular,4,366.0,0.0,Cash on Delivery,5.0
ORD101579,2023-02-12,Jaipur,North,Home & Kitchen,Mixer,Regular,1,1267.0,0.3,UPI,3.0
ORD101580,2022-07-29,Bengaluru,South,Grocery,Tea 500g,Premium,4,906.0,0.2,UPI,5.0
ORD101581,2022-11-06,Delhi,North,Fashion,Sneakers,Regular,2,3267.0,0.0,UPI,1.0
ORD101582,2023-03-27,Mumbai,West,Books,Fiction,Premium,5,1031.0,0.0,UPI,4.0
ORD101583,2022-12-29,Mumbai,West,Books,Textbook,New,5,1392.0,0.0,Cash on Delivery,4.0
ORD101584,2023-12-24,Mumbai,West,Home & Kitchen,Table Lamp,New,2,639.0,0.0,UPI,4.0
ORD101585,2022-05-03,Mumbai,West,Grocery,Rice 5kg,Regular,5,1112.0,0.1,Debit Card,4.0
ORD101586,2023-06-25,Bengaluru,South,Fashion,Jacket,New,2,761.0,0.3,UPI,5.0
ORD101587,2022-11-11,Bengaluru,South,Electronics,Smartwatch,Regular,2,11067.0,0.0,Cash on Delivery,
ORD101588,2022-11-21,Pune,West,Home & Kitchen,Bedsheet,New,2,9860.0,0.0,Cash on Delivery,5.0
ORD101589,2023-07-16,Jaipur,North,Books,Comics,Premium,4,167.0,0.2,Credit Card,5.0
ORD101590,2023-06-23,Pune,West,Home & Kitchen,Table Lamp,Regular,2,5191.0,0.0,UPI,4.0
ORD101591,2023-12-26,Chennai,South,Electronics,Headphones,Regular,2,37807.0,0.3,Debit Card,4.0
ORD101592,2022-04-26,Mumbai,West,Fashion,Jacket,Regular,1,2361.0,0.1,UPI,2.0
ORD101593,2022-04-04,Pune,West,Fashion,Sneakers,Premium,1,4412.0,0.3,UPI,4.0
ORD101594,2023-07-22,Bengaluru,South,Fashion,Kurta,Regular,1,4160.0,0.0,Debit Card,5.0
ORD101595,2023-03-12,Mumbai,West,Home & Kitchen,Table Lamp,Premium,2,11027.0,0.0,Wallet,4.0
ORD101596,2022-09-05,,West,Books,Textbook,Premium,2,302.0,0.0,Cash on Delivery,4.0
ORD101597,2022-03-13,Bengaluru,South,Electronics,Headphones,New,1,64095.0,0.0,Credit Card,4.0
ORD101598,2022-03-19,Delhi,North,Fashion,Jacket,New,2,4978.0,0.0,Credit Card,4.0
ORD101599,2023-11-07,Jaipur,North,Electronics,Power Bank,Regular,2,37104.0,0.3,Wallet,2.0
ORD101600,2022-06-22,Jaipur,North,Electronics,Smartphone,Premium,2,73390.0,0.15,Credit Card,5.0
ORD101601,2022-10-09,Bengaluru,South,Books,Comics,New,4,1081.0,0.1,Credit Card,4.0
ORD101602,2022-07-24,Bengaluru,South,Grocery,Tea 500g,New,1,572.0,0.0,Wallet,5.0
ORD101603,2022-10-22,Chennai,South,Fashion,Kurta,Regular,1,958.0,0.1,UPI,4.0
ORD101604,2022-03-04,Pune,West,Books,Comics,Regular,4,684.0,0.1,UPI,5.0
ORD101605,2023-01-18,Mumbai,West,Grocery,Snacks Pack,Regular,2,1179.0,0.0,Debit Card,5.0
ORD101606,2022-03-02,Chennai,South,Books,Comics,Regular,4,163.0,0.3,UPI,5.0
ORD101607,2023-09-28,,North,Electronics,Smartphone,Regular,1,41719.0,0.0,UPI,4.0
ORD101608,2022-07-30,Delhi,North,Grocery,Rice 5kg,Regular,3,183.0,0.0,Credit Card,4.0
ORD101609,2023-02-06,Jaipur,North,Fashion,Kurta,Premium,1,2444.0,0.0,Credit Card,
ORD101610,2023-11-01,Lucknow,North,Fashion,Jacket,Regular,1,2296.0,0.15,Wallet,2.0
ORD101611,2023-05-16,Delhi,North,Electronics,Smartwatch,Premium,2,61169.0,0.1,UPI,3.0
ORD101612,2023-01-30,Pune,West,Fashion,Sneakers,Regular,1,3376.0,0.0,UPI,4.0
ORD101613,2022-10-09,Delhi,North,Electronics,Power Bank,New,2,51412.0,0.0,UPI,5.0
ORD101614,2022-10-13,Pune,West,Electronics,Smartphone,New,2,14376.0,0.0,Debit Card,1.0
ORD101615,2023-06-02,Ahmedabad,West,Fashion,Jeans,Premium,1,4501.0,0.0,Debit Card,5.0
ORD101616,2023-12-28,Delhi,North,Books,Textbook,New,3,176.0,0.0,Credit Card,4.0
ORD101617,2023-05-26,Pune,West,Books,Fiction,Regular,2,844.0,0.0,UPI,4.0
ORD101618,2023-02-22,Ahmedabad,West,Fashion,Kurta,Premium,2,2885.0,0.0,Debit Card,4.0
ORD101619,2023-07-27,Bengaluru,South,Books,Self-Help,Regular,3,299.0,0.2,Credit Card,4.0
ORD101620,2022-12-09,Delhi,North,Books,Fiction,Regular,3,202.0,0.05,UPI,3.0
ORD101621,2022-02-24,Mumbai,West,Books,Biography,Regular,4,1032.0,0.1,UPI,3.0
ORD101622,2023-02-26,Chennai,South,Electronics,Smartphone,Premium,2,15128.0,0.0,Credit Card,4.0
ORD101623,2023-12-04,Lucknow,North,Home & Kitchen,Mixer,Regular,2,369.0,0.0,Wallet,5.0
ORD101624,2022-06-07,Ahmedabad,West,Grocery,Rice 5kg,Premium,2,236.0,0.0,Cash on Delivery,4.0
ORD101625,2023-06-21,Bengaluru,South,Home & Kitchen,Water Bottle,Regular,1,1567.0,0.0,Debit Card,4.0
ORD101626,2022-07-01,Chennai,South,Fashion,Jacket,New,1,1674.0,0.0,Cash on Delivery,4.0
ORD101627,2023-02-02,Delhi,North,Fashion,Jeans,Premium,2,1001.0,0.2,Debit Card,4.0
ORD101628,2022-03-29,Delhi,North,Home & Kitchen,Cookware Set,Regular,1,7830.0,0.3,Wallet,4.0
ORD101629,2022-11-30,Hyderabad,South,Fashion,Jacket,Regular,1,4245.0,0.0,UPI,3.0
ORD101630,2023-08-19,Hyderabad,South,Electronics,Smartphone,New,2,27129.0,0.0,Credit Card,5.0
ORD101631,2022-10-19,Hyderabad,South,Fashion,Kurta,Regular,2,2584.0,0.3,Debit Card,4.0
ORD101632,2023-05-29,Lucknow,North,Books,Self-Help,Regular,4,574.0,0.0,Credit Card,5.0
ORD101633,2023-09-24,Chennai,South,Books,Biography,Premium,1,1316.0,0.1,UPI,4.0
ORD101634,2023-11-20,Chennai,South,Electronics,Power Bank,Regular,1,74672.0,0.4,UPI,5.0
ORD101635,2022-07-31,Mumbai,West,Grocery,Tea 500g,Regular,1,713.0,0.4,UPI,4.0
ORD101636,2022-11-09,Lucknow,North,Fashion,T-Shirt,Regular,2,1937.0,0.0,UPI,2.0
ORD101637,2022-05-18,Pune,West,Home & Kitchen,Table Lamp,Regular,2,2291.0,0.0,UPI,5.0
ORD101638,2023-12-27,Jaipur,North,Books,Textbook,Regular,4,913.0,0.0,Credit Card,4.0
ORD101639,2023-11-20,Bengaluru,South,Books,Biography,Regular,1,1331.0,0.2,Cash on Delivery,3.0
ORD101640,2023-02-06,Hyderabad,South,Grocery,Cooking Oil,Regular,1,809.0,0.2,Debit Card,3.0
ORD101641,2023-10-17,Hyderabad,South,Fashion,Jacket,Regular,1,1600.0,0.05,Cash on Delivery,5.0
ORD101642,2023-01-19,Delhi,North,Books,Textbook,New,5,1302.0,0.15,Cash on Delivery,5.0
ORD101643,2023-04-22,Kolkata,East,Electronics,Smartwatch,Premium,1,17787.0,0.1,UPI,5.0
ORD101644,2022-03-22,Jaipur,North,Home & Kitchen,Bedsheet,Premium,2,5571.0,0.1,UPI,5.0
ORD101645,2023-08-19,Delhi,North,Books,Textbook,Regular,2,1438.0,0.15,UPI,4.0
ORD101646,2022-04-26,Mumbai,West,Home & Kitchen,Mixer,Regular,2,8040.0,0.1,Wallet,4.0
ORD101647,2023-10-10,Pune,West,Electronics,Power Bank,New,1,43933.0,0.05,UPI,5.0
ORD101648,2023-09-12,Delhi,North,Books,Self-Help,Premium,2,892.0,0.0,Debit Card,
ORD101649,2023-07-08,Kolkata,East,Electronics,Smartwatch,Regular,2,48929.0,0.15,UPI,4.0
ORD101650,2022-02-02,Kolkata,East,Electronics,Smartphone,Regular,2,33336.0,0.0,Wallet,
ORD101651,2022-10-01,Bengaluru,South,Home & Kitchen,Table Lamp,Regular,2,5326.0,0.0,UPI,3.0
ORD101652,2022-08-26,Ahmedabad,West,Fashion,T-Shirt,New,2,4286.0,0.15,Cash on Delivery,5.0
ORD101653,2022-10-24,Chennai,South,Books,Comics,Regular,1,1123.0,0.1,UPI,5.0
ORD101654,2022-03-20,Jaipur,North,Fashion,Kurta,Premium,1,1869.0,0.3,UPI,5.0
ORD101655,2023-11-24,Pune,West,Electronics,Smartphone,Premium,1,52950.0,0.0,Credit Card,1.0
ORD101656,2023-02-18,Jaipur,North,Books,Textbook,New,4,897.0,0.1,Wallet,2.0
ORD101657,2022-10-02,Mumbai,West,Home & Kitchen,Water Bottle,New,1,8449.0,0.0,Credit Card,2.0
ORD101658,2022-11-08,Delhi,North,Electronics,Headphones,Regular,2,75581.0,0.2,Wallet,4.0
ORD101659,2022-11-29,Mumbai,West,Books,Textbook,Premium,5,842.0,0.0,Cash on Delivery,5.0
ORD101660,2023-04-01,Hyderabad,South,Fashion,Sneakers,Premium,1,1812.0,0.1,Cash on Delivery,5.0
ORD101661,2023-01-15,Jaipur,North,Home & Kitchen,Bedsheet,Premium,1,8254.0,0.15,Credit Card,4.0
ORD101662,2023-11-17,Hyderabad,South,Fashion,Kurta,New,2,3069.0,0.0,UPI,2.0
ORD101663,2022-12-30,Ahmedabad,West,Books,Comics,New,3,1435.0,0.3,UPI,3.0
ORD101664,2023-12-26,Bengaluru,South,Books,Biography,Regular,5,1470.0,0.2,Wallet,1.0
ORD101665,2023-10-20,Bengaluru,South,Home & Kitchen,Table Lamp,Regular,1,6885.0,0.0,Wallet,5.0
ORD101666,2022-07-07,Jaipur,North,Electronics,Power Bank,Premium,2,6175.0,0.0,Debit Card,5.0
ORD101667,2023-11-22,Bengaluru,South,Books,Comics,Regular,1,1129.0,0.0,UPI,
ORD101668,2022-04-15,Pune,West,Home & Kitchen,Mixer,Regular,1,10270.0,0.0,UPI,4.0
ORD101669,2023-10-06,Delhi,North,Home & Kitchen,Mixer,Regular,2,6526.0,0.2,Wallet,1.0
ORD101670,2022-11-01,Lucknow,North,Fashion,T-Shirt,New,2,3638.0,0.3,UPI,4.0
ORD101671,2023-10-31,Chennai,South,Books,Self-Help,Regular,1,310.0,0.0,Cash on Delivery,4.0
ORD101672,2023-10-27,Pune,West,Books,Fiction,Premium,1,537.0,0.0,UPI,
ORD101673,2023-10-02,Mumbai,West,Electronics,Smartphone,Regular,2,9460.0,0.05,UPI,3.0
ORD101674,2023-09-19,Hyderabad,South,Fashion,T-Shirt,Regular,2,5521.0,0.0,Cash on Delivery,3.0
ORD101675,2022-10-01,Jaipur,North,Grocery,Snacks Pack,Regular,3,948.0,0.0,UPI,5.0
ORD101676,2022-03-14,Jaipur,North,Electronics,Smartphone,Regular,2,49095.0,0.0,UPI,5.0
ORD101677,2022-11-10,Mumbai,West,Grocery,Snacks Pack,New,5,825.0,0.05,Wallet,4.0
ORD101678,2022-06-06,Delhi,North,Home & Kitchen,Bedsheet,New,2,9599.0,0.1,Debit Card,5.0
ORD101679,2023-06-25,Hyderabad,South,Home & Kitchen,Water Bottle,Premium,1,5974.0,0.1,Cash on Delivery,3.0
ORD101680,2022-10-18,Delhi,North,Electronics,Smartwatch,Regular,2,10797.0,0.0,Cash on Delivery,5.0
ORD101681,2023-12-16,Pune,West,Electronics,Headphones,Regular,2,32411.0,0.15,UPI,3.0
ORD101682,2023-05-08,Delhi,North,Grocery,Tea 500g,Regular,2,989.0,0.1,UPI,3.0
ORD101683,2023-10-09,Bengaluru,South,Fashion,Jacket,Regular,1,632.0,0.2,Credit Card,4.0
ORD101684,2022-04-30,Kolkata,East,Books,Comics,Regular,2,1109.0,0.0,UPI,3.0
ORD101685,2023-10-25,Hyderabad,South,Fashion,Sneakers,Premium,1,5066.0,0.2,UPI,4.0
ORD101686,2023-11-19,Pune,West,Electronics,Smartwatch,Regular,2,43084.0,0.2,Cash on Delivery,5.0
ORD101687,2022-12-23,Lucknow,North,Electronics,Laptop,Regular,2,11274.0,0.0,UPI,4.0
ORD101688,2023-04-06,Mumbai,West,Home & Kitchen,Mixer,New,1,8518.0,0.0,Debit Card,5.0
ORD101689,2023-08-27,Pune,West,Grocery,Tea 500g,Regular,5,333.0,0.3,UPI,4.0
ORD101690,2022-06-07,Delhi,North,Fashion,Jacket,New,2,5866.0,0.1,UPI,1.0
ORD101691,2023-01-03,Bengaluru,South,Fashion,Jeans,New,2,2735.0,0.3,UPI,
ORD101692,2022-11-09,Mumbai,West,Fashion,T-Shirt,Regular,2,568.0,0.15,Cash on Delivery,5.0
ORD101693,2022-05-12,Mumbai,West,Fashion,Jeans,Regular,2,3298.0,0.05,UPI,2.0
ORD101694,2022-10-27,Bengaluru,South,Fashion,Kurta,Premium,1,5737.0,0.0,Credit Card,4.0
ORD101695,2022-03-03,Bengaluru,South,Books,Textbook,Regular,3,1402.0,0.0,Debit Card,5.0
ORD101696,2022-01-24,Jaipur,North,Fashion,Sneakers,Regular,2,628.0,0.3,UPI,3.0
ORD101697,2022-05-02,Pune,West,Fashion,T-Shirt,Premium,2,2404.0,0.0,Credit Card,4.0
ORD101698,2023-12-08,Lucknow,North,Electronics,Headphones,Regular,2,74032.0,0.0,Wallet,4.0
ORD101699,2023-02-14,Chennai,South,Grocery,Coffee,Regular,1,993.0,0.1,Credit Card,3.0
ORD101700,2023-12-09,Delhi,North,Electronics,Smartwatch,Premium,1,59749.0,0.1,UPI,3.0
ORD101701,2022-11-23,Bengaluru,South,Electronics,Laptop,Premium,2,24261.0,0.0,Debit Card,5.0
ORD101702,2022-10-04,Bengaluru,South,Home & Kitchen,Water Bottle,Regular,2,657.0,0.0,Credit Card,4.0
ORD101703,2023-01-06,Bengaluru,South,Home & Kitchen,Mixer,Regular,2,10335.0,0.0,UPI,4.0
ORD101704,2022-11-25,Kolkata,East,Fashion,T-Shirt,Regular,2,4609.0,0.0,UPI,5.0
ORD101705,2022-04-06,Chennai,South,Fashion,Jacket,Regular,2,999.0,0.15,UPI,5.0
ORD101706,2023-05-07,Bengaluru,South,Books,Self-Help,Premium,3,649.0,0.0,UPI,4.0
ORD101707,2022-07-14,Mumbai,West,Electronics,Laptop,Premium,1,63382.0,0.2,UPI,5.0
ORD101708,2023-04-18,Mumbai,West,Books,Fiction,Premium,2,426.0,0.15,Credit Card,5.0
ORD101709,2023-05-16,Delhi,North,Home & Kitchen,Table Lamp,Regular,1,4170.0,0.1,UPI,4.0
ORD101710,2022-05-18,Mumbai,West,Fashion,T-Shirt,Regular,2,2870.0,0.0,Cash on Delivery,4.0
ORD101711,2022-02-25,Pune,West,Fashion,Jacket,Regular,2,1174.0,0.05,Debit Card,5.0
ORD101712,2023-09-11,Mumbai,West,Electronics,Power Bank,Regular,2,68759.0,0.0,Cash on Delivery,3.0
ORD101713,2022-12-06,Pune,West,Books,Comics,Regular,2,455.0,0.0,Credit Card,4.0
ORD101714,2022-02-22,Bengaluru,South,Fashion,Jacket,Regular,2,2522.0,0.2,UPI,5.0
ORD101715,2023-12-28,Mumbai,West,Fashion,Kurta,Regular,1,798.0,0.0,Credit Card,4.0
ORD101716,2022-02-22,Ahmedabad,West,Home & Kitchen,Cookware Set,Premium,2,8515.0,0.15,Cash on Delivery,5.0
ORD101717,2023-06-25,Chennai,South,Grocery,Coffee,Premium,5,1059.0,0.0,UPI,4.0
ORD101718,2023-12-21,Delhi,North,Fashion,Kurta,Premium,2,5501.0,0.0,UPI,3.0
ORD101719,2022-08-04,Jaipur,North,Grocery,Tea 500g,Regular,1,949.0,0.4,UPI,4.0
ORD101720,2022-05-09,Mumbai,West,Fashion,Kurta,New,1,1285.0,0.05,UPI,4.0
ORD101721,2022-04-20,Delhi,North,Electronics,Laptop,New,1,17504.0,0.05,UPI,5.0
ORD101722,2022-10-01,Pune,West,Electronics,Laptop,Regular,2,74651.0,0.05,UPI,5.0
ORD101723,2022-04-02,Pune,West,Fashion,Jacket,Premium,1,4943.0,0.0,UPI,4.0
ORD101724,2023-06-23,Delhi,North,Electronics,Power Bank,New,2,40967.0,0.1,Debit Card,
ORD101725,2022-02-26,Mumbai,West,Electronics,Smartwatch,Regular,2,75634.0,0.0,UPI,3.0
ORD101726,2023-01-09,Ahmedabad,West,Grocery,Coffee,Regular,2,983.0,0.05,Debit Card,3.0
ORD101727,2023-12-29,Bengaluru,South,Books,Self-Help,Regular,5,206.0,0.05,Credit Card,4.0
ORD101728,2023-10-05,Delhi,North,Books,Self-Help,Regular,1,792.0,0.2,Credit Card,3.0
ORD101729,2023-04-14,Hyderabad,South,Electronics,Smartwatch,Regular,2,78921.0,0.05,UPI,5.0
ORD101730,2022-10-02,Jaipur,North,Electronics,Smartwatch,New,2,22295.0,0.0,Credit Card,2.0
ORD101731,2023-04-22,Mumbai,West,Electronics,Power Bank,Premium,2,39024.0,0.05,UPI,3.0
ORD101732,2023-01-25,Pune,West,Books,Fiction,Regular,5,1338.0,0.0,Credit Card,4.0
ORD101733,2022-11-20,Chennai,South,Grocery,Rice 5kg,Premium,3,1082.0,0.0,Credit Card,5.0
ORD101734,2022-04-28,Bengaluru,South,Fashion,Sneakers,Premium,1,2728.0,0.0,UPI,5.0
ORD101735,2023-11-04,Pune,West,Electronics,Headphones,Regular,2,56073.0,0.05,UPI,5.0
ORD101736,2022-11-30,Lucknow,North,Fashion,Kurta,Regular,2,1800.0,0.0,UPI,3.0
ORD101737,2022-06-25,Delhi,North,Fashion,Kurta,New,2,4578.0,0.0,UPI,4.0
ORD101738,2022-10-27,Mumbai,West,Fashion,Kurta,Premium,1,1813.0,0.3,UPI,2.0
ORD101739,2022-11-15,Jaipur,North,Home & Kitchen,Water Bottle,Regular,2,6761.0,0.1,Wallet,4.0
ORD101740,2023-10-11,Kolkata,East,Home & Kitchen,Cookware Set,Regular,2,5858.0,0.0,UPI,5.0
ORD101741,2023-07-30,Bengaluru,South,Electronics,Power Bank,Regular,1,30711.0,0.0,Credit Card,4.0
ORD101742,2023-08-31,Chennai,South,Electronics,Smartwatch,Regular,1,44112.0,0.1,Debit Card,3.0
ORD101743,2022-01-10,Pune,West,Grocery,Cooking Oil,Regular,1,1158.0,0.2,Debit Card,4.0
ORD101744,2022-11-16,Pune,West,Electronics,Laptop,Premium,1,16111.0,0.0,Wallet,3.0
ORD101745,2022-12-19,Jaipur,North,Electronics,Headphones,Regular,2,35330.0,0.15,Cash on Delivery,4.0
ORD101746,2022-01-18,Bengaluru,South,Electronics,Smartphone,Regular,1,7849.0,0.05,Cash on Delivery,4.0
ORD101747,2022-08-23,Delhi,North,Electronics,Laptop,Regular,2,44902.0,0.05,Wallet,4.0
ORD101748,2023-08-23,Kolkata,East,Fashion,T-Shirt,Regular,1,1438.0,0.3,UPI,
ORD101749,2022-05-04,Bengaluru,South,Books,Textbook,New,3,332.0,0.15,Debit Card,4.0
ORD101750,2023-02-01,Chennai,South,Fashion,T-Shirt,Regular,1,3989.0,0.2,Cash on Delivery,5.0
ORD101751,2022-07-13,Bengaluru,South,Fashion,Kurta,Premium,1,1106.0,0.0,Debit Card,5.0
ORD101752,2022-01-11,Mumbai,West,Home & Kitchen,Cookware Set,Regular,2,2762.0,0.05,Wallet,5.0
ORD101753,2022-08-06,Hyderabad,South,Fashion,T-Shirt,Regular,2,4093.0,0.05,UPI,4.0
ORD101754,2023-12-16,Kolkata,East,Books,Biography,Premium,4,902.0,0.0,Credit Card,1.0
ORD101755,2023-09-29,Ahmedabad,West,Books,Textbook,Regular,1,1410.0,0.05,Wallet,5.0
ORD101756,2023-12-05,Hyderabad,South,Electronics,Smartphone,Premium,1,76921.0,0.0,UPI,4.0
ORD101757,2022-12-24,Delhi,North,Books,Biography,Regular,5,524.0,0.0,Debit Card,3.0
ORD101758,2022-04-09,Bengaluru,South,Fashion,Sneakers,Premium,2,1364.0,0.0,UPI,4.0
ORD101759,2023-02-13,Pune,West,Grocery,Rice 5kg,Premium,4,245.0,0.1,Debit Card,5.0
ORD101760,2022-12-02,Bengaluru,South,Fashion,Kurta,Premium,2,1917.0,0.2,Wallet,
ORD101761,2023-10-17,Kolkata,East,Grocery,Coffee,Premium,4,133.0,0.0,UPI,4.0
ORD101762,2022-03-30,Hyderabad,South,Books,Self-Help,Premium,1,989.0,0.1,UPI,4.0
ORD101763,2022-12-24,Delhi,North,Electronics,Smartwatch,New,2,18390.0,0.0,UPI,5.0
ORD101764,2022-05-16,Ahmedabad,West,Fashion,Jeans,Regular,2,3706.0,0.2,Cash on Delivery,4.0
ORD101765,2022-10-09,Mumbai,West,Grocery,Coffee,Premium,1,106.0,0.05,Debit Card,3.0
ORD101766,2023-08-02,Hyderabad,South,Books,Fiction,Regular,4,409.0,0.15,UPI,4.0
ORD101767,2022-12-16,Delhi,North,Electronics,Smartphone,Regular,1,11774.0,0.15,UPI,5.0
ORD101768,2022-10-30,Mumbai,West,Home & Kitchen,Mixer,Regular,2,8162.0,0.0,Cash on Delivery,3.0
ORD101769,2022-11-07,Hyderabad,South,Fashion,T-Shirt,New,2,4437.0,0.05,Cash on Delivery,4.0
ORD101770,2022-12-05,Hyderabad,South,Electronics,Headphones,Regular,1,20470.0,0.3,UPI,4.0
ORD101771,2023-09-14,Pune,West,Fashion,T-Shirt,Premium,1,5742.0,0.0,UPI,5.0
ORD101772,2023-11-06,Pune,West,Electronics,Smartphone,Regular,1,67045.0,0.1,Cash on Delivery,
ORD101773,2023-12-03,Pune,West,Books,Comics,Regular,4,171.0,0.3,Credit Card,4.0
ORD101774,2023-09-16,Bengaluru,South,Fashion,Kurta,New,2,5122.0,0.0,Wallet,
ORD101775,2022-10-06,Kolkata,East,Books,Fiction,Regular,4,1280.0,0.2,Credit Card,3.0
ORD101776,2023-06-19,Chennai,South,Electronics,Headphones,Regular,1,66790.0,0.3,Debit Card,3.0
ORD101777,2022-11-25,Bengaluru,South,Fashion,Kurta,Regular,1,1257.0,0.15,Credit Card,
ORD101778,2022-08-18,Chennai,South,Electronics,Smartphone,Premium,2,34817.0,0.0,Wallet,4.0
ORD101779,2023-10-16,Lucknow,North,Electronics,Smartwatch,Regular,2,49146.0,0.0,UPI,3.0
ORD101780,2022-02-04,Delhi,North,Electronics,Headphones,Regular,1,34136.0,0.0,UPI,4.0
ORD101781,2023-11-10,Jaipur,North,Electronics,Laptop,Premium,2,56963.0,0.15,UPI,5.0
ORD101782,2022-12-07,Mumbai,West,Home & Kitchen,Bedsheet,Regular,2,4692.0,0.2,Cash on Delivery,5.0
ORD101783,2023-05-04,Delhi,North,Fashion,Jacket,Premium,1,3507.0,0.1,Credit Card,5.0
ORD101784,2023-05-24,Delhi,North,Fashion,T-Shirt,Regular,1,760.0,0.0,UPI,4.0
ORD101785,2023-11-07,,East,Fashion,Sneakers,Regular,1,3936.0,0.0,Credit Card,5.0
ORD101786,2023-05-04,Mumbai,West,Books,Self-Help,Premium,3,595.0,0.15,UPI,4.0
ORD101787,2023-04-13,Jaipur,North,Grocery,Snacks Pack,New,5,1102.0,0.1,UPI,5.0
ORD101788,2022-03-02,Ahmedabad,West,Fashion,Jacket,Premium,1,3953.0,0.2,UPI,5.0
ORD101789,2023-01-17,Kolkata,East,Fashion,Jeans,Premium,2,3700.0,0.1,Debit Card,4.0
ORD101790,2022-05-16,Hyderabad,South,Electronics,Smartphone,Regular,2,25437.0,0.15,Debit Card,2.0
ORD101791,2023-08-02,Lucknow,North,Grocery,Tea 500g,Regular,3,1089.0,0.15,Cash on Delivery,4.0
ORD101792,2023-01-12,Ahmedabad,West,Electronics,Headphones,Regular,2,41611.0,0.1,Wallet,5.0
ORD101793,2023-06-12,Hyderabad,South,Fashion,Sneakers,New,1,5386.0,0.0,UPI,3.0
ORD101794,2022-02-07,Pune,West,Fashion,Kurta,New,2,1834.0,0.2,Debit Card,3.0
ORD101795,2022-03-18,Chennai,South,Fashion,T-Shirt,New,1,3065.0,0.1,UPI,4.0
ORD101796,2023-07-14,Chennai,South,Electronics,Headphones,Regular,2,61325.0,0.0,UPI,2.0
ORD101797,2022-03-06,Bengaluru,South,Books,Self-Help,Regular,1,1142.0,0.0,UPI,5.0
ORD101798,2022-03-06,Hyderabad,South,Electronics,Headphones,Premium,2,14863.0,0.0,Credit Card,4.0
ORD101799,2022-01-11,Mumbai,West,Home & Kitchen,Water Bottle,Premium,2,1476.0,0.05,UPI,3.0
ORD101800,2023-12-03,Bengaluru,South,Electronics,Smartwatch,Premium,1,12739.0,0.0,UPI,5.0
ORD101801,2023-08-03,Kolkata,East,Electronics,Smartwatch,Premium,1,28775.0,0.0,Debit Card,5.0
ORD101802,2022-10-21,Lucknow,North,Grocery,Coffee,Regular,3,1025.0,0.05,UPI,1.0
ORD101803,2022-09-25,Lucknow,North,Electronics,Smartwatch,Regular,1,40924.0,0.0,Credit Card,4.0
ORD101804,2022-10-20,Chennai,South,Books,Textbook,Regular,1,755.0,0.15,UPI,
ORD101805,2023-09-05,Chennai,South,Home & Kitchen,Table Lamp,Regular,2,5568.0,0.0,UPI,4.0
ORD101806,2023-05-26,Delhi,North,Electronics,Power Bank,Regular,2,44148.0,0.05,UPI,
ORD101807,2022-06-16,Kolkata,East,Grocery,Snacks Pack,Regular,3,147.0,0.0,UPI,4.0
ORD101808,2022-06-06,Mumbai,West,Electronics,Smartwatch,Regular,2,58207.0,0.0,UPI,3.0
ORD101809,2022-03-30,Delhi,North,Books,Comics,Premium,1,442.0,0.0,Debit Card,3.0
ORD101810,2023-05-25,Kolkata,East,Electronics,Headphones,New,1,61320.0,0.15,Cash on Delivery,3.0
ORD101811,2023-08-27,Bengaluru,South,Books,Self-Help,New,5,1486.0,0.15,UPI,5.0
ORD101812,2022-08-27,Mumbai,West,Electronics,Smartwatch,Regular,1,37939.0,0.0,UPI,
ORD101813,2022-01-19,Ahmedabad,West,Fashion,Sneakers,Regular,2,4249.0,0.05,Cash on Delivery,
ORD101814,2022-03-16,Bengaluru,South,Books,Fiction,Regular,2,210.0,0.0,UPI,5.0
ORD101815,2023-12-11,Mumbai,West,Grocery,Snacks Pack,New,3,723.0,0.4,UPI,5.0
ORD101816,2022-09-24,Mumbai,West,Grocery,Coffee,Regular,3,261.0,0.3,Credit Card,5.0
ORD101817,2023-08-31,Delhi,North,Books,Textbook,Regular,4,568.0,0.05,Debit Card,5.0
ORD101818,2023-04-23,Delhi,North,Grocery,Coffee,New,5,934.0,0.1,Credit Card,3.0
ORD101819,2022-11-02,Pune,West,Electronics,Power Bank,Regular,1,65410.0,0.15,Debit Card,4.0
ORD101820,2022-07-05,Bengaluru,South,Fashion,Kurta,New,2,2026.0,0.1,UPI,5.0
ORD101821,2022-04-20,Ahmedabad,West,Fashion,T-Shirt,Regular,2,533.0,0.1,Credit Card,5.0
ORD101822,2023-04-14,Delhi,North,Fashion,Jacket,Regular,1,3275.0,0.3,UPI,5.0
ORD101823,2023-09-05,Hyderabad,South,Fashion,Jacket,Regular,2,4440.0,0.05,Cash on Delivery,5.0
ORD101824,2023-05-10,Kolkata,East,Home & Kitchen,Mixer,New,2,11237.0,0.1,Cash on Delivery,4.0
ORD101825,2023-01-28,Kolkata,East,Electronics,Smartphone,New,1,59387.0,0.2,UPI,5.0
ORD101826,2022-02-07,Chennai,South,Home & Kitchen,Water Bottle,Premium,1,9897.0,0.1,UPI,
ORD101827,2023-12-11,Jaipur,North,Electronics,Laptop,Regular,1,51239.0,0.1,UPI,3.0
ORD101828,2023-09-27,Delhi,North,Fashion,Jeans,Regular,2,3267.0,0.0,UPI,5.0
ORD101829,2022-09-21,Hyderabad,South,Fashion,Jeans,New,1,3612.0,0.0,UPI,4.0
ORD101830,2023-12-19,Jaipur,North,Books,Fiction,Premium,4,1000.0,0.0,Credit Card,5.0
ORD101831,2023-04-02,Mumbai,West,Books,Self-Help,Premium,4,1424.0,0.05,Wallet,5.0
ORD101832,2023-03-16,Mumbai,West,Home & Kitchen,Water Bottle,Regular,2,609.0,0.0,UPI,4.0
ORD101833,2023-08-12,Delhi,North,Electronics,Smartphone,Regular,1,41119.0,0.4,UPI,4.0
ORD101834,2023-10-04,Kolkata,East,Home & Kitchen,Bedsheet,Regular,2,4286.0,0.05,UPI,4.0
ORD101835,2023-05-22,Delhi,North,Electronics,Power Bank,Premium,2,16822.0,0.15,UPI,1.0
ORD101836,2022-04-26,Delhi,North,Fashion,Jeans,New,1,3164.0,0.0,UPI,4.0
ORD101837,2022-10-15,Hyderabad,South,Fashion,T-Shirt,Regular,2,2625.0,0.15,Cash on Delivery,4.0
ORD101838,2023-11-21,Chennai,South,Electronics,Smartwatch,Regular,2,23395.0,0.05,UPI,5.0
ORD101839,2022-07-22,Delhi,North,Electronics,Headphones,Regular,2,45735.0,0.1,Wallet,3.0
ORD101840,2022-10-29,Delhi,North,Grocery,Cooking Oil,Regular,4,711.0,0.0,Credit Card,4.0
ORD101841,2022-11-22,Chennai,South,Grocery,Coffee,New,2,642.0,0.05,Credit Card,
ORD101842,2022-11-25,Lucknow,North,Fashion,T-Shirt,Regular,1,5706.0,0.1,UPI,5.0
ORD101843,2023-04-12,Kolkata,East,Electronics,Power Bank,New,1,58855.0,0.05,Debit Card,5.0
ORD101844,2023-11-27,Pune,West,Electronics,Laptop,Premium,1,50449.0,0.2,Credit Card,4.0
ORD101845,2022-08-05,Bengaluru,South,Fashion,Jeans,Premium,2,5939.0,0.2,UPI,4.0
ORD101846,2022-04-20,Delhi,North,Grocery,Snacks Pack,New,1,301.0,0.4,UPI,4.0
ORD101847,2022-06-27,Hyderabad,South,Electronics,Smartphone,Premium,2,78257.0,0.1,Wallet,3.0
ORD101848,2023-11-04,Ahmedabad,West,Books,Self-Help,New,2,431.0,0.4,UPI,5.0
ORD101849,2023-05-12,Hyderabad,South,Electronics,Smartphone,Regular,2,36972.0,0.15,Credit Card,4.0
ORD101850,2022-09-15,Ahmedabad,West,Grocery,Coffee,Premium,2,252.0,0.0,UPI,5.0
ORD101851,2023-10-06,Lucknow,North,Fashion,Jacket,Premium,1,1583.0,0.0,UPI,4.0
ORD101852,2023-10-24,Mumbai,West,Books,Comics,Regular,1,1468.0,0.0,UPI,4.0
ORD101853,2023-10-18,Mumbai,West,Fashion,Jeans,Premium,1,4294.0,0.0,UPI,4.0
ORD101854,2023-11-17,Mumbai,West,Home & Kitchen,Bedsheet,Premium,1,8186.0,0.0,Debit Card,5.0
ORD101855,2022-08-16,Bengaluru,South,Electronics,Power Bank,New,2,71084.0,0.0,UPI,3.0
ORD101856,2023-08-18,Mumbai,West,Electronics,Smartphone,Regular,1,61654.0,0.1,Cash on Delivery,4.0
ORD101857,2022-12-06,Jaipur,North,Grocery,Cooking Oil,Premium,4,376.0,0.0,Debit Card,3.0
ORD101858,2023-10-17,Mumbai,West,Grocery,Snacks Pack,Regular,4,928.0,0.0,UPI,2.0
ORD101859,2023-07-25,Bengaluru,South,Grocery,Rice 5kg,Premium,3,457.0,0.15,Credit Card,5.0
ORD101860,2023-09-07,Delhi,North,Home & Kitchen,Bedsheet,Regular,2,1615.0,0.15,Debit Card,3.0
ORD101861,2023-05-21,Lucknow,North,Books,Textbook,Premium,4,458.0,0.4,Debit Card,2.0
ORD101862,2022-06-09,Kolkata,East,Electronics,Smartphone,Regular,1,25761.0,0.1,Debit Card,5.0
ORD101863,2023-02-10,Jaipur,North,Fashion,Jacket,Regular,1,4813.0,0.0,Debit Card,4.0
ORD101864,2023-12-22,Lucknow,North,Fashion,Kurta,Regular,2,3681.0,0.0,UPI,3.0
ORD101865,2023-11-25,Hyderabad,South,Home & Kitchen,Cookware Set,Regular,2,8335.0,0.0,Debit Card,2.0
ORD101866,2022-02-08,Delhi,North,Fashion,Sneakers,Premium,1,1035.0,0.0,UPI,3.0
ORD101867,2022-05-29,Delhi,North,Electronics,Smartphone,New,2,35282.0,0.0,Credit Card,4.0
ORD101868,2022-04-29,Delhi,North,Home & Kitchen,Water Bottle,Regular,2,1112.0,0.4,UPI,5.0
ORD101869,2023-07-23,Pune,West,Books,Textbook,Regular,5,867.0,0.0,Cash on Delivery,5.0
ORD101870,2023-10-07,Mumbai,West,Fashion,Jacket,Regular,1,4832.0,0.0,Credit Card,3.0
ORD101871,2022-07-12,Mumbai,West,Electronics,Smartwatch,Premium,2,63120.0,0.0,Debit Card,5.0
ORD101872,2023-01-06,Chennai,South,Electronics,Laptop,Regular,2,6855.0,0.1,Cash on Delivery,4.0
ORD101873,2023-10-16,Kolkata,East,Electronics,Power Bank,Regular,2,62905.0,0.0,Cash on Delivery,4.0
ORD101874,2023-07-29,Kolkata,East,Fashion,Jeans,Regular,2,3559.0,0.0,Debit Card,5.0
ORD101875,2023-02-08,Bengaluru,South,Home & Kitchen,Bedsheet,Regular,1,5091.0,0.0,UPI,4.0
ORD101876,2023-03-23,Ahmedabad,West,Home & Kitchen,Cookware Set,Regular,2,964.0,0.0,Cash on Delivery,3.0
ORD101877,2023-01-08,Chennai,South,Home & Kitchen,Mixer,Regular,2,2386.0,0.0,Debit Card,5.0
ORD101878,2022-09-26,Mumbai,West,Fashion,T-Shirt,Premium,1,3637.0,0.05,Debit Card,3.0
ORD101879,2023-02-28,Ahmedabad,West,Books,Fiction,Premium,1,980.0,0.0,Wallet,4.0
ORD101880,2023-06-20,Lucknow,North,Electronics,Smartwatch,Regular,1,70691.0,0.15,UPI,5.0
ORD101881,2023-10-29,Mumbai,West,Fashion,Sneakers,Premium,1,4123.0,0.05,UPI,5.0
ORD101882,2023-05-03,Bengaluru,South,Books,Textbook,Regular,2,891.0,0.1,Credit Card,5.0
ORD101883,2023-08-24,Hyderabad,South,Electronics,Power Bank,New,1,47663.0,0.0,Cash on Delivery,3.0
ORD101884,2022-05-25,Mumbai,West,Electronics,Smartphone,Regular,1,58977.0,0.0,Credit Card,4.0
ORD101885,2022-12-07,Jaipur,North,Grocery,Rice 5kg,Premium,2,941.0,0.0,Debit Card,3.0
ORD101886,2022-01-09,Delhi,North,Fashion,T-Shirt,Premium,2,1123.0,0.05,Credit Card,4.0
ORD101887,2022-08-11,Pune,West,Home & Kitchen,Bedsheet,Regular,1,8337.0,0.05,Debit Card,4.0
ORD101888,2023-07-24,Kolkata,East,Electronics,Headphones,New,2,67797.0,0.0,Cash on Delivery,5.0
ORD101889,2023-12-26,Chennai,South,Home & Kitchen,Mixer,Regular,2,3952.0,0.15,UPI,1.0
ORD101890,2022-03-31,Delhi,North,Fashion,T-Shirt,Premium,1,2680.0,0.15,Debit Card,2.0
ORD101891,2022-11-10,Delhi,North,Electronics,Smartphone,Regular,1,44180.0,0.15,Cash on Delivery,4.0
ORD101892,2023-09-28,Mumbai,West,Home & Kitchen,Table Lamp,Regular,1,7281.0,0.0,Credit Card,
ORD101893,2022-07-03,Delhi,North,Electronics,Smartwatch,Premium,1,15118.0,0.1,UPI,5.0
ORD101894,2023-02-19,Bengaluru,South,Fashion,T-Shirt,Regular,1,695.0,0.0,UPI,
ORD101895,2023-07-30,Ahmedabad,West,Electronics,Smartphone,Regular,2,11500.0,0.1,Cash on Delivery,4.0
ORD101896,2023-04-15,Bengaluru,South,Electronics,Power Bank,Regular,2,72036.0,0.0,UPI,2.0
ORD101897,2022-06-19,Pune,West,Fashion,Jacket,Premium,1,3750.0,0.0,UPI,4.0
ORD101898,2022-10-22,Bengaluru,South,Electronics,Power Bank,Regular,1,3627.0,0.2,UPI,5.0
ORD101899,2023-09-13,Pune,West,Grocery,Cooking Oil,Regular,4,741.0,0.05,Credit Card,3.0
ORD101900,2023-02-18,Lucknow,North,Electronics,Smartphone,Premium,2,78783.0,0.0,Debit Card,4.0
ORD101901,2022-01-05,Delhi,North,Fashion,T-Shirt,Regular,2,4752.0,0.0,Cash on Delivery,2.0
ORD101902,2023-08-24,Jaipur,North,Electronics,Headphones,Regular,1,51019.0,0.05,UPI,4.0
ORD101903,2022-02-01,Kolkata,East,Fashion,Jeans,Regular,1,733.0,0.3,Debit Card,3.0
ORD101904,2023-08-10,Ahmedabad,West,Grocery,Coffee,Regular,4,1005.0,0.05,Debit Card,3.0
ORD101905,2022-07-02,Kolkata,East,Electronics,Headphones,Regular,1,56988.0,0.4,UPI,4.0
ORD101906,2023-12-05,Bengaluru,South,Grocery,Snacks Pack,New,3,1199.0,0.0,UPI,4.0
ORD101907,2022-10-27,Delhi,North,Electronics,Power Bank,Regular,1,47358.0,0.05,Cash on Delivery,4.0
ORD101908,2022-10-10,Mumbai,West,Books,Comics,Regular,3,460.0,0.15,Debit Card,5.0
ORD101909,2022-05-15,Chennai,South,Home & Kitchen,Cookware Set,Regular,2,8656.0,0.05,Debit Card,3.0
ORD101910,2022-10-02,Lucknow,North,Grocery,Tea 500g,Regular,4,116.0,0.0,UPI,5.0
ORD101911,2023-10-31,Pune,West,Home & Kitchen,Water Bottle,Premium,1,11656.0,0.05,Cash on Delivery,1.0
ORD101912,2023-12-29,Bengaluru,South,Fashion,Jeans,Regular,2,1154.0,0.05,Credit Card,4.0
ORD101913,2022-10-27,Ahmedabad,West,Electronics,Smartwatch,Regular,1,64036.0,0.1,Cash on Delivery,4.0
ORD101914,2022-11-29,Pune,West,Electronics,Headphones,Regular,2,30335.0,0.15,Wallet,
ORD101915,2023-07-20,Delhi,North,Grocery,Coffee,New,4,382.0,0.15,Wallet,4.0
ORD101916,2023-11-04,Mumbai,West,Fashion,T-Shirt,Regular,1,5021.0,0.1,Cash on Delivery,3.0
ORD101917,2023-03-25,Mumbai,West,Fashion,Sneakers,Regular,1,4114.0,0.0,UPI,4.0
ORD101918,2022-11-06,Jaipur,North,Books,Textbook,Premium,4,1073.0,0.0,Cash on Delivery,4.0
ORD101919,2022-11-14,Ahmedabad,West,Fashion,Jacket,Regular,2,2910.0,0.15,UPI,4.0
ORD101920,2023-06-26,Delhi,North,Grocery,Tea 500g,Premium,1,636.0,0.3,Cash on Delivery,3.0
ORD101921,2022-01-03,Delhi,North,Books,Comics,Premium,3,499.0,0.0,UPI,4.0
ORD101922,2023-04-18,Ahmedabad,West,Home & Kitchen,Bedsheet,Regular,2,8742.0,0.05,Debit Card,3.0
ORD101923,2022-10-22,Lucknow,North,Grocery,Coffee,Regular,2,663.0,0.0,UPI,5.0
ORD101924,2023-09-23,Pune,West,Electronics,Power Bank,New,1,56122.0,0.0,Cash on Delivery,4.0
ORD101925,2022-03-25,Chennai,South,Electronics,Smartphone,Premium,1,18938.0,0.05,UPI,2.0
ORD101926,2023-03-21,Delhi,North,Fashion,Sneakers,New,1,4965.0,0.05,UPI,5.0
ORD101927,2022-12-19,Hyderabad,South,Electronics,Headphones,Regular,1,8994.0,0.0,Cash on Delivery,5.0
ORD101928,2023-05-09,Delhi,North,Books,Textbook,Regular,5,293.0,0.15,Debit Card,4.0
ORD101929,2022-02-28,Ahmedabad,West,Grocery,Snacks Pack,New,4,420.0,0.15,UPI,2.0
ORD101930,2023-03-14,Bengaluru,South,Fashion,Jeans,Regular,1,444.0,0.3,UPI,5.0
ORD101931,2023-02-25,Ahmedabad,West,Fashion,Sneakers,New,2,996.0,0.0,UPI,4.0
ORD101932,2023-02-24,Bengaluru,South,Grocery,Rice 5kg,Regular,4,103.0,0.05,Debit Card,5.0
ORD101933,2023-04-04,Ahmedabad,West,Fashion,Kurta,New,2,958.0,0.0,Wallet,2.0
ORD101934,2023-06-09,Bengaluru,South,Fashion,Kurta,Regular,2,3208.0,0.0,Debit Card,2.0
ORD101935,2023-10-01,Hyderabad,South,Fashion,Jacket,Regular,1,1348.0,0.05,UPI,
ORD101936,2022-09-01,Chennai,South,Grocery,Tea 500g,New,1,812.0,0.15,UPI,
ORD101937,2023-10-10,Mumbai,West,Home & Kitchen,Table Lamp,Regular,1,7132.0,0.0,Wallet,1.0
ORD101938,2022-12-30,Lucknow,North,Books,Textbook,Regular,4,250.0,0.3,UPI,5.0
ORD101939,2022-03-11,Chennai,South,Books,Biography,Regular,1,981.0,0.15,Credit Card,3.0
ORD101940,2022-02-22,Hyderabad,South,Fashion,Sneakers,Premium,1,4522.0,0.15,UPI,5.0
ORD101941,2022-10-13,Ahmedabad,West,Fashion,Kurta,New,1,3455.0,0.15,Cash on Delivery,5.0
ORD101942,2023-09-14,Jaipur,North,Books,Textbook,Regular,2,203.0,0.0,Cash on Delivery,3.0
ORD101943,2023-07-07,Hyderabad,South,Fashion,Sneakers,Regular,1,1298.0,0.15,UPI,4.0
ORD101944,2023-09-18,Jaipur,North,Books,Self-Help,Regular,2,869.0,0.0,Debit Card,1.0
ORD101945,2023-01-16,Mumbai,West,Grocery,Cooking Oil,Premium,3,868.0,0.2,Credit Card,2.0
ORD101946,2022-11-26,Mumbai,West,Home & Kitchen,Mixer,Regular,1,2859.0,0.0,UPI,1.0
ORD101947,2022-05-13,Chennai,South,Books,Comics,Regular,1,784.0,0.0,UPI,5.0
ORD101948,2022-10-11,Bengaluru,South,Books,Textbook,Regular,1,865.0,0.05,Credit Card,4.0
ORD101949,2022-11-23,Hyderabad,South,Books,Comics,Premium,1,585.0,0.0,UPI,4.0
ORD101950,2022-03-21,Bengaluru,South,Fashion,Kurta,New,1,5810.0,0.0,Cash on Delivery,5.0
ORD101951,2022-07-18,Bengaluru,South,Electronics,Headphones,Regular,1,24915.0,0.0,UPI,4.0
ORD101952,2023-03-30,Ahmedabad,West,Fashion,Jeans,Regular,2,2980.0,0.2,UPI,4.0
ORD101953,2023-08-01,Chennai,South,Home & Kitchen,Water Bottle,Premium,1,11753.0,0.05,UPI,1.0
ORD101954,2023-12-30,Lucknow,North,Fashion,Jeans,Premium,1,5938.0,0.0,UPI,4.0
ORD101955,2023-11-23,Pune,West,Books,Fiction,Regular,5,1135.0,0.0,Credit Card,3.0
ORD101956,2023-05-09,Delhi,North,Fashion,Jeans,Regular,1,5627.0,0.0,UPI,5.0
ORD101957,2022-11-18,,North,Home & Kitchen,Table Lamp,Regular,2,2960.0,0.05,Debit Card,4.0
ORD101958,2023-05-03,Bengaluru,South,Electronics,Headphones,Premium,1,35216.0,0.15,Wallet,5.0
ORD101959,2023-09-15,Ahmedabad,West,Books,Self-Help,Premium,1,966.0,0.0,Cash on Delivery,5.0
ORD101960,2022-04-17,Mumbai,West,Home & Kitchen,Mixer,Regular,1,695.0,0.0,UPI,5.0
ORD101961,2022-11-13,Delhi,North,Electronics,Headphones,Regular,1,8331.0,0.0,Wallet,4.0
ORD101962,2023-10-16,Jaipur,North,Fashion,Kurta,Regular,1,2337.0,0.0,UPI,4.0
ORD101963,2022-11-03,Kolkata,East,Books,Comics,New,3,783.0,0.0,Credit Card,5.0
ORD101964,2023-03-06,Delhi,North,Fashion,Jeans,Regular,2,647.0,0.15,Credit Card,1.0
ORD101965,2023-03-21,Delhi,North,Electronics,Power Bank,New,1,14213.0,0.0,UPI,3.0
ORD101966,2022-06-16,Jaipur,North,Grocery,Cooking Oil,Premium,2,617.0,0.05,Cash on Delivery,5.0
ORD101967,2022-10-25,Jaipur,North,Home & Kitchen,Bedsheet,Regular,1,1653.0,0.1,UPI,5.0
ORD101968,2022-10-13,Delhi,North,Grocery,Snacks Pack,Regular,1,472.0,0.0,Credit Card,4.0
ORD101969,2022-01-24,Bengaluru,South,Fashion,Jeans,New,2,3970.0,0.1,UPI,5.0
ORD101970,2022-01-22,Ahmedabad,West,Fashion,Jeans,Regular,2,1791.0,0.05,Cash on Delivery,4.0
ORD101971,2023-10-12,Pune,West,Grocery,Rice 5kg,New,3,218.0,0.0,Cash on Delivery,2.0
ORD101972,2022-09-04,Ahmedabad,West,Fashion,Jeans,Regular,1,4304.0,0.15,UPI,5.0
ORD101973,2023-01-17,Hyderabad,South,Home & Kitchen,Table Lamp,Premium,1,10616.0,0.0,Debit Card,5.0
ORD101974,2022-09-27,Jaipur,North,Electronics,Smartwatch,New,2,8565.0,0.2,Debit Card,
ORD101975,2023-11-26,Bengaluru,South,Fashion,Kurta,New,1,3391.0,0.05,Credit Card,1.0
ORD101976,2022-08-22,Mumbai,West,Electronics,Headphones,Regular,1,29201.0,0.05,Debit Card,5.0
ORD101977,2022-11-21,Pune,West,Electronics,Smartphone,Premium,2,36819.0,0.2,Credit Card,4.0
ORD101978,2023-10-29,Chennai,South,Electronics,Smartwatch,Regular,1,41206.0,0.15,UPI,1.0
ORD101979,2023-10-16,Ahmedabad,West,Electronics,Headphones,Regular,2,26976.0,0.05,Debit Card,5.0
ORD101980,2022-06-17,Mumbai,West,Grocery,Rice 5kg,Regular,2,213.0,0.15,Credit Card,3.0
ORD101981,2023-09-30,Ahmedabad,West,Electronics,Laptop,Regular,2,18896.0,0.0,Credit Card,4.0
ORD101982,2022-12-05,Delhi,North,Home & Kitchen,Water Bottle,Regular,2,4748.0,0.05,Cash on Delivery,4.0
ORD101983,2022-12-21,Kolkata,East,Books,Textbook,Regular,5,1119.0,0.0,UPI,4.0
ORD101984,2022-05-01,Mumbai,West,Home & Kitchen,Mixer,New,2,3252.0,0.0,UPI,4.0
ORD101985,2022-03-14,Chennai,South,Electronics,Headphones,Premium,1,20026.0,0.15,UPI,4.0
ORD101986,2023-07-25,Pune,West,Books,Biography,Regular,2,697.0,0.0,UPI,4.0
ORD101987,2022-12-29,Bengaluru,South,Home & Kitchen,Bedsheet,New,1,1991.0,0.0,UPI,4.0
ORD101988,2022-11-24,Delhi,North,Books,Biography,Regular,4,357.0,0.15,Wallet,5.0
ORD101989,2023-07-26,Chennai,South,Books,Textbook,Regular,4,1236.0,0.0,UPI,5.0
ORD101990,2023-08-28,Ahmedabad,West,Grocery,Snacks Pack,Premium,2,547.0,0.0,Debit Card,3.0
ORD101991,2022-05-24,Bengaluru,South,Home & Kitchen,Table Lamp,Regular,1,6269.0,0.05,UPI,4.0
ORD101992,2023-04-10,Delhi,North,Fashion,Jeans,Premium,1,2623.0,0.05,Debit Card,5.0
ORD101993,2022-05-02,Delhi,North,Home & Kitchen,Table Lamp,Regular,2,2094.0,0.15,Wallet,4.0
ORD101994,2023-08-15,Lucknow,North,Electronics,Laptop,Regular,2,7959.0,0.05,UPI,4.0
ORD101995,2023-05-22,Bengaluru,South,Grocery,Cooking Oil,Regular,1,366.0,0.05,Cash on Delivery,5.0
ORD101996,2023-12-04,Mumbai,West,Electronics,Power Bank,New,2,73028.0,0.1,Wallet,1.0
ORD101997,2022-03-04,Pune,West,Fashion,Kurta,Premium,2,4726.0,0.0,Credit Card,4.0
ORD101998,2022-02-21,Kolkata,East,Books,Biography,Premium,5,458.0,0.05,UPI,4.0
ORD101999,2022-09-12,Mumbai,West,Home & Kitchen,Table Lamp,Premium,2,4492.0,0.2,Debit Card,1.0
ORD102000,2022-08-24,Lucknow,North,Fashion,Jeans,Regular,2,527.0,0.0,Cash on Delivery,4.0
ORD102001,2022-08-11,Chennai,South,Fashion,Kurta,Premium,2,1550.0,0.0,UPI,5.0
ORD102002,2023-11-12,Hyderabad,South,Books,Textbook,Regular,4,1310.0,0.0,Credit Card,5.0
ORD102003,2022-08-13,Bengaluru,South,Fashion,Jacket,Regular,1,1779.0,0.05,UPI,3.0
ORD102004,2022-09-03,Jaipur,North,Books,Comics,Premium,1,757.0,0.0,UPI,
ORD102005,2023-08-22,Delhi,North,Electronics,Headphones,Regular,2,78667.0,0.05,Cash on Delivery,5.0
ORD102006,2022-11-30,Delhi,North,Books,Fiction,Regular,3,1104.0,0.15,Credit Card,4.0
ORD102007,2023-09-07,Mumbai,West,Books,Textbook,New,4,1125.0,0.05,UPI,4.0
ORD102008,2022-02-28,Pune,West,Electronics,Smartwatch,Premium,2,37046.0,0.0,Debit Card,4.0
ORD102009,2022-12-23,Chennai,South,Fashion,Sneakers,Premium,1,2582.0,0.15,UPI,5.0
ORD102010,2022-01-31,Chennai,South,Electronics,Power Bank,Regular,2,32804.0,0.0,UPI,4.0
ORD102011,2022-02-26,Delhi,North,Home & Kitchen,Bedsheet,Regular,2,9695.0,0.1,Credit Card,5.0
ORD102012,2023-11-12,Kolkata,East,Fashion,T-Shirt,Premium,2,666.0,0.05,UPI,4.0
ORD102013,2022-05-06,Pune,West,Home & Kitchen,Table Lamp,Premium,2,11492.0,0.0,UPI,4.0
ORD102014,2023-01-30,Bengaluru,South,Electronics,Power Bank,Regular,2,56005.0,0.2,UPI,4.0
ORD102015,2022-11-14,Ahmedabad,West,Electronics,Laptop,New,2,54190.0,0.0,Credit Card,5.0
ORD102016,2022-10-19,Bengaluru,South,Electronics,Laptop,New,2,18317.0,0.4,Cash on Delivery,4.0
ORD102017,2023-11-09,Pune,West,Fashion,Sneakers,Regular,2,5542.0,0.0,Cash on Delivery,3.0
ORD102018,2022-01-20,Mumbai,West,Home & Kitchen,Cookware Set,New,2,5422.0,0.0,UPI,4.0
ORD102019,2023-05-28,Chennai,South,Books,Textbook,Regular,2,1219.0,0.0,Credit Card,5.0
ORD102020,2023-12-08,,North,Home & Kitchen,Mixer,Regular,1,8115.0,0.0,Cash on Delivery,5.0
ORD102021,2023-02-24,Lucknow,North,Fashion,Jeans,Regular,1,1140.0,0.1,UPI,4.0
ORD102022,2023-11-24,Delhi,North,Grocery,Cooking Oil,Premium,5,839.0,0.1,Wallet,5.0
ORD102023,2022-02-17,Hyderabad,South,Home & Kitchen,Bedsheet,New,2,6510.0,0.15,Wallet,2.0
ORD102024,2022-11-17,Mumbai,West,Grocery,Coffee,Premium,1,321.0,0.0,UPI,2.0
ORD102025,2022-08-23,Jaipur,North,Fashion,T-Shirt,Premium,1,1307.0,0.0,UPI,3.0
ORD102026,2023-07-28,Chennai,South,Electronics,Laptop,Regular,1,56831.0,0.1,UPI,3.0
ORD102027,2023-12-19,,South,Electronics,Laptop,Regular,1,31750.0,0.0,UPI,3.0
ORD102028,2022-08-20,Mumbai,West,Books,Biography,Regular,5,414.0,0.1,Wallet,5.0
ORD102029,2023-05-19,Lucknow,North,Electronics,Laptop,Regular,2,74661.0,0.1,Wallet,5.0
ORD102030,2022-06-28,Chennai,South,Fashion,Jacket,Premium,1,2642.0,0.0,UPI,5.0
ORD102031,2023-02-28,Delhi,North,Fashion,Kurta,Regular,2,1870.0,0.15,Credit Card,5.0
ORD102032,2022-12-08,Bengaluru,South,Home & Kitchen,Mixer,Premium,2,7323.0,0.1,Credit Card,5.0
ORD102033,2023-12-13,Delhi,North,Home & Kitchen,Mixer,Regular,2,9012.0,0.1,UPI,3.0
ORD102034,2023-04-08,Chennai,South,Electronics,Power Bank,Regular,1,34724.0,0.0,Debit Card,5.0
ORD102035,2022-10-20,Jaipur,North,Fashion,T-Shirt,Regular,1,4355.0,0.0,Wallet,4.0
ORD102036,2022-04-13,Ahmedabad,West,Home & Kitchen,Table Lamp,New,2,7060.0,0.0,UPI,
ORD102037,2022-05-17,Hyderabad,South,Grocery,Coffee,Regular,4,854.0,0.0,UPI,4.0
ORD102038,2022-07-23,Ahmedabad,West,Books,Self-Help,Regular,1,366.0,0.0,UPI,2.0
ORD102039,2022-08-15,Bengaluru,South,Grocery,Coffee,New,1,567.0,0.15,UPI,5.0
ORD102040,2023-10-20,Delhi,North,Books,Textbook,New,2,1430.0,0.1,UPI,5.0
ORD102041,2023-02-25,Lucknow,North,Home & Kitchen,Bedsheet,Premium,1,6237.0,0.05,Credit Card,4.0
ORD102042,2023-01-22,Delhi,North,Electronics,Laptop,Regular,2,28079.0,0.0,Credit Card,4.0
ORD102043,2022-04-14,Bengaluru,South,Home & Kitchen,Table Lamp,Regular,1,581.0,0.2,Cash on Delivery,2.0
ORD102044,2023-10-24,Lucknow,North,Home & Kitchen,Mixer,New,1,10999.0,0.0,UPI,
ORD102045,2023-07-20,Mumbai,West,Home & Kitchen,Water Bottle,New,2,6781.0,0.15,UPI,3.0
ORD102046,2022-03-02,Pune,West,Fashion,Jeans,Premium,2,2989.0,0.3,Cash on Delivery,2.0
ORD102047,2023-07-07,Lucknow,North,Fashion,Sneakers,Regular,1,456.0,0.1,Cash on Delivery,2.0
ORD102048,2023-02-09,Hyderabad,South,Fashion,T-Shirt,Regular,2,1013.0,0.4,UPI,4.0
ORD102049,2022-03-15,Mumbai,West,Fashion,Sneakers,Regular,1,2603.0,0.1,UPI,3.0
ORD102050,2022-12-05,Bengaluru,South,Electronics,Laptop,Premium,2,62073.0,0.0,Cash on Delivery,5.0
ORD102051,2022-12-22,Mumbai,West,Books,Textbook,Regular,4,895.0,0.0,UPI,5.0
ORD102052,2022-05-30,Bengaluru,South,Electronics,Smartwatch,New,2,60250.0,0.0,UPI,4.0
ORD102053,2023-11-28,Ahmedabad,West,Electronics,Headphones,Regular,1,33865.0,0.0,Credit Card,5.0
ORD102054,2023-10-20,Bengaluru,South,Fashion,T-Shirt,Premium,1,1518.0,0.1,UPI,2.0
ORD102055,2023-06-02,Bengaluru,South,Home & Kitchen,Water Bottle,Regular,2,8673.0,0.0,UPI,4.0
ORD102056,2022-12-07,Chennai,South,Fashion,Sneakers,Regular,1,5505.0,0.15,Credit Card,4.0
ORD102057,2022-11-14,Chennai,South,Electronics,Smartwatch,Regular,1,37720.0,0.0,Cash on Delivery,3.0
ORD102058,2023-05-17,Ahmedabad,West,Home & Kitchen,Cookware Set,Premium,1,6150.0,0.0,Cash on Delivery,5.0
ORD102059,2023-02-10,Delhi,North,Fashion,Jeans,Premium,1,1620.0,0.3,Wallet,3.0
ORD102060,2022-02-26,Ahmedabad,West,Grocery,Rice 5kg,Regular,2,384.0,0.0,UPI,5.0
ORD102061,2023-01-12,Chennai,South,Grocery,Cooking Oil,New,5,629.0,0.1,UPI,5.0
ORD102062,2023-10-02,Delhi,North,Fashion,Jacket,Regular,1,498.0,0.15,Cash on Delivery,5.0
ORD102063,2022-12-05,Delhi,North,Fashion,Sneakers,New,1,1922.0,0.0,Credit Card,
ORD102064,2022-02-16,Bengaluru,South,Books,Comics,New,4,999.0,0.05,UPI,
ORD102065,2023-09-15,Kolkata,East,Electronics,Smartwatch,New,2,62297.0,0.0,UPI,4.0
ORD102066,2022-07-01,Delhi,North,Fashion,Jacket,Regular,2,3304.0,0.15,UPI,4.0
ORD102067,2022-08-22,Jaipur,North,Fashion,Jacket,Regular,1,1860.0,0.1,Credit Card,4.0
ORD102068,2022-05-29,Chennai,South,Grocery,Coffee,New,1,1163.0,0.0,UPI,5.0
ORD102069,2022-10-12,Jaipur,North,Electronics,Smartphone,Regular,2,47297.0,0.15,Wallet,4.0
ORD102070,2023-08-20,Mumbai,West,Home & Kitchen,Water Bottle,Regular,2,5654.0,0.0,UPI,
ORD102071,2023-01-18,Bengaluru,South,Books,Self-Help,Premium,4,1160.0,0.15,Wallet,4.0
ORD102072,2022-07-04,Mumbai,West,Fashion,Kurta,Regular,2,2156.0,0.2,Cash on Delivery,4.0
ORD102073,2023-10-31,Delhi,North,Electronics,Power Bank,Premium,1,60462.0,0.2,Credit Card,4.0
ORD102074,2023-11-01,Jaipur,North,Grocery,Cooking Oil,New,5,899.0,0.15,Debit Card,5.0
ORD102075,2023-10-28,Mumbai,West,Fashion,Sneakers,Premium,1,503.0,0.0,Debit Card,3.0
ORD102076,2022-08-04,Bengaluru,South,Home & Kitchen,Bedsheet,Regular,2,7763.0,0.4,UPI,4.0
ORD102077,2022-11-30,Mumbai,West,Electronics,Smartwatch,Regular,1,38225.0,0.0,UPI,4.0
ORD102078,2023-12-22,Bengaluru,South,Fashion,T-Shirt,Regular,1,5058.0,0.1,Credit Card,2.0
ORD102079,2023-09-03,Ahmedabad,West,Fashion,Jeans,Regular,2,2355.0,0.0,Debit Card,4.0
ORD102080,2022-01-25,Kolkata,East,Electronics,Power Bank,Regular,1,74688.0,0.4,Credit Card,4.0
ORD102081,2022-02-28,Pune,West,Electronics,Smartwatch,Regular,1,29579.0,0.1,Credit Card,2.0
ORD102082,2022-12-08,Bengaluru,South,Books,Comics,Regular,3,611.0,0.15,Credit Card,4.0
ORD102083,2023-11-13,Lucknow,North,Electronics,Laptop,Regular,2,62172.0,0.0,Credit Card,
ORD102084,2023-02-04,Pune,West,Electronics,Smartwatch,New,2,78866.0,0.15,Credit Card,
ORD102085,2022-12-30,Bengaluru,South,Fashion,Sneakers,Regular,1,1759.0,0.15,Credit Card,4.0
ORD102086,2022-04-06,Bengaluru,South,Books,Fiction,Regular,3,244.0,0.1,Cash on Delivery,4.0
ORD102087,2023-05-22,,North,Electronics,Smartphone,Premium,1,47315.0,0.0,Debit Card,4.0
ORD102088,2023-10-08,Chennai,South,Home & Kitchen,Mixer,Premium,1,323.0,0.0,Debit Card,
ORD102089,2022-11-01,Pune,West,Electronics,Smartphone,Regular,2,77756.0,0.0,Credit Card,4.0
ORD102090,2023-09-06,Bengaluru,South,Electronics,Smartphone,Premium,2,59387.0,0.0,Debit Card,4.0
ORD102091,2023-12-09,Delhi,North,Electronics,Headphones,Regular,1,19521.0,0.0,Credit Card,1.0
ORD102092,2022-07-03,Pune,West,Books,Biography,Regular,4,1481.0,0.0,UPI,4.0
ORD102093,2023-01-22,Chennai,South,Electronics,Headphones,New,2,39717.0,0.0,Wallet,2.0
ORD102094,2022-09-16,Hyderabad,South,Electronics,Smartphone,New,2,29088.0,0.0,UPI,5.0
ORD102095,2023-09-21,Kolkata,East,Fashion,T-Shirt,Premium,1,1437.0,0.0,UPI,4.0
ORD102096,2023-03-11,Delhi,North,Books,Self-Help,Premium,4,870.0,0.2,UPI,4.0
ORD102097,2023-05-02,Ahmedabad,West,Electronics,Laptop,New,2,44389.0,0.05,UPI,4.0
ORD102098,2023-09-26,Lucknow,North,Fashion,Kurta,New,1,2635.0,0.0,Cash on Delivery,5.0
ORD102099,2022-11-08,Jaipur,North,Electronics,Headphones,Regular,1,11205.0,0.05,Credit Card,1.0
ORD102100,2023-11-15,Bengaluru,South,Fashion,Jacket,Premium,2,2600.0,0.1,Cash on Delivery,4.0
ORD102101,2023-01-30,Bengaluru,South,Home & Kitchen,Cookware Set,Regular,1,5350.0,0.3,UPI,5.0
ORD102102,2022-05-23,Ahmedabad,West,Home & Kitchen,Mixer,Regular,2,6646.0,0.0,UPI,5.0
ORD102103,2023-06-26,Chennai,South,Fashion,Kurta,Regular,1,4090.0,0.0,UPI,4.0
ORD102104,2023-09-22,Chennai,South,Fashion,Jacket,Premium,1,1582.0,0.4,Debit Card,4.0
ORD102105,2022-10-06,Jaipur,North,Electronics,Smartphone,New,2,4541.0,0.0,Cash on Delivery,4.0
ORD102106,2023-10-23,Chennai,South,Fashion,T-Shirt,New,1,4673.0,0.0,Credit Card,5.0
ORD102107,2023-11-12,Hyderabad,South,Electronics,Laptop,Regular,2,5935.0,0.0,UPI,2.0
ORD102108,2022-09-07,Mumbai,West,Books,Fiction,Regular,2,844.0,0.0,Wallet,4.0
ORD102109,2023-12-21,Mumbai,West,Grocery,Tea 500g,Regular,4,1118.0,0.4,UPI,3.0
ORD102110,2022-05-07,Mumbai,West,Grocery,Rice 5kg,Regular,5,460.0,0.0,Credit Card,1.0
ORD102111,2022-07-02,Jaipur,North,Books,Self-Help,New,1,1406.0,0.3,UPI,3.0
ORD102112,2022-06-16,Bengaluru,South,Home & Kitchen,Mixer,Regular,1,2640.0,0.4,UPI,
ORD102113,2023-11-07,Hyderabad,South,Home & Kitchen,Water Bottle,Premium,1,5757.0,0.05,UPI,3.0
ORD102114,2023-05-20,Ahmedabad,West,Fashion,T-Shirt,Regular,2,3535.0,0.0,UPI,
ORD102115,2022-05-18,Chennai,South,Home & Kitchen,Cookware Set,Regular,2,3866.0,0.0,Cash on Delivery,3.0
ORD102116,2022-11-26,Chennai,South,Fashion,Jeans,Premium,1,3725.0,0.0,Debit Card,
ORD102117,2023-04-14,Delhi,North,Fashion,Jeans,Regular,2,3388.0,0.0,Cash on Delivery,5.0
ORD102118,2022-03-17,Ahmedabad,West,Books,Comics,Regular,5,1043.0,0.05,Credit Card,3.0
ORD102119,2023-11-02,Delhi,North,Fashion,Jeans,Regular,2,1810.0,0.0,Credit Card,4.0
ORD102120,2023-10-01,Mumbai,West,Fashion,Sneakers,Premium,2,2043.0,0.3,Debit Card,4.0
ORD102121,2023-01-05,Delhi,North,Grocery,Coffee,New,5,866.0,0.05,Wallet,4.0
ORD102122,2023-12-10,Delhi,North,Electronics,Smartwatch,New,2,4706.0,0.1,UPI,4.0
ORD102123,2022-11-17,Delhi,North,Fashion,Jeans,New,1,2441.0,0.2,UPI,4.0
ORD102124,2023-12-21,Kolkata,East,Grocery,Tea 500g,New,1,814.0,0.0,Debit Card,5.0
ORD102125,2023-06-01,Delhi,North,Home & Kitchen,Table Lamp,New,1,9090.0,0.0,Wallet,5.0
ORD102126,2023-05-02,Kolkata,East,Home & Kitchen,Bedsheet,Premium,2,11766.0,0.0,Wallet,4.0
ORD102127,2022-05-30,Mumbai,West,Electronics,Headphones,Regular,2,39629.0,0.0,Debit Card,5.0
ORD102128,2023-11-02,Mumbai,West,Fashion,Kurta,Regular,1,2629.0,0.05,UPI,
ORD102129,2022-11-21,Hyderabad,South,Books,Fiction,New,4,1043.0,0.0,UPI,2.0
ORD102130,2022-05-27,Jaipur,North,Home & Kitchen,Water Bottle,Regular,2,2202.0,0.0,Wallet,1.0
ORD102131,2022-01-12,Ahmedabad,West,Fashion,Jeans,Regular,2,5532.0,0.4,Credit Card,4.0
ORD102132,2023-02-23,Lucknow,North,Electronics,Smartwatch,New,1,4151.0,0.0,UPI,4.0
ORD102133,2023-01-25,Kolkata,East,Electronics,Smartphone,Regular,2,63772.0,0.05,Wallet,4.0
ORD102134,2023-07-17,Kolkata,East,Grocery,Rice 5kg,New,2,903.0,0.0,UPI,4.0
ORD102135,2023-11-05,Kolkata,East,Fashion,Sneakers,Premium,1,4809.0,0.0,Debit Card,5.0
ORD102136,2022-03-13,Kolkata,East,Home & Kitchen,Water Bottle,Regular,2,9933.0,0.05,Debit Card,5.0
ORD102137,2023-07-28,Mumbai,West,Electronics,Smartwatch,Premium,2,63828.0,0.3,UPI,3.0
ORD102138,2022-06-18,Chennai,South,Home & Kitchen,Table Lamp,New,1,10221.0,0.0,UPI,5.0
ORD102139,2023-10-23,Bengaluru,South,Grocery,Snacks Pack,Regular,2,107.0,0.0,UPI,5.0
ORD102140,2023-10-07,Hyderabad,South,Home & Kitchen,Water Bottle,Premium,1,7858.0,0.0,Debit Card,4.0
ORD102141,2023-02-06,Hyderabad,South,Electronics,Laptop,New,2,7292.0,0.0,Credit Card,5.0
ORD102142,2023-07-09,Mumbai,West,Home & Kitchen,Table Lamp,Regular,1,1219.0,0.0,UPI,3.0
ORD102143,2022-10-05,Bengaluru,South,Books,Biography,Regular,2,359.0,0.05,Wallet,4.0
ORD102144,2022-12-13,Mumbai,West,Fashion,Jacket,Regular,1,5155.0,0.0,UPI,3.0
ORD102145,2023-10-08,Lucknow,North,Books,Fiction,Regular,5,905.0,0.0,UPI,2.0
ORD102146,2022-12-05,Mumbai,West,Home & Kitchen,Water Bottle,Regular,2,11746.0,0.05,UPI,4.0
ORD102147,2022-10-23,Delhi,North,Grocery,Rice 5kg,Premium,4,808.0,0.0,UPI,3.0
ORD102148,2022-12-28,Jaipur,North,Home & Kitchen,Table Lamp,Regular,1,2611.0,0.0,Wallet,5.0
ORD102149,2023-10-11,Hyderabad,South,Electronics,Power Bank,New,2,25186.0,0.4,UPI,5.0
ORD102150,2022-10-14,Mumbai,West,Fashion,Sneakers,Regular,1,2002.0,0.0,UPI,3.0
ORD102151,2022-06-06,Bengaluru,South,Electronics,Laptop,Regular,2,57838.0,0.15,Cash on Delivery,1.0
ORD102152,2023-07-11,Mumbai,West,Grocery,Cooking Oil,Premium,5,388.0,0.0,Debit Card,5.0
ORD102153,2023-10-10,Delhi,North,Books,Fiction,New,1,715.0,0.0,UPI,1.0
ORD102154,2022-04-01,Mumbai,West,Home & Kitchen,Bedsheet,Regular,2,8732.0,0.0,Cash on Delivery,4.0
ORD102155,2022-08-05,Bengaluru,South,Fashion,Jeans,Regular,2,3618.0,0.0,Debit Card,4.0
ORD102156,2022-05-08,,West,Electronics,Laptop,New,2,46326.0,0.0,UPI,5.0
ORD102157,2022-10-19,Chennai,South,Books,Biography,Regular,2,443.0,0.0,Debit Card,5.0
ORD102158,2022-11-30,Chennai,South,Fashion,Sneakers,Regular,1,4171.0,0.2,Wallet,5.0
ORD102159,2023-08-13,Delhi,North,Electronics,Laptop,Regular,2,24480.0,0.1,Credit Card,4.0
ORD102160,2023-05-17,Bengaluru,South,Home & Kitchen,Table Lamp,Premium,2,2644.0,0.0,Debit Card,5.0
ORD102161,2023-04-19,Ahmedabad,West,Electronics,Laptop,Regular,2,64735.0,0.05,Wallet,4.0
ORD102162,2022-10-21,Mumbai,West,Fashion,Jeans,Premium,2,4486.0,0.2,Debit Card,3.0
ORD102163,2023-10-16,Ahmedabad,West,Fashion,Jacket,Premium,2,4419.0,0.1,UPI,4.0
ORD102164,2022-12-13,Hyderabad,South,Electronics,Smartphone,New,1,19959.0,0.0,UPI,5.0
ORD102165,2023-12-18,Ahmedabad,West,Grocery,Rice 5kg,Regular,2,146.0,0.2,Credit Card,2.0
ORD102166,2023-05-01,Bengaluru,South,Electronics,Smartwatch,Regular,2,34902.0,0.0,UPI,2.0
ORD102167,2022-04-24,Bengaluru,South,Electronics,Headphones,Regular,1,34666.0,0.0,Wallet,5.0
ORD102168,2023-06-08,Pune,West,Electronics,Laptop,Regular,1,73636.0,0.05,UPI,5.0
ORD102169,2022-10-10,Pune,West,Books,Self-Help,Premium,4,1291.0,0.2,Credit Card,5.0
ORD102170,2023-06-17,Delhi,North,Fashion,Kurta,Premium,2,1344.0,0.3,Debit Card,4.0
ORD102171,2022-03-04,Lucknow,North,Home & Kitchen,Water Bottle,Premium,2,4630.0,0.3,Credit Card,5.0
ORD102172,2022-06-07,Mumbai,West,Electronics,Smartphone,New,2,12827.0,0.0,UPI,5.0
ORD102173,2023-10-22,Mumbai,West,Electronics,Headphones,New,2,39309.0,0.3,UPI,4.0
ORD102174,2022-07-24,Chennai,South,Fashion,Jeans,Regular,2,5655.0,0.0,Credit Card,4.0
ORD102175,2023-10-14,Pune,West,Books,Comics,New,5,436.0,0.0,Cash on Delivery,3.0
ORD102176,2022-09-09,Lucknow,North,Grocery,Snacks Pack,Regular,5,1098.0,0.05,Debit Card,4.0
ORD102177,2023-05-09,,South,Electronics,Power Bank,Premium,2,69983.0,0.0,UPI,4.0
ORD102178,2023-06-24,Mumbai,West,Fashion,T-Shirt,Regular,2,3839.0,0.05,UPI,4.0
ORD102179,2023-01-12,Chennai,South,Grocery,Cooking Oil,New,2,358.0,0.0,Cash on Delivery,4.0
ORD102180,2022-10-01,Delhi,North,Fashion,Kurta,Regular,2,4024.0,0.3,Wallet,3.0
ORD102181,2022-07-11,Bengaluru,South,Books,Fiction,Premium,2,1278.0,0.0,UPI,5.0
ORD102182,2022-01-30,Hyderabad,South,Electronics,Smartwatch,New,2,66388.0,0.0,Debit Card,3.0
ORD102183,2022-10-01,Mumbai,West,Grocery,Rice 5kg,Premium,2,1180.0,0.3,UPI,4.0
ORD102184,2023-05-19,Hyderabad,South,Books,Textbook,Premium,3,154.0,0.0,Credit Card,5.0
ORD102185,2023-11-25,Bengaluru,South,Grocery,Cooking Oil,Regular,5,620.0,0.05,Cash on Delivery,4.0
ORD102186,2023-10-28,Pune,West,Home & Kitchen,Table Lamp,Regular,1,1268.0,0.1,UPI,4.0
ORD102187,2023-08-28,Kolkata,East,Fashion,Jacket,New,2,4192.0,0.05,Credit Card,4.0
ORD102188,2023-09-17,Delhi,North,Grocery,Tea 500g,Premium,1,159.0,0.1,UPI,5.0
ORD102189,2023-05-29,Delhi,North,Electronics,Smartwatch,Premium,1,9075.0,0.0,UPI,
ORD102190,2022-08-23,Delhi,North,Fashion,Kurta,Regular,2,1820.0,0.2,Debit Card,5.0
ORD102191,2023-11-12,Delhi,North,Home & Kitchen,Table Lamp,Regular,2,1877.0,0.0,UPI,5.0
ORD102192,2023-06-03,Kolkata,East,Books,Textbook,Regular,3,840.0,0.0,Credit Card,1.0
ORD102193,2023-02-24,Lucknow,North,Grocery,Cooking Oil,Regular,5,726.0,0.0,UPI,5.0
ORD102194,2022-04-11,Kolkata,East,Electronics,Laptop,Regular,1,43830.0,0.05,Debit Card,
ORD102195,2022-11-29,Chennai,South,Books,Textbook,Regular,4,489.0,0.1,UPI,4.0
ORD102196,2022-12-06,Bengaluru,South,Books,Comics,Regular,1,748.0,0.3,Debit Card,5.0
ORD102197,2023-10-26,Bengaluru,South,Electronics,Headphones,Premium,2,60119.0,0.1,Debit Card,4.0
ORD102198,2023-02-12,Jaipur,North,Fashion,Jacket,Regular,1,4889.0,0.05,Wallet,4.0
ORD102199,2022-11-01,Lucknow,North,Fashion,T-Shirt,Premium,1,1711.0,0.3,Wallet,5.0
ORD102200,2023-12-17,Hyderabad,South,Fashion,Jacket,New,1,4805.0,0.0,UPI,4.0
ORD102201,2022-04-10,Delhi,North,Grocery,Snacks Pack,Regular,5,633.0,0.05,UPI,4.0
ORD102202,2022-11-19,Pune,West,Home & Kitchen,Cookware Set,New,2,302.0,0.05,Debit Card,5.0
ORD102203,2022-02-07,Mumbai,West,Home & Kitchen,Water Bottle,New,2,6916.0,0.0,Debit Card,5.0
ORD102204,2023-08-05,Pune,West,Grocery,Coffee,Regular,3,760.0,0.15,UPI,5.0
ORD102205,2023-11-17,Ahmedabad,West,Fashion,Jeans,Regular,2,4598.0,0.0,UPI,3.0
ORD102206,2022-09-10,Mumbai,West,Books,Biography,Regular,3,605.0,0.05,Credit Card,4.0
ORD102207,2023-10-23,Lucknow,North,Fashion,Jeans,Premium,1,5866.0,0.1,Wallet,
ORD102208,2022-09-21,Lucknow,North,Books,Textbook,Regular,1,1409.0,0.2,Wallet,4.0
ORD102209,2023-11-14,Lucknow,North,Electronics,Smartphone,Regular,1,37131.0,0.2,UPI,
ORD102210,2023-08-17,Hyderabad,South,Grocery,Tea 500g,Premium,5,617.0,0.05,UPI,5.0
ORD102211,2023-10-01,Delhi,North,Electronics,Laptop,Regular,2,66924.0,0.1,UPI,5.0
ORD102212,2022-01-17,Chennai,South,Fashion,Sneakers,New,1,2382.0,0.0,Credit Card,4.0
ORD102213,2023-12-08,Bengaluru,South,Books,Comics,Regular,4,1048.0,0.0,Cash on Delivery,4.0
ORD102214,2023-07-24,Delhi,North,Fashion,T-Shirt,New,2,5274.0,0.2,Cash on Delivery,5.0
ORD102215,2022-10-01,Bengaluru,South,Home & Kitchen,Bedsheet,Regular,2,4100.0,0.3,Credit Card,4.0
ORD102216,2023-10-11,Kolkata,East,Fashion,T-Shirt,Regular,2,3667.0,0.2,UPI,5.0
ORD102217,2022-09-11,Mumbai,West,Books,Fiction,Regular,3,786.0,0.0,UPI,5.0
ORD102218,2023-10-29,Bengaluru,South,Electronics,Power Bank,New,2,72770.0,0.2,Wallet,4.0
ORD102219,2022-04-12,Mumbai,West,Electronics,Smartphone,Regular,2,69040.0,0.3,UPI,5.0
ORD102220,2023-07-03,Pune,West,Fashion,T-Shirt,Premium,2,5702.0,0.0,UPI,4.0
ORD102221,2023-02-06,Kolkata,East,Fashion,Jacket,New,1,1801.0,0.05,Debit Card,4.0
ORD102222,2022-03-28,Mumbai,West,Electronics,Smartwatch,Premium,2,16852.0,0.15,Debit Card,4.0
ORD102223,2022-08-06,Lucknow,North,Fashion,Sneakers,Regular,1,3069.0,0.05,Wallet,5.0
ORD102224,2022-01-12,Mumbai,West,Fashion,T-Shirt,New,1,5660.0,0.4,UPI,4.0
ORD102225,2022-12-11,Chennai,South,Electronics,Headphones,New,2,61747.0,0.0,Credit Card,4.0
ORD102226,2022-09-29,Pune,West,Home & Kitchen,Mixer,Regular,2,10667.0,0.1,Credit Card,4.0
ORD102227,2023-03-30,Pune,West,Grocery,Tea 500g,Premium,3,758.0,0.15,Wallet,3.0
ORD102228,2022-09-25,Mumbai,West,Electronics,Headphones,New,2,5477.0,0.0,Cash on Delivery,4.0
ORD102229,2022-09-28,Jaipur,North,Home & Kitchen,Bedsheet,New,2,5177.0,0.2,Cash on Delivery,3.0
ORD102230,2023-08-08,Jaipur,North,Home & Kitchen,Table Lamp,Regular,1,1479.0,0.05,UPI,5.0
ORD102231,2022-02-13,Chennai,South,Fashion,Jeans,New,1,1391.0,0.0,Cash on Delivery,3.0
ORD102232,2023-11-10,Hyderabad,South,Home & Kitchen,Water Bottle,Regular,2,396.0,0.0,Credit Card,4.0
ORD102233,2023-10-21,Mumbai,West,Fashion,Jeans,Regular,2,592.0,0.0,UPI,3.0
ORD102234,2023-06-01,Chennai,South,Fashion,T-Shirt,Regular,2,1963.0,0.1,UPI,
ORD102235,2023-03-26,Bengaluru,South,Electronics,Smartwatch,Regular,2,53350.0,0.3,Debit Card,4.0
ORD102236,2023-11-06,Pune,West,Home & Kitchen,Mixer,Premium,1,6204.0,0.0,UPI,5.0
ORD102237,2022-06-17,Bengaluru,South,Home & Kitchen,Bedsheet,Regular,1,10571.0,0.0,Cash on Delivery,5.0
ORD102238,2022-03-13,Kolkata,East,Electronics,Power Bank,Regular,1,75083.0,0.0,Debit Card,5.0
ORD102239,2022-08-04,Mumbai,West,Fashion,Jeans,Regular,2,2331.0,0.1,UPI,5.0
ORD102240,2023-09-23,Mumbai,West,Grocery,Snacks Pack,Regular,4,442.0,0.3,Debit Card,3.0
ORD102241,2022-02-01,Mumbai,West,Fashion,Kurta,New,2,3551.0,0.1,UPI,5.0
ORD102242,2023-03-16,Mumbai,West,Fashion,Jacket,New,1,5962.0,0.05,Credit Card,4.0
ORD102243,2023-12-29,Chennai,South,Grocery,Rice 5kg,Regular,2,347.0,0.05,Debit Card,5.0
ORD102244,2023-10-22,Ahmedabad,West,Home & Kitchen,Cookware Set,New,1,7591.0,0.0,Cash on Delivery,
ORD102245,2023-01-20,Chennai,South,Home & Kitchen,Bedsheet,Regular,2,7546.0,0.1,Credit Card,5.0
ORD102246,2022-02-27,Chennai,South,Books,Biography,Premium,5,151.0,0.05,Cash on Delivery,3.0
ORD102247,2023-10-12,Kolkata,East,Books,Comics,New,2,1018.0,0.1,Cash on Delivery,4.0
ORD102248,2023-03-31,Bengaluru,South,Fashion,T-Shirt,Regular,1,4936.0,0.2,UPI,4.0
ORD102249,2022-04-14,Bengaluru,South,Fashion,Kurta,Premium,2,4317.0,0.15,Credit Card,3.0
ORD102250,2022-03-26,Bengaluru,South,Fashion,Jacket,Regular,2,3267.0,0.15,Debit Card,3.0
ORD102251,2023-11-13,Pune,West,Grocery,Tea 500g,Regular,1,625.0,0.3,UPI,4.0
ORD102252,2023-06-02,Delhi,North,Home & Kitchen,Table Lamp,Premium,2,2496.0,0.4,Cash on Delivery,
ORD102253,2023-10-11,Mumbai,West,Electronics,Laptop,New,1,73436.0,0.05,Cash on Delivery,4.0
ORD102254,2023-11-01,Chennai,South,Books,Biography,Regular,1,499.0,0.0,UPI,5.0
ORD102255,2023-03-06,Lucknow,North,Fashion,Kurta,New,1,1080.0,0.0,Wallet,4.0
ORD102256,2023-01-16,Chennai,South,Electronics,Laptop,New,2,20707.0,0.15,UPI,5.0
ORD102257,2022-11-22,Pune,West,Home & Kitchen,Table Lamp,Regular,1,7950.0,0.0,Wallet,
ORD102258,2022-10-06,Kolkata,East,Fashion,Kurta,Regular,2,4612.0,0.0,UPI,4.0
ORD102259,2022-11-23,Hyderabad,South,Books,Textbook,Premium,2,1365.0,0.0,Cash on Delivery,2.0
ORD102260,2023-09-04,Pune,West,Electronics,Headphones,Regular,1,79259.0,0.1,Credit Card,4.0
ORD102261,2023-04-02,Ahmedabad,West,Books,Textbook,Regular,5,1008.0,0.05,Debit Card,
ORD102262,2023-11-06,Delhi,North,Home & Kitchen,Water Bottle,New,2,11800.0,0.0,UPI,4.0
ORD102263,2022-11-27,Bengaluru,South,Electronics,Smartwatch,Premium,2,51743.0,0.0,UPI,4.0
ORD102264,2023-04-07,Delhi,North,Grocery,Snacks Pack,Regular,2,385.0,0.1,UPI,3.0
ORD102265,2023-04-29,Hyderabad,South,Fashion,Jeans,Premium,2,3695.0,0.0,Cash on Delivery,3.0
ORD102266,2023-03-24,Jaipur,North,Fashion,T-Shirt,Regular,1,2349.0,0.0,UPI,5.0
ORD102267,2023-07-02,Bengaluru,South,Fashion,T-Shirt,Regular,1,2734.0,0.1,Debit Card,4.0
ORD102268,2022-08-02,Bengaluru,South,Books,Self-Help,New,2,296.0,0.05,Cash on Delivery,4.0
ORD102269,2023-01-12,Jaipur,North,Fashion,Kurta,New,2,2349.0,0.0,Wallet,4.0
ORD102270,2022-04-04,Hyderabad,South,Electronics,Smartwatch,Regular,1,68220.0,0.1,UPI,
ORD102271,2022-11-03,Chennai,South,Electronics,Smartwatch,Regular,2,32477.0,0.0,Cash on Delivery,3.0
ORD102272,2022-12-24,Jaipur,North,Fashion,Jeans,Premium,2,1887.0,0.15,UPI,5.0
ORD102273,2023-05-18,Hyderabad,South,Books,Fiction,Regular,2,476.0,0.0,Debit Card,4.0
ORD102274,2023-11-30,Kolkata,East,Fashion,T-Shirt,Regular,1,3381.0,0.0,Debit Card,5.0
ORD102275,2023-04-01,Mumbai,West,Electronics,Laptop,Regular,1,40636.0,0.15,UPI,
ORD102276,2023-08-08,Delhi,North,Electronics,Smartphone,Premium,1,19269.0,0.1,UPI,4.0
ORD102277,2023-01-06,Bengaluru,South,Fashion,Kurta,Regular,2,1647.0,0.0,Credit Card,3.0
ORD102278,2023-05-01,Hyderabad,South,Grocery,Tea 500g,Regular,3,696.0,0.0,Credit Card,3.0
ORD102279,2022-03-05,Lucknow,North,Fashion,Sneakers,Regular,2,2190.0,0.15,Wallet,5.0
ORD102280,2022-08-18,Lucknow,North,Grocery,Rice 5kg,Regular,2,609.0,0.15,UPI,3.0
ORD102281,2022-10-25,Ahmedabad,West,Fashion,Jacket,Regular,2,600.0,0.0,Wallet,4.0
ORD102282,2022-12-14,Bengaluru,South,Electronics,Headphones,Regular,2,51126.0,0.1,Credit Card,3.0
ORD102283,2022-02-11,Lucknow,North,Grocery,Cooking Oil,Regular,5,289.0,0.0,Wallet,4.0
ORD102284,2022-05-07,Kolkata,East,Fashion,Jeans,New,2,4583.0,0.05,Debit Card,2.0
ORD102285,2022-09-07,Bengaluru,South,Home & Kitchen,Bedsheet,Regular,2,1402.0,0.0,Cash on Delivery,5.0
ORD102286,2023-12-13,Pune,West,Grocery,Tea 500g,Regular,4,123.0,0.0,UPI,5.0
ORD102287,2022-10-12,Mumbai,West,Electronics,Smartphone,New,1,55592.0,0.0,Credit Card,4.0
ORD102288,2022-12-20,Mumbai,West,Electronics,Headphones,Premium,2,8619.0,0.0,UPI,5.0
ORD102289,2022-06-26,Ahmedabad,West,Books,Biography,Premium,4,346.0,0.0,UPI,5.0
ORD102290,2023-04-10,Kolkata,East,Fashion,Jeans,Regular,1,5142.0,0.0,Debit Card,5.0
ORD102291,2022-09-10,Bengaluru,South,Electronics,Smartphone,Regular,1,55501.0,0.0,Debit Card,4.0
ORD102292,2022-07-06,Hyderabad,South,Electronics,Laptop,Premium,1,20890.0,0.0,UPI,4.0
ORD102293,2023-01-15,Jaipur,North,Electronics,Smartphone,Premium,2,36890.0,0.15,Credit Card,5.0
ORD102294,2022-01-05,Kolkata,East,Books,Fiction,Regular,3,203.0,0.0,Credit Card,5.0
ORD102295,2022-01-07,Bengaluru,South,Electronics,Smartwatch,Regular,1,51142.0,0.1,UPI,4.0
ORD102296,2022-07-17,Mumbai,West,Fashion,Kurta,New,1,4200.0,0.0,Credit Card,4.0
ORD102297,2022-02-03,Delhi,North,Home & Kitchen,Cookware Set,Regular,1,3669.0,0.0,Debit Card,4.0
ORD102298,2022-04-08,Lucknow,North,Fashion,Jacket,Regular,1,2627.0,0.05,UPI,4.0
ORD102299,2022-10-15,Bengaluru,South,Electronics,Power Bank,Regular,2,8479.0,0.3,Cash on Delivery,4.0
ORD102300,2023-09-30,Hyderabad,South,Books,Comics,New,3,1349.0,0.0,Credit Card,4.0
ORD102301,2023-03-06,Hyderabad,South,Electronics,Smartphone,New,2,68071.0,0.0,Cash on Delivery,4.0
ORD102302,2023-01-12,Jaipur,North,Books,Biography,Premium,3,1350.0,0.05,UPI,5.0
ORD102303,2022-09-22,Chennai,South,Grocery,Coffee,Regular,5,408.0,0.3,Cash on Delivery,2.0
ORD102304,2023-11-22,Kolkata,East,Fashion,Kurta,Regular,1,3144.0,0.4,UPI,4.0
ORD102305,2022-11-08,Bengaluru,South,Fashion,Kurta,Regular,1,2736.0,0.0,UPI,4.0
ORD102306,2022-03-20,Mumbai,West,Fashion,Kurta,Premium,1,2451.0,0.0,UPI,4.0
ORD102307,2023-04-16,Lucknow,North,Fashion,Sneakers,Premium,2,5448.0,0.1,Cash on Delivery,4.0
ORD102308,2022-04-13,Lucknow,North,Grocery,Rice 5kg,New,1,601.0,0.05,Debit Card,5.0
ORD102309,2022-10-18,Lucknow,North,Grocery,Coffee,Regular,2,778.0,0.1,UPI,4.0
ORD102310,2023-01-07,Lucknow,North,Fashion,Kurta,Premium,2,2705.0,0.2,UPI,5.0
ORD102311,2023-10-30,Ahmedabad,West,Home & Kitchen,Bedsheet,Regular,2,694.0,0.15,UPI,5.0
ORD102312,2022-12-27,Kolkata,East,Grocery,Rice 5kg,Regular,2,560.0,0.0,UPI,5.0
ORD102313,2023-07-02,Ahmedabad,West,Grocery,Rice 5kg,Regular,2,590.0,0.0,Debit Card,5.0
ORD102314,2023-12-27,Chennai,South,Fashion,T-Shirt,Regular,1,3306.0,0.1,Debit Card,5.0
ORD102315,2022-04-29,Mumbai,West,Fashion,Sneakers,New,2,1674.0,0.0,Wallet,4.0
ORD102316,2022-09-05,Bengaluru,South,Electronics,Power Bank,Regular,1,21666.0,0.0,Wallet,
ORD102317,2022-11-07,Lucknow,North,Grocery,Snacks Pack,New,5,171.0,0.0,Debit Card,4.0
ORD102318,2022-11-18,Bengaluru,South,Electronics,Laptop,Regular,2,56102.0,0.0,UPI,3.0
ORD102319,2022-11-14,Jaipur,North,Home & Kitchen,Bedsheet,Regular,1,7632.0,0.0,UPI,4.0
ORD102320,2023-11-12,Mumbai,West,Fashion,Jeans,Regular,1,4204.0,0.15,Credit Card,5.0
ORD102321,2023-07-12,Bengaluru,South,Electronics,Laptop,Regular,2,32868.0,0.0,Credit Card,3.0
ORD102322,2023-04-08,Bengaluru,South,Fashion,Kurta,Regular,1,1226.0,0.05,Debit Card,5.0
ORD102323,2022-10-03,Mumbai,West,Grocery,Tea 500g,Regular,4,115.0,0.0,Wallet,4.0
ORD102324,2023-10-09,Mumbai,West,Electronics,Smartphone,Regular,1,13490.0,0.0,Cash on Delivery,5.0
ORD102325,2023-12-03,Delhi,North,Home & Kitchen,Cookware Set,New,2,553.0,0.3,UPI,4.0
ORD102326,2023-10-08,Ahmedabad,West,Electronics,Smartphone,Premium,1,4430.0,0.2,UPI,4.0
ORD102327,2022-01-02,Mumbai,West,Electronics,Smartwatch,Premium,2,20471.0,0.0,Cash on Delivery,2.0
ORD102328,2023-05-03,Delhi,North,Fashion,Sneakers,Regular,1,4564.0,0.1,Cash on Delivery,4.0
ORD102329,2022-02-16,Mumbai,West,Fashion,Jacket,Regular,2,4671.0,0.0,UPI,4.0
ORD102330,2022-08-21,Kolkata,East,Electronics,Headphones,Regular,1,21853.0,0.4,Debit Card,
ORD102331,2022-02-23,Kolkata,East,Fashion,Jeans,New,1,3319.0,0.0,Debit Card,4.0
ORD102332,2023-04-04,Kolkata,East,Electronics,Headphones,Regular,2,19309.0,0.0,Credit Card,5.0
ORD102333,2023-06-18,Bengaluru,South,Fashion,Sneakers,Regular,1,2200.0,0.05,UPI,4.0
ORD102334,2022-04-14,Delhi,North,Grocery,Coffee,Premium,2,1158.0,0.15,Cash on Delivery,2.0
ORD102335,2022-11-03,Pune,West,Grocery,Snacks Pack,Regular,2,809.0,0.0,Debit Card,4.0
ORD102336,2022-12-03,Ahmedabad,West,Fashion,Jacket,New,1,3924.0,0.1,UPI,2.0
ORD102337,2022-10-28,Mumbai,West,Home & Kitchen,Mixer,Regular,2,4175.0,0.0,Debit Card,5.0
ORD102338,2022-04-20,Hyderabad,South,Grocery,Cooking Oil,Regular,1,1080.0,0.2,Debit Card,5.0
ORD102339,2022-11-17,Delhi,North,Electronics,Power Bank,Premium,2,50934.0,0.0,Cash on Delivery,4.0
ORD102340,2023-08-15,Delhi,North,Books,Biography,Regular,5,375.0,0.2,UPI,5.0
ORD102341,2022-03-05,Pune,West,Grocery,Coffee,Regular,2,200.0,0.0,Wallet,3.0
ORD102342,2022-03-14,Chennai,South,Electronics,Laptop,Regular,1,58832.0,0.0,UPI,5.0
ORD102343,2022-10-22,Delhi,North,Electronics,Power Bank,Premium,1,23051.0,0.4,Debit Card,5.0
ORD102344,2023-11-26,Bengaluru,South,Grocery,Coffee,New,1,700.0,0.4,Debit Card,5.0
ORD102345,2023-06-01,Lucknow,North,Fashion,T-Shirt,Premium,2,4164.0,0.1,UPI,4.0
ORD102346,2023-06-11,Ahmedabad,West,Electronics,Laptop,New,1,17918.0,0.0,Credit Card,4.0
ORD102347,2022-10-25,Jaipur,North,Electronics,Smartwatch,Regular,1,32232.0,0.05,Cash on Delivery,4.0
ORD102348,2023-03-26,Hyderabad,South,Fashion,Jacket,Regular,2,2251.0,0.05,Debit Card,
ORD102349,2022-01-10,Kolkata,East,Home & Kitchen,Bedsheet,Regular,1,7878.0,0.05,Credit Card,5.0
ORD102350,2023-05-03,Bengaluru,South,Books,Self-Help,Premium,3,1229.0,0.05,UPI,4.0
ORD102351,2023-11-15,Mumbai,West,Grocery,Coffee,Regular,4,192.0,0.0,UPI,5.0
ORD102352,2023-04-12,Bengaluru,South,Fashion,Jacket,Premium,1,2263.0,0.1,UPI,5.0
ORD102353,2023-10-29,,South,Fashion,T-Shirt,Premium,2,495.0,0.1,Wallet,4.0
ORD102354,2023-07-21,Delhi,North,Fashion,Kurta,New,1,1933.0,0.0,Cash on Delivery,5.0
ORD102355,2022-04-19,Ahmedabad,West,Fashion,Kurta,Regular,2,2284.0,0.05,Wallet,4.0
ORD102356,2023-11-10,Mumbai,West,Electronics,Headphones,Regular,2,23536.0,0.05,UPI,4.0
ORD102357,2022-03-01,Bengaluru,South,Grocery,Rice 5kg,Regular,4,276.0,0.1,Debit Card,3.0
ORD102358,2023-01-31,Mumbai,West,Books,Biography,Regular,1,284.0,0.0,UPI,4.0
ORD102359,2022-05-09,Bengaluru,South,Fashion,T-Shirt,New,2,511.0,0.1,Cash on Delivery,5.0
ORD102360,2022-01-11,Mumbai,West,Home & Kitchen,Cookware Set,Regular,2,4073.0,0.0,UPI,4.0
ORD102361,2022-11-18,Delhi,North,Electronics,Power Bank,New,1,64062.0,0.05,UPI,3.0
ORD102362,2022-09-23,Bengaluru,South,Home & Kitchen,Cookware Set,New,2,11242.0,0.15,Credit Card,4.0
ORD102363,2022-12-22,Hyderabad,South,Home & Kitchen,Cookware Set,Premium,2,3057.0,0.1,UPI,4.0
ORD102364,2023-03-11,Chennai,South,Fashion,Sneakers,Regular,1,1593.0,0.0,Debit Card,4.0
ORD102365,2022-02-09,Delhi,North,Grocery,Rice 5kg,Regular,2,850.0,0.05,Debit Card,4.0
ORD102366,2022-04-21,Hyderabad,South,Home & Kitchen,Mixer,Regular,1,8647.0,0.3,Debit Card,2.0
ORD102367,2023-02-22,Hyderabad,South,Fashion,Sneakers,Regular,2,5009.0,0.0,Wallet,5.0
ORD102368,2022-10-17,Bengaluru,South,Books,Self-Help,Regular,1,1438.0,0.2,UPI,5.0
ORD102369,2023-07-26,Ahmedabad,West,Electronics,Power Bank,Regular,2,33642.0,0.1,Credit Card,4.0
ORD102370,2023-05-18,Chennai,South,Fashion,Jeans,Premium,1,2418.0,0.15,Cash on Delivery,5.0
ORD102371,2023-10-18,Bengaluru,South,Fashion,Kurta,Regular,1,3825.0,0.0,Credit Card,5.0
ORD102372,2023-06-23,Lucknow,North,Fashion,Sneakers,Regular,2,5884.0,0.0,UPI,5.0
ORD102373,2022-11-22,Ahmedabad,West,Books,Biography,Regular,2,821.0,0.2,Cash on Delivery,5.0
ORD102374,2023-06-05,Lucknow,North,Fashion,Kurta,New,1,3089.0,0.0,UPI,5.0
ORD102375,2022-09-06,Kolkata,East,Books,Comics,Premium,2,216.0,0.0,UPI,4.0
ORD102376,2022-10-02,Bengaluru,South,Home & Kitchen,Table Lamp,Regular,1,4517.0,0.05,UPI,4.0
ORD102377,2023-09-18,Delhi,North,Fashion,Kurta,Premium,2,3676.0,0.0,UPI,5.0
ORD102378,2022-11-28,Kolkata,East,Books,Textbook,Premium,3,656.0,0.15,UPI,4.0
ORD102379,2023-09-26,Lucknow,North,Electronics,Smartphone,New,1,60660.0,0.1,UPI,5.0
ORD102380,2023-10-08,Kolkata,East,Electronics,Smartphone,Regular,1,11393.0,0.2,Credit Card,5.0
ORD102381,2023-10-23,Jaipur,North,Fashion,T-Shirt,New,1,4394.0,0.15,UPI,4.0
ORD102382,2023-11-16,Bengaluru,South,Electronics,Smartwatch,Regular,1,50670.0,0.0,UPI,5.0
ORD102383,2022-11-22,Bengaluru,South,Electronics,Headphones,New,1,53633.0,0.0,Debit Card,4.0
ORD102384,2022-10-07,Jaipur,North,Home & Kitchen,Bedsheet,Regular,1,4004.0,0.15,UPI,5.0
ORD102385,2023-03-16,Pune,West,Fashion,Kurta,New,2,2383.0,0.0,UPI,4.0
ORD102386,2022-10-28,Lucknow,North,Fashion,Jacket,New,1,5878.0,0.4,UPI,5.0
ORD102387,2023-04-02,Pune,West,Grocery,Tea 500g,Regular,5,699.0,0.1,UPI,4.0
ORD102388,2023-07-05,Hyderabad,South,Home & Kitchen,Water Bottle,New,2,832.0,0.0,UPI,5.0
ORD102389,2023-06-19,Chennai,South,Books,Self-Help,Regular,2,1258.0,0.2,Credit Card,
ORD102390,2022-10-30,Jaipur,North,Electronics,Headphones,Regular,2,31335.0,0.0,Debit Card,3.0
ORD102391,2022-05-31,Chennai,South,Home & Kitchen,Cookware Set,Regular,2,3325.0,0.0,Debit Card,5.0
ORD102392,2022-11-22,Delhi,North,Books,Fiction,New,1,1376.0,0.1,Wallet,3.0
ORD102393,2022-05-09,Bengaluru,South,Home & Kitchen,Water Bottle,Regular,2,351.0,0.2,Credit Card,5.0
ORD102394,2023-11-05,Hyderabad,South,Home & Kitchen,Table Lamp,Premium,1,3921.0,0.05,Credit Card,4.0
ORD102395,2022-10-18,Mumbai,West,Fashion,Kurta,Premium,1,2066.0,0.0,UPI,
ORD102396,2022-05-20,Pune,West,Electronics,Smartphone,New,1,76415.0,0.0,Cash on Delivery,5.0
ORD102397,2022-01-23,Mumbai,West,Fashion,T-Shirt,Premium,1,2580.0,0.0,UPI,2.0
ORD102398,2023-05-12,Bengaluru,South,Fashion,Sneakers,Regular,1,2792.0,0.0,Credit Card,3.0
ORD102399,2023-05-04,Ahmedabad,West,Books,Comics,Regular,1,258.0,0.0,Credit Card,5.0
ORD102400,2022-10-16,Hyderabad,South,Electronics,Smartphone,Regular,1,17692.0,0.05,Debit Card,4.0
ORD102401,2022-03-06,Ahmedabad,West,Grocery,Coffee,Premium,2,379.0,0.2,Wallet,3.0
ORD102402,2022-11-13,Bengaluru,South,Grocery,Rice 5kg,Regular,3,965.0,0.0,Wallet,3.0
ORD102403,2022-10-04,Lucknow,North,Electronics,Smartwatch,Regular,2,21658.0,0.0,UPI,4.0
ORD102404,2023-06-09,Delhi,North,Fashion,Jeans,New,1,4950.0,0.15,UPI,2.0
ORD102405,2023-04-06,Mumbai,West,Grocery,Rice 5kg,Regular,2,640.0,0.15,Cash on Delivery,5.0
ORD102406,2022-10-26,Jaipur,North,Grocery,Coffee,Premium,1,419.0,0.3,Credit Card,5.0
ORD102407,2022-07-16,Pune,West,Fashion,Kurta,Regular,2,3648.0,0.0,Credit Card,5.0
ORD102408,2023-12-24,Delhi,North,Fashion,Jeans,Regular,2,612.0,0.0,Debit Card,1.0
ORD102409,2022-12-02,Lucknow,North,Fashion,Kurta,Regular,2,4804.0,0.05,Debit Card,2.0
ORD102410,2023-06-19,Hyderabad,South,Home & Kitchen,Cookware Set,Regular,2,11980.0,0.05,Wallet,4.0
ORD102411,2022-05-07,Lucknow,North,Electronics,Smartwatch,New,2,29986.0,0.0,Credit Card,
ORD102412,2022-12-22,Hyderabad,South,Books,Textbook,Regular,3,914.0,0.05,Credit Card,4.0
ORD102413,2022-01-25,Hyderabad,South,Electronics,Smartphone,Regular,1,57269.0,0.0,Credit Card,4.0
ORD102414,2023-01-05,Hyderabad,South,Electronics,Smartphone,Premium,1,36465.0,0.0,Cash on Delivery,3.0
ORD102415,2023-12-08,Bengaluru,South,Fashion,Jeans,Premium,2,445.0,0.1,Debit Card,5.0
ORD102416,2022-11-03,Chennai,South,Fashion,Jeans,Premium,2,3376.0,0.0,Debit Card,5.0
ORD102417,2022-02-05,Hyderabad,South,Fashion,T-Shirt,New,2,4260.0,0.1,Wallet,3.0
ORD102418,2022-01-28,Mumbai,West,Fashion,Sneakers,Premium,2,4685.0,0.0,Debit Card,4.0
ORD102419,2022-11-04,Delhi,North,Fashion,T-Shirt,Regular,2,2839.0,0.0,UPI,5.0
ORD102420,2022-05-25,Delhi,North,Electronics,Headphones,New,1,50942.0,0.0,Debit Card,4.0
ORD102421,2022-01-22,Jaipur,North,Fashion,Jeans,Regular,1,4709.0,0.0,Debit Card,5.0
ORD102422,2023-08-19,Chennai,South,Grocery,Tea 500g,Regular,3,916.0,0.0,UPI,5.0
ORD102423,2022-12-05,Pune,West,Fashion,Sneakers,Regular,1,5763.0,0.1,Credit Card,5.0
ORD102424,2022-09-18,Lucknow,North,Fashion,T-Shirt,Regular,1,412.0,0.2,Debit Card,5.0
ORD102425,2023-11-09,Kolkata,East,Home & Kitchen,Cookware Set,Regular,1,9877.0,0.0,Credit Card,5.0
ORD102426,2022-04-15,Lucknow,North,Grocery,Tea 500g,Regular,4,762.0,0.0,Cash on Delivery,5.0
ORD102427,2023-12-03,Bengaluru,South,Electronics,Smartwatch,Regular,1,12587.0,0.4,Credit Card,4.0
ORD102428,2022-10-05,Delhi,North,Home & Kitchen,Mixer,New,2,6793.0,0.0,Wallet,3.0
ORD102429,2023-11-05,Bengaluru,South,Home & Kitchen,Water Bottle,New,2,11971.0,0.0,UPI,5.0
ORD102430,2023-04-03,Hyderabad,South,Home & Kitchen,Bedsheet,Premium,1,2387.0,0.0,UPI,3.0
ORD102431,2023-10-10,Jaipur,North,Electronics,Power Bank,New,1,21711.0,0.1,Credit Card,5.0
ORD102432,2023-12-21,Chennai,South,Home & Kitchen,Bedsheet,Regular,1,9389.0,0.0,Credit Card,1.0
ORD102433,2022-09-17,Delhi,North,Electronics,Smartphone,New,2,68842.0,0.05,UPI,5.0
ORD102434,2023-12-06,Pune,West,Home & Kitchen,Cookware Set,Regular,2,3274.0,0.0,UPI,4.0
ORD102435,2022-11-05,Hyderabad,South,Books,Fiction,Regular,5,618.0,0.0,Debit Card,5.0
ORD102436,2022-11-03,Delhi,North,Electronics,Headphones,Regular,2,66542.0,0.0,UPI,4.0
ORD102437,2022-10-16,Chennai,South,Books,Biography,Regular,4,1467.0,0.1,Debit Card,
ORD102438,2023-02-07,Jaipur,North,Electronics,Smartwatch,Regular,1,46821.0,0.05,Cash on Delivery,3.0
ORD102439,2022-05-19,Ahmedabad,West,Books,Biography,Regular,1,821.0,0.0,Cash on Delivery,4.0
ORD102440,2023-02-18,Chennai,South,Fashion,Jacket,Regular,1,4020.0,0.0,UPI,2.0
ORD102441,2023-02-07,Bengaluru,South,Electronics,Smartwatch,Regular,1,6943.0,0.1,Credit Card,
ORD102442,2023-08-25,Mumbai,West,Electronics,Laptop,Regular,2,28644.0,0.15,Credit Card,4.0
ORD102443,2023-10-13,Hyderabad,South,Grocery,Rice 5kg,New,1,812.0,0.0,Cash on Delivery,5.0
ORD102444,2022-11-26,Pune,West,Electronics,Smartphone,Regular,1,77632.0,0.05,Cash on Delivery,5.0
ORD102445,2022-09-30,Bengaluru,South,Electronics,Smartphone,Regular,1,15232.0,0.0,UPI,5.0
ORD102446,2022-08-22,Delhi,North,Fashion,Sneakers,Premium,1,4012.0,0.0,UPI,5.0
ORD102447,2022-06-25,Lucknow,North,Home & Kitchen,Bedsheet,New,2,2091.0,0.0,UPI,4.0
ORD102448,2022-02-21,Ahmedabad,West,Home & Kitchen,Water Bottle,Regular,1,7210.0,0.15,UPI,5.0
ORD102449,2022-10-17,Kolkata,East,Electronics,Laptop,New,1,16610.0,0.0,Credit Card,5.0
ORD102450,2022-09-01,Mumbai,West,Fashion,T-Shirt,Regular,2,4845.0,0.15,Debit Card,3.0
ORD102451,2023-12-10,Mumbai,West,Electronics,Smartwatch,Regular,1,76176.0,0.1,UPI,3.0
ORD102452,2023-02-22,Mumbai,West,Electronics,Smartphone,Regular,1,25227.0,0.15,Debit Card,2.0
ORD102453,2022-10-19,Chennai,South,Fashion,Kurta,Premium,1,5024.0,0.0,Wallet,4.0
ORD102454,2023-03-14,Mumbai,West,Home & Kitchen,Cookware Set,Regular,1,4779.0,0.0,Debit Card,4.0
ORD102455,2022-05-06,Ahmedabad,West,Electronics,Smartwatch,Premium,2,46066.0,0.4,UPI,5.0
ORD102456,2022-11-27,Lucknow,North,Fashion,Sneakers,Regular,1,1939.0,0.1,Credit Card,
ORD102457,2023-04-24,Bengaluru,South,Fashion,Sneakers,Premium,1,3766.0,0.15,Credit Card,4.0
ORD102458,2022-12-24,Hyderabad,South,Grocery,Coffee,Regular,5,959.0,0.0,Cash on Delivery,5.0
ORD102459,2022-11-10,Pune,West,Grocery,Coffee,Regular,4,456.0,0.0,UPI,4.0
ORD102460,2023-12-28,Lucknow,North,Books,Self-Help,Premium,4,1293.0,0.15,Credit Card,3.0
ORD102461,2023-11-01,Jaipur,North,Electronics,Smartwatch,Premium,2,67505.0,0.0,Credit Card,5.0
ORD102462,2023-04-22,Mumbai,West,Electronics,Smartwatch,Regular,1,71487.0,0.05,Credit Card,
ORD102463,2023-03-04,Delhi,North,Fashion,T-Shirt,New,2,4154.0,0.0,Debit Card,3.0
ORD102464,2023-04-19,Pune,West,Electronics,Power Bank,Premium,1,72908.0,0.0,UPI,4.0
ORD102465,2022-07-01,Kolkata,East,Fashion,Sneakers,Regular,2,3204.0,0.0,Credit Card,2.0
ORD102466,2022-11-07,Mumbai,West,Books,Self-Help,New,1,345.0,0.0,UPI,4.0
ORD102467,2022-02-05,Hyderabad,South,Books,Biography,Premium,4,1087.0,0.0,UPI,5.0
ORD102468,2022-12-16,Pune,West,Books,Self-Help,Regular,5,1302.0,0.1,Debit Card,5.0
ORD102469,2023-02-08,Delhi,North,Fashion,Jeans,Regular,1,1262.0,0.0,UPI,5.0
ORD102470,2022-07-25,Jaipur,North,Home & Kitchen,Bedsheet,Regular,2,3288.0,0.0,UPI,4.0
ORD102471,2023-12-08,Mumbai,West,Fashion,T-Shirt,Regular,2,4192.0,0.2,Debit Card,5.0
ORD102472,2023-11-13,Pune,West,Electronics,Smartphone,Regular,2,6717.0,0.0,Debit Card,4.0
ORD102473,2023-07-20,Chennai,South,Home & Kitchen,Cookware Set,Regular,2,7322.0,0.0,UPI,5.0
ORD102474,2023-01-31,Bengaluru,South,Electronics,Headphones,Premium,1,67293.0,0.1,Credit Card,4.0
ORD102475,2023-10-28,Pune,West,Fashion,T-Shirt,Regular,2,2233.0,0.2,UPI,5.0
ORD102476,2022-04-28,Pune,West,Fashion,Jeans,New,1,2971.0,0.0,UPI,5.0
ORD102477,2023-09-19,Lucknow,North,Home & Kitchen,Table Lamp,Regular,1,1995.0,0.0,Credit Card,5.0
ORD102478,2022-04-23,Bengaluru,South,Books,Fiction,Regular,4,377.0,0.05,UPI,3.0
ORD102479,2023-09-23,Kolkata,East,Fashion,Jacket,Premium,2,2981.0,0.0,Wallet,5.0
ORD102480,2022-09-06,Chennai,South,Books,Biography,Premium,4,1465.0,0.15,UPI,5.0
ORD102481,2023-10-31,Hyderabad,South,Fashion,Sneakers,Regular,2,2466.0,0.4,Cash on Delivery,5.0
ORD102482,2023-11-27,Jaipur,North,Fashion,T-Shirt,Regular,1,978.0,0.3,Cash on Delivery,4.0
ORD102483,2022-05-15,Mumbai,West,Books,Self-Help,Regular,4,857.0,0.0,Wallet,1.0
ORD102484,2022-12-07,Delhi,North,Home & Kitchen,Cookware Set,Premium,1,7591.0,0.0,Credit Card,4.0
ORD102485,2023-12-19,Chennai,South,Grocery,Rice 5kg,Regular,2,245.0,0.3,Cash on Delivery,4.0
ORD102486,2022-12-21,Delhi,North,Electronics,Headphones,Premium,2,38556.0,0.0,Wallet,5.0
ORD102487,2023-10-25,Jaipur,North,Home & Kitchen,Cookware Set,Premium,1,3747.0,0.0,UPI,5.0
ORD102488,2023-03-21,Kolkata,East,Home & Kitchen,Water Bottle,Regular,1,6135.0,0.1,Credit Card,3.0
ORD102489,2022-10-30,Hyderabad,South,Grocery,Tea 500g,Regular,1,908.0,0.0,UPI,
ORD102490,2022-09-15,Ahmedabad,West,Electronics,Smartphone,Regular,2,56490.0,0.0,Debit Card,3.0
ORD102491,2022-07-03,Hyderabad,South,Books,Biography,Regular,5,710.0,0.2,Credit Card,4.0
ORD102492,2023-08-24,Chennai,South,Home & Kitchen,Table Lamp,Regular,2,879.0,0.0,UPI,3.0
ORD102493,2022-11-04,Mumbai,West,Electronics,Headphones,Regular,2,10987.0,0.0,Cash on Delivery,5.0
ORD102494,2023-01-11,Bengaluru,South,Fashion,Jeans,Premium,1,4962.0,0.0,UPI,5.0
ORD102495,2022-12-27,Mumbai,West,Fashion,Jacket,Regular,1,2202.0,0.05,Cash on Delivery,4.0
ORD102496,2023-03-11,Kolkata,East,Home & Kitchen,Cookware Set,New,2,599.0,0.0,UPI,5.0
ORD102497,2023-10-26,Hyderabad,South,Grocery,Rice 5kg,Regular,5,359.0,0.0,Debit Card,3.0
ORD102498,2023-12-19,Delhi,North,Home & Kitchen,Table Lamp,Regular,1,8618.0,0.1,UPI,4.0
ORD102499,2022-11-12,Hyderabad,South,Home & Kitchen,Bedsheet,Premium,1,2249.0,0.2,UPI,4.0
ORD102500,2023-10-11,Delhi,North,Fashion,Jeans,New,1,3705.0,0.0,Debit Card,4.0
ORD102501,2023-08-27,Jaipur,North,Electronics,Headphones,Regular,1,63809.0,0.15,UPI,5.0
ORD102502,2023-03-08,Mumbai,West,Electronics,Smartwatch,Premium,2,5029.0,0.0,Credit Card,5.0
ORD102503,2023-12-03,Jaipur,North,Fashion,T-Shirt,New,2,3378.0,0.1,Wallet,4.0
ORD102504,2022-06-30,Hyderabad,South,Fashion,Kurta,Premium,1,4693.0,0.0,UPI,4.0
ORD102505,2022-04-09,Chennai,South,Electronics,Power Bank,Regular,1,37881.0,0.0,Cash on Delivery,1.0
ORD102506,2023-10-21,Delhi,North,Fashion,Jacket,New,2,4393.0,0.1,UPI,4.0
ORD102507,2022-11-25,Lucknow,North,Fashion,T-Shirt,Premium,2,3514.0,0.0,UPI,4.0
ORD102508,2023-10-19,Delhi,North,Electronics,Power Bank,Premium,2,37072.0,0.0,UPI,4.0
ORD102509,2023-11-06,Chennai,South,Fashion,T-Shirt,Premium,2,3167.0,0.0,Wallet,5.0
ORD102510,2022-02-26,Lucknow,North,Electronics,Smartphone,New,1,44903.0,0.1,UPI,4.0
ORD102511,2023-11-02,Jaipur,North,Grocery,Tea 500g,Regular,5,346.0,0.0,Cash on Delivery,4.0
ORD102512,2022-11-29,Chennai,South,Books,Comics,Regular,2,871.0,0.0,Wallet,
ORD102513,2023-01-10,Lucknow,North,Home & Kitchen,Bedsheet,Regular,1,10521.0,0.0,UPI,4.0
ORD102514,2023-04-25,Pune,West,Electronics,Headphones,Regular,2,12745.0,0.0,Debit Card,4.0
ORD102515,2023-11-20,Delhi,North,Books,Textbook,Regular,3,1317.0,0.0,Cash on Delivery,4.0
ORD102516,2022-01-18,Bengaluru,South,Books,Comics,Premium,3,1114.0,0.0,UPI,4.0
ORD102517,2022-12-17,Bengaluru,South,Books,Biography,Regular,2,208.0,0.0,UPI,3.0
ORD102518,2023-06-19,Bengaluru,South,Electronics,Smartwatch,Premium,2,61427.0,0.0,Credit Card,4.0
ORD102519,2023-07-20,Pune,West,Home & Kitchen,Cookware Set,New,1,933.0,0.15,Cash on Delivery,5.0
ORD102520,2023-06-23,Chennai,South,Books,Comics,Regular,5,603.0,0.1,Cash on Delivery,5.0
ORD102521,2022-05-02,Mumbai,West,Home & Kitchen,Mixer,New,1,1357.0,0.2,UPI,5.0
ORD102522,2022-09-27,Jaipur,North,Home & Kitchen,Mixer,Regular,1,7228.0,0.0,UPI,4.0
ORD102523,2022-10-23,Delhi,North,Fashion,Kurta,New,1,986.0,0.3,Wallet,4.0
ORD102524,2023-10-01,Lucknow,North,Fashion,Sneakers,New,2,772.0,0.0,UPI,4.0
ORD102525,2022-09-09,Lucknow,North,Electronics,Smartphone,Regular,2,62080.0,0.4,Debit Card,2.0
ORD102526,2022-07-09,Lucknow,North,Home & Kitchen,Mixer,Regular,2,4052.0,0.0,UPI,4.0
ORD102527,2023-12-04,Ahmedabad,West,Electronics,Power Bank,Regular,2,69638.0,0.0,Cash on Delivery,4.0
ORD102528,2022-01-08,Delhi,North,Fashion,Sneakers,New,2,1292.0,0.0,Wallet,2.0
ORD102529,2023-12-30,Chennai,South,Fashion,Kurta,New,2,3021.0,0.0,UPI,3.0
ORD102530,2023-06-09,Delhi,North,Home & Kitchen,Bedsheet,Regular,2,7899.0,0.2,UPI,4.0
ORD102531,2023-10-11,Delhi,North,Electronics,Smartwatch,Premium,2,42262.0,0.15,Credit Card,4.0
ORD102532,2022-09-23,Chennai,South,Home & Kitchen,Bedsheet,Regular,2,8607.0,0.4,UPI,4.0
ORD102533,2022-01-13,Mumbai,West,Books,Fiction,Regular,2,568.0,0.05,UPI,3.0
ORD102534,2023-08-03,Lucknow,North,Electronics,Laptop,New,2,12075.0,0.0,Debit Card,3.0
ORD102535,2023-10-13,Jaipur,North,Electronics,Headphones,Regular,2,17660.0,0.0,UPI,4.0
ORD102536,2023-08-05,Bengaluru,South,Electronics,Power Bank,New,2,79786.0,0.4,UPI,2.0
ORD102537,2022-05-09,Hyderabad,South,Books,Comics,New,2,1298.0,0.05,Cash on Delivery,4.0
ORD102538,2023-08-17,Hyderabad,South,Fashion,Jacket,New,2,5600.0,0.1,Debit Card,2.0
ORD102539,2023-08-31,Jaipur,North,Fashion,Jeans,Regular,1,2323.0,0.0,UPI,5.0
ORD102540,2023-05-23,Kolkata,East,Electronics,Headphones,Regular,2,25854.0,0.05,Debit Card,4.0
ORD102541,2023-08-28,Delhi,North,Home & Kitchen,Water Bottle,Regular,2,10900.0,0.3,Cash on Delivery,4.0
ORD102542,2023-10-18,Hyderabad,South,Books,Self-Help,Premium,5,1468.0,0.0,Credit Card,3.0
ORD102543,2023-04-13,Bengaluru,South,Books,Comics,Premium,2,322.0,0.0,UPI,3.0
ORD102544,2022-03-21,Lucknow,North,Home & Kitchen,Water Bottle,Regular,1,2450.0,0.0,UPI,4.0
ORD102545,2022-12-24,Delhi,North,Electronics,Smartwatch,Premium,2,79292.0,0.15,Cash on Delivery,
ORD102546,2022-03-11,Mumbai,West,Electronics,Smartphone,Regular,2,3759.0,0.0,Cash on Delivery,5.0
ORD102547,2022-11-12,Jaipur,North,Electronics,Smartwatch,Regular,2,43793.0,0.0,Debit Card,1.0
ORD102548,2022-11-12,Jaipur,North,Electronics,Laptop,Regular,2,15401.0,0.0,UPI,5.0
ORD102549,2022-03-01,Jaipur,North,Electronics,Power Bank,Regular,1,71965.0,0.05,Credit Card,4.0
ORD102550,2022-10-19,Hyderabad,South,Electronics,Smartwatch,Regular,1,70593.0,0.0,Cash on Delivery,3.0
ORD102551,2022-04-11,Kolkata,East,Fashion,Kurta,Regular,2,3905.0,0.0,UPI,5.0
ORD102552,2023-10-03,Chennai,South,Grocery,Snacks Pack,New,2,804.0,0.3,UPI,3.0
ORD102553,2023-11-29,Mumbai,West,Home & Kitchen,Mixer,Premium,1,10359.0,0.3,Credit Card,4.0
ORD102554,2022-03-07,Chennai,South,Books,Self-Help,Regular,4,602.0,0.0,Cash on Delivery,5.0
ORD102555,2023-12-03,Mumbai,West,Home & Kitchen,Water Bottle,Premium,2,8258.0,0.1,UPI,4.0
ORD102556,2023-01-21,Bengaluru,South,Electronics,Laptop,Premium,2,39492.0,0.05,Credit Card,
ORD102557,2022-09-27,Lucknow,North,Books,Biography,Regular,3,434.0,0.0,Debit Card,5.0
ORD102558,2022-03-11,Delhi,North,Electronics,Smartphone,Premium,2,53920.0,0.0,Debit Card,5.0
ORD102559,2023-01-01,Lucknow,North,Home & Kitchen,Table Lamp,Premium,1,4105.0,0.0,Debit Card,4.0
ORD102560,2023-09-23,Delhi,North,Fashion,Jeans,Premium,2,2737.0,0.0,Debit Card,1.0
ORD102561,2023-07-06,Bengaluru,South,Grocery,Coffee,Premium,1,1080.0,0.0,UPI,5.0
ORD102562,2022-02-15,Kolkata,East,Electronics,Headphones,Premium,1,13785.0,0.15,UPI,
ORD102563,2022-03-07,Pune,West,Electronics,Power Bank,Regular,1,48747.0,0.0,Debit Card,4.0
ORD102564,2022-11-10,Hyderabad,South,Grocery,Tea 500g,New,4,662.0,0.1,UPI,
ORD102565,2022-09-24,Jaipur,North,Electronics,Smartwatch,Regular,1,70321.0,0.0,Debit Card,3.0
ORD102566,2022-07-29,Mumbai,West,Home & Kitchen,Cookware Set,New,1,2322.0,0.05,Debit Card,4.0
ORD102567,2022-09-11,Jaipur,North,Books,Comics,Regular,2,159.0,0.0,UPI,3.0
ORD102568,2023-10-01,Delhi,North,Books,Textbook,Regular,4,980.0,0.05,Credit Card,4.0
ORD102569,2023-11-21,Jaipur,North,Grocery,Tea 500g,Premium,3,1159.0,0.15,Credit Card,5.0
ORD102570,2022-11-11,Bengaluru,South,Grocery,Cooking Oil,Regular,5,434.0,0.15,UPI,4.0
ORD102571,2023-11-12,Ahmedabad,West,Electronics,Smartwatch,New,2,43401.0,0.0,Credit Card,5.0
ORD102572,2022-10-08,Kolkata,East,Books,Biography,Regular,1,561.0,0.1,Wallet,4.0
ORD102573,2022-12-16,Delhi,North,Home & Kitchen,Cookware Set,Premium,1,4559.0,0.3,Credit Card,4.0
ORD102574,2022-07-23,Jaipur,North,Home & Kitchen,Water Bottle,Regular,2,8415.0,0.1,Debit Card,5.0
ORD102575,2023-05-07,Delhi,North,Electronics,Headphones,Regular,2,58229.0,0.0,UPI,3.0
ORD102576,2023-12-18,Delhi,North,Home & Kitchen,Water Bottle,Regular,2,3407.0,0.1,UPI,5.0
ORD102577,2023-04-04,Ahmedabad,West,Grocery,Rice 5kg,Premium,1,561.0,0.0,UPI,4.0
ORD102578,2022-10-23,Mumbai,West,Grocery,Rice 5kg,Premium,4,623.0,0.2,Cash on Delivery,4.0
ORD102579,2023-05-14,Delhi,North,Fashion,Jeans,Premium,1,1601.0,0.05,UPI,4.0
ORD102580,2022-04-21,Hyderabad,South,Electronics,Laptop,New,2,55938.0,0.0,UPI,5.0
ORD102581,2023-11-05,Ahmedabad,West,Fashion,Kurta,Premium,1,5147.0,0.0,Debit Card,4.0
ORD102582,2023-01-03,Mumbai,West,Books,Textbook,New,3,1478.0,0.0,UPI,5.0
ORD102583,2022-11-29,Chennai,South,Home & Kitchen,Bedsheet,Regular,2,11259.0,0.2,UPI,5.0
ORD102584,2023-03-19,Pune,West,Fashion,Sneakers,Regular,2,2184.0,0.0,Credit Card,4.0
ORD102585,2023-04-23,Jaipur,North,Electronics,Smartphone,Regular,1,46824.0,0.0,UPI,5.0
ORD102586,2022-03-06,Lucknow,North,Fashion,Jacket,Regular,1,3760.0,0.3,Credit Card,4.0
ORD102587,2023-06-14,Pune,West,Fashion,Kurta,Regular,2,2820.0,0.0,UPI,3.0
ORD102588,2022-08-07,Kolkata,East,Grocery,Cooking Oil,Regular,3,402.0,0.0,UPI,4.0
ORD102589,2023-07-12,Bengaluru,South,Home & Kitchen,Table Lamp,Premium,2,6908.0,0.05,Cash on Delivery,4.0
ORD102590,2023-10-09,Mumbai,West,Fashion,Jeans,Premium,2,4403.0,0.0,Cash on Delivery,3.0
ORD102591,2023-10-01,Pune,West,Fashion,T-Shirt,New,1,5339.0,0.0,Cash on Delivery,4.0
ORD102592,2023-02-17,Lucknow,North,Electronics,Laptop,New,2,57833.0,0.0,Cash on Delivery,3.0
ORD102593,2023-01-19,Pune,West,Grocery,Snacks Pack,Regular,1,253.0,0.05,Credit Card,5.0
ORD102594,2022-05-09,Mumbai,West,Fashion,Jeans,Regular,1,1774.0,0.3,Debit Card,4.0
ORD102595,2023-09-06,Hyderabad,South,Fashion,T-Shirt,Regular,1,2715.0,0.0,Credit Card,5.0
ORD102596,2022-09-02,Chennai,South,Fashion,T-Shirt,Regular,2,1604.0,0.0,Cash on Delivery,4.0
ORD102597,2022-12-29,Kolkata,East,Home & Kitchen,Table Lamp,Regular,2,1161.0,0.0,Credit Card,5.0
ORD102598,2022-09-14,Pune,West,Home & Kitchen,Bedsheet,Premium,1,9058.0,0.15,UPI,3.0
ORD102599,2022-05-01,Chennai,South,Home & Kitchen,Water Bottle,Regular,1,10538.0,0.0,Cash on Delivery,4.0
ORD102600,2023-04-27,Delhi,North,Electronics,Smartwatch,Premium,2,46696.0,0.2,Cash on Delivery,4.0
ORD102601,2022-02-18,Lucknow,North,Fashion,T-Shirt,Premium,1,483.0,0.0,Cash on Delivery,4.0
ORD102602,2023-08-13,Kolkata,East,Electronics,Power Bank,Regular,1,22046.0,0.3,UPI,4.0
ORD102603,2022-10-07,Delhi,North,Home & Kitchen,Mixer,Regular,2,5442.0,0.05,UPI,5.0
ORD102604,2022-01-01,Bengaluru,South,Electronics,Laptop,New,2,38106.0,0.1,UPI,5.0
ORD102605,2023-01-11,Jaipur,North,Home & Kitchen,Mixer,Regular,1,10207.0,0.0,Credit Card,5.0
ORD102606,2022-02-12,Jaipur,North,Books,Comics,Regular,4,1129.0,0.15,UPI,3.0
ORD102607,2022-09-06,Bengaluru,South,Grocery,Cooking Oil,Regular,2,241.0,0.0,UPI,4.0
ORD102608,2023-07-06,Mumbai,West,Fashion,Sneakers,Regular,2,1481.0,0.0,UPI,5.0
ORD102609,2022-02-26,Mumbai,West,Fashion,Jacket,Regular,2,4933.0,0.0,UPI,4.0
ORD102610,2023-10-15,Delhi,North,Electronics,Smartwatch,New,2,5499.0,0.2,Debit Card,
ORD102611,2022-01-04,Kolkata,East,Home & Kitchen,Water Bottle,Regular,1,1860.0,0.15,Cash on Delivery,4.0
ORD102612,2022-08-11,,South,Books,Comics,Regular,4,399.0,0.05,UPI,
ORD102613,2023-08-06,Kolkata,East,Electronics,Laptop,Regular,2,6835.0,0.05,Credit Card,5.0
ORD102614,2022-10-06,Pune,West,Fashion,T-Shirt,Premium,2,5899.0,0.0,UPI,5.0
ORD102615,2022-04-02,Mumbai,West,Books,Biography,Regular,4,1274.0,0.2,UPI,1.0
ORD102616,2022-10-24,Mumbai,West,Books,Textbook,Regular,3,1133.0,0.15,Debit Card,4.0
ORD102617,2022-09-01,Bengaluru,South,Electronics,Laptop,Premium,1,45736.0,0.1,Debit Card,5.0
ORD102618,2023-10-17,Mumbai,West,Home & Kitchen,Bedsheet,Regular,1,9072.0,0.0,Cash on Delivery,5.0
ORD102619,2022-10-05,Mumbai,West,Electronics,Laptop,Regular,1,61680.0,0.3,Credit Card,3.0
ORD102620,2023-09-18,Kolkata,East,Electronics,Laptop,Regular,2,21678.0,0.2,Cash on Delivery,4.0
ORD102621,2023-11-06,Ahmedabad,West,Grocery,Rice 5kg,Premium,1,315.0,0.1,UPI,5.0
ORD102622,2022-11-23,Pune,West,Books,Textbook,New,3,1066.0,0.0,UPI,4.0
ORD102623,2023-11-13,Ahmedabad,West,Books,Fiction,Regular,2,278.0,0.05,UPI,5.0
ORD102624,2022-10-31,Kolkata,East,Electronics,Smartwatch,Regular,2,71362.0,0.05,Cash on Delivery,5.0
ORD102625,2023-12-08,Pune,West,Books,Self-Help,Regular,1,1299.0,0.0,UPI,5.0
ORD102626,2022-03-22,Delhi,North,Fashion,Jacket,Premium,2,2486.0,0.0,UPI,3.0
ORD102627,2023-06-18,Lucknow,North,Fashion,T-Shirt,Premium,2,1391.0,0.0,Debit Card,3.0
ORD102628,2022-12-28,Delhi,North,Home & Kitchen,Water Bottle,Premium,2,6768.0,0.05,UPI,3.0
ORD102629,2022-11-04,Delhi,North,Electronics,Power Bank,Premium,1,49499.0,0.0,UPI,
ORD102630,2023-04-30,Delhi,North,Books,Self-Help,New,2,1228.0,0.0,UPI,4.0
ORD102631,2023-07-03,Lucknow,North,Home & Kitchen,Mixer,New,1,2756.0,0.15,UPI,2.0
ORD102632,2022-01-04,Lucknow,North,Electronics,Headphones,Premium,1,14174.0,0.05,Debit Card,4.0
ORD102633,2022-05-31,Ahmedabad,West,Electronics,Smartphone,Regular,2,18028.0,0.0,Credit Card,4.0
ORD102634,2023-07-11,Kolkata,East,Electronics,Headphones,Regular,1,62841.0,0.0,UPI,5.0
ORD102635,2023-05-30,Hyderabad,South,Electronics,Laptop,Regular,1,60913.0,0.2,UPI,5.0
ORD102636,2023-12-10,Lucknow,North,Home & Kitchen,Table Lamp,Regular,2,7981.0,0.15,Cash on Delivery,5.0
ORD102637,2023-08-24,Kolkata,East,Books,Comics,Premium,4,1273.0,0.0,Credit Card,1.0
ORD102638,2023-11-30,Lucknow,North,Electronics,Smartphone,Regular,2,42693.0,0.3,Debit Card,5.0
ORD102639,2023-07-02,Bengaluru,South,Electronics,Laptop,Premium,2,49677.0,0.0,Credit Card,3.0
ORD102640,2022-09-26,Bengaluru,South,Home & Kitchen,Cookware Set,Regular,1,8778.0,0.3,UPI,5.0
ORD102641,2022-04-05,Ahmedabad,West,Books,Fiction,Premium,4,1166.0,0.0,Wallet,2.0
ORD102642,2023-09-11,Mumbai,West,Fashion,Jeans,Regular,2,1423.0,0.0,Credit Card,3.0
ORD102643,2023-05-10,Lucknow,North,Fashion,Sneakers,Regular,1,2299.0,0.0,UPI,1.0
ORD102644,2022-02-13,Hyderabad,South,Home & Kitchen,Mixer,Regular,2,2477.0,0.0,UPI,4.0
ORD102645,2022-10-24,Jaipur,North,Electronics,Power Bank,New,1,34405.0,0.05,UPI,5.0
ORD102646,2023-12-04,Bengaluru,South,Electronics,Power Bank,Regular,1,22419.0,0.15,UPI,2.0
ORD102647,2023-01-01,Pune,West,Books,Comics,Regular,2,1002.0,0.2,Wallet,4.0
ORD102648,2022-11-23,,South,Home & Kitchen,Mixer,Regular,1,1676.0,0.0,Cash on Delivery,5.0
ORD102649,2022-12-04,Kolkata,East,Home & Kitchen,Cookware Set,Premium,2,2930.0,0.0,UPI,3.0
ORD102650,2022-07-08,Hyderabad,South,Books,Fiction,Regular,1,819.0,0.0,UPI,3.0
ORD102651,2022-10-27,Lucknow,North,Home & Kitchen,Table Lamp,New,2,5374.0,0.0,Cash on Delivery,4.0
ORD102652,2022-10-28,Kolkata,East,Electronics,Smartwatch,Regular,2,71433.0,0.1,UPI,5.0
ORD102653,2022-02-17,Delhi,North,Fashion,Jacket,Regular,1,4594.0,0.0,Credit Card,4.0
ORD102654,2023-08-30,Jaipur,North,Electronics,Power Bank,Premium,1,37073.0,0.1,Debit Card,
ORD102655,2022-11-16,Delhi,North,Electronics,Laptop,Regular,2,41685.0,0.05,Debit Card,4.0
ORD102656,2023-10-08,Bengaluru,South,Home & Kitchen,Bedsheet,New,2,4015.0,0.0,Debit Card,4.0
ORD102657,2023-10-20,Mumbai,West,Books,Self-Help,Regular,2,1125.0,0.05,Debit Card,3.0
ORD102658,2022-07-11,Jaipur,North,Grocery,Cooking Oil,New,2,796.0,0.0,Wallet,5.0
ORD102659,2023-05-22,Delhi,North,Home & Kitchen,Mixer,Premium,2,403.0,0.0,UPI,4.0
ORD102660,2022-12-14,Delhi,North,Electronics,Power Bank,New,1,69435.0,0.15,Cash on Delivery,5.0
ORD102661,2023-11-01,Jaipur,North,Electronics,Power Bank,Regular,1,63572.0,0.0,UPI,3.0
ORD102662,2022-07-14,Ahmedabad,West,Books,Biography,Regular,2,659.0,0.0,UPI,4.0
ORD102663,2023-06-10,Mumbai,West,Home & Kitchen,Bedsheet,Premium,1,8158.0,0.1,UPI,5.0
ORD102664,2023-04-08,Pune,West,Home & Kitchen,Cookware Set,Premium,1,4288.0,0.0,Debit Card,5.0
ORD102665,2022-09-24,Jaipur,North,Books,Comics,Regular,5,1181.0,0.1,UPI,3.0
ORD102666,2022-05-04,Mumbai,West,Home & Kitchen,Mixer,Regular,1,7844.0,0.0,Cash on Delivery,5.0
ORD102667,2023-05-17,Ahmedabad,West,Books,Biography,Regular,3,1280.0,0.0,Debit Card,5.0
ORD102668,2023-08-04,Chennai,South,Electronics,Headphones,Premium,2,75560.0,0.2,UPI,3.0
ORD102669,2022-10-06,Kolkata,East,Books,Textbook,Regular,2,236.0,0.1,Debit Card,4.0
ORD102670,2023-05-11,Hyderabad,South,Books,Self-Help,Regular,5,653.0,0.0,Cash on Delivery,4.0
ORD102671,2022-11-07,Kolkata,East,Fashion,Sneakers,Regular,1,3737.0,0.0,Debit Card,4.0
ORD102672,2023-07-12,Mumbai,West,Home & Kitchen,Table Lamp,Regular,1,4059.0,0.2,UPI,5.0
ORD102673,2022-06-29,Pune,West,Fashion,T-Shirt,Regular,2,1061.0,0.0,Cash on Delivery,3.0
ORD102674,2023-11-05,Mumbai,West,Grocery,Coffee,New,1,876.0,0.05,Debit Card,3.0
ORD102675,2022-09-17,Hyderabad,South,Electronics,Headphones,Regular,1,51930.0,0.1,UPI,4.0
ORD102676,2022-10-27,Mumbai,West,Home & Kitchen,Table Lamp,New,1,8750.0,0.1,UPI,
ORD102677,2022-02-22,Ahmedabad,West,Electronics,Smartwatch,Regular,1,54318.0,0.15,Credit Card,5.0
ORD102678,2022-04-11,Bengaluru,South,Home & Kitchen,Water Bottle,Regular,1,946.0,0.1,Cash on Delivery,1.0
ORD102679,2023-01-15,Hyderabad,South,Electronics,Smartwatch,Regular,1,11220.0,0.1,UPI,4.0
ORD102680,2022-08-30,Bengaluru,South,Electronics,Smartphone,Premium,2,56705.0,0.15,UPI,4.0
ORD102681,2023-10-14,Pune,West,Fashion,T-Shirt,Premium,1,544.0,0.1,Cash on Delivery,5.0
ORD102682,2022-01-14,Hyderabad,South,Grocery,Snacks Pack,Regular,4,303.0,0.0,UPI,4.0
ORD102683,2022-11-01,Pune,West,Electronics,Power Bank,Regular,2,77632.0,0.0,Wallet,
ORD102684,2022-10-15,Mumbai,West,Electronics,Power Bank,New,2,7610.0,0.1,UPI,3.0
ORD102685,2022-01-18,Delhi,North,Books,Biography,New,1,495.0,0.2,Credit Card,4.0
ORD102686,2022-04-23,Chennai,South,Fashion,T-Shirt,Regular,1,3620.0,0.0,UPI,5.0
ORD102687,2022-11-15,Lucknow,North,Grocery,Coffee,Premium,5,949.0,0.0,Wallet,5.0
ORD102688,2022-12-27,Mumbai,West,Electronics,Laptop,Regular,2,33930.0,0.3,Debit Card,4.0
ORD102689,2022-11-11,Mumbai,West,Home & Kitchen,Cookware Set,Regular,1,6416.0,0.05,Wallet,5.0
ORD102690,2023-01-28,Mumbai,West,Electronics,Power Bank,Regular,2,12919.0,0.0,Debit Card,4.0
ORD102691,2023-03-27,Kolkata,East,Electronics,Smartwatch,Regular,1,13189.0,0.1,UPI,4.0
ORD102692,2022-01-09,Bengaluru,South,Home & Kitchen,Cookware Set,New,1,8198.0,0.4,UPI,5.0
ORD102693,2022-12-08,Ahmedabad,West,Home & Kitchen,Cookware Set,Regular,1,6071.0,0.15,Credit Card,
ORD102694,2023-12-08,Mumbai,West,Books,Biography,Premium,3,291.0,0.15,Debit Card,5.0
ORD102695,2023-01-18,Delhi,North,Fashion,Jacket,New,1,1971.0,0.0,Wallet,4.0
ORD102696,2023-06-10,Delhi,North,Fashion,Sneakers,Regular,2,986.0,0.2,UPI,5.0
ORD102697,2022-10-04,Kolkata,East,Fashion,Kurta,Regular,1,4959.0,0.05,Debit Card,1.0
ORD102698,2023-09-04,Kolkata,East,Grocery,Cooking Oil,Premium,3,606.0,0.2,Wallet,3.0
ORD102699,2023-09-03,Mumbai,West,Fashion,Kurta,Regular,1,1006.0,0.0,UPI,5.0
ORD102700,2023-01-20,Lucknow,North,Fashion,T-Shirt,Regular,2,2822.0,0.0,Cash on Delivery,4.0
ORD102701,2023-12-16,Bengaluru,South,Fashion,T-Shirt,Regular,1,1499.0,0.0,Credit Card,
ORD102702,2022-04-24,Pune,West,Home & Kitchen,Cookware Set,Regular,1,9116.0,0.0,Debit Card,4.0
ORD102703,2022-01-16,Hyderabad,South,Electronics,Laptop,New,1,8070.0,0.1,UPI,4.0
ORD102704,2023-09-01,Delhi,North,Grocery,Rice 5kg,Premium,3,1189.0,0.3,UPI,5.0
ORD102705,2023-10-02,Ahmedabad,West,Electronics,Laptop,Regular,2,73087.0,0.1,UPI,5.0
ORD102706,2022-04-19,Ahmedabad,West,Grocery,Coffee,Regular,2,372.0,0.2,Wallet,4.0
ORD102707,2022-08-28,Bengaluru,South,Electronics,Power Bank,New,1,44870.0,0.0,Cash on Delivery,3.0
ORD102708,2022-01-16,Chennai,South,Home & Kitchen,Water Bottle,Regular,1,1253.0,0.15,UPI,5.0
ORD102709,2022-09-22,Delhi,North,Grocery,Cooking Oil,Regular,5,189.0,0.2,Wallet,4.0
ORD102710,2023-09-04,Kolkata,East,Electronics,Smartwatch,New,1,34197.0,0.1,Debit Card,3.0
ORD102711,2023-01-17,Delhi,North,Grocery,Tea 500g,New,4,665.0,0.05,Cash on Delivery,5.0
ORD102712,2022-10-19,Ahmedabad,West,Fashion,Kurta,Regular,1,4633.0,0.1,UPI,3.0
ORD102713,2022-10-29,Delhi,North,Grocery,Tea 500g,Regular,2,358.0,0.1,UPI,
ORD102714,2022-01-02,Mumbai,West,Home & Kitchen,Table Lamp,Regular,2,1235.0,0.0,Debit Card,5.0
ORD102715,2022-09-28,Delhi,North,Fashion,Jacket,Regular,1,1381.0,0.15,UPI,
ORD102716,2023-05-12,Delhi,North,Electronics,Laptop,Premium,2,67253.0,0.3,Credit Card,4.0
ORD102717,2023-12-15,Hyderabad,South,Fashion,Kurta,Regular,1,1256.0,0.0,Credit Card,
ORD102718,2023-10-19,Delhi,North,Electronics,Smartphone,Regular,1,41086.0,0.1,UPI,3.0
ORD102719,2022-01-22,Pune,West,Electronics,Laptop,Regular,1,12845.0,0.1,UPI,2.0
ORD102720,2023-11-09,Delhi,North,Electronics,Smartphone,New,2,64628.0,0.1,Wallet,2.0
ORD102721,2023-09-13,Pune,West,Fashion,T-Shirt,Regular,2,3414.0,0.05,UPI,4.0
ORD102722,2023-09-10,Chennai,South,Books,Comics,Regular,4,1036.0,0.2,UPI,3.0
ORD102723,2022-12-04,Lucknow,North,Electronics,Smartwatch,New,1,34707.0,0.0,Credit Card,4.0
ORD102724,2022-11-08,Lucknow,North,Electronics,Smartwatch,Regular,1,52864.0,0.0,Debit Card,4.0
ORD102725,2022-09-30,Jaipur,North,Home & Kitchen,Table Lamp,Regular,2,10153.0,0.2,Debit Card,4.0
ORD102726,2022-03-01,Pune,West,Electronics,Headphones,Regular,1,16861.0,0.1,Cash on Delivery,5.0
ORD102727,2022-07-25,Bengaluru,South,Electronics,Power Bank,Regular,1,53152.0,0.2,UPI,3.0
ORD102728,2022-08-11,Pune,West,Electronics,Smartphone,Regular,2,71539.0,0.0,UPI,5.0
ORD102729,2022-12-21,Lucknow,North,Grocery,Cooking Oil,Regular,3,782.0,0.0,Cash on Delivery,4.0
ORD102730,2023-08-11,Mumbai,West,Books,Comics,Regular,4,294.0,0.3,Wallet,5.0
ORD102731,2022-12-15,Chennai,South,Fashion,Kurta,Regular,1,3812.0,0.0,Debit Card,4.0
ORD102732,2022-02-22,Delhi,North,Home & Kitchen,Cookware Set,Regular,2,7261.0,0.15,UPI,
ORD102733,2023-12-04,Chennai,South,Fashion,Jeans,Regular,2,456.0,0.15,UPI,4.0
ORD102734,2023-11-27,Hyderabad,South,Home & Kitchen,Table Lamp,Regular,1,5149.0,0.1,UPI,
ORD102735,2023-09-15,Chennai,South,Home & Kitchen,Cookware Set,Regular,1,10063.0,0.0,Debit Card,1.0
ORD102736,2023-12-26,Chennai,South,Home & Kitchen,Cookware Set,New,1,9719.0,0.1,UPI,5.0
ORD102737,2023-02-10,Lucknow,North,Electronics,Headphones,Regular,2,70217.0,0.2,UPI,5.0
ORD102738,2023-12-08,Chennai,South,Electronics,Power Bank,Regular,1,5465.0,0.0,UPI,2.0
ORD102739,2022-03-10,Ahmedabad,West,Fashion,Sneakers,Premium,1,1570.0,0.0,Credit Card,4.0
ORD102740,2022-10-26,Bengaluru,South,Grocery,Snacks Pack,Regular,1,563.0,0.0,UPI,5.0
ORD102741,2022-07-23,Bengaluru,South,Home & Kitchen,Table Lamp,Premium,1,2547.0,0.0,Credit Card,4.0
ORD102742,2022-06-26,Hyderabad,South,Books,Biography,Premium,5,948.0,0.2,Debit Card,2.0
ORD102743,2022-05-07,Delhi,North,Grocery,Cooking Oil,Premium,3,629.0,0.2,UPI,5.0
ORD102744,2023-04-21,Bengaluru,South,Electronics,Power Bank,Premium,2,50918.0,0.4,Credit Card,2.0
ORD102745,2023-09-11,Chennai,South,Home & Kitchen,Mixer,Regular,2,3939.0,0.05,UPI,5.0
ORD102746,2023-03-12,Chennai,South,Home & Kitchen,Cookware Set,Premium,2,10968.0,0.15,UPI,2.0
ORD102747,2022-05-13,,East,Grocery,Cooking Oil,Regular,3,848.0,0.0,Debit Card,3.0
ORD102748,2023-10-04,Bengaluru,South,Grocery,Cooking Oil,Regular,5,487.0,0.1,Credit Card,4.0
ORD102749,2023-05-03,Bengaluru,South,Home & Kitchen,Cookware Set,New,1,2903.0,0.1,Debit Card,5.0
ORD102750,2022-11-04,Chennai,South,Electronics,Headphones,Regular,1,29955.0,0.2,Credit Card,
ORD102751,2023-06-06,Mumbai,West,Books,Comics,New,2,888.0,0.15,Cash on Delivery,3.0
ORD102752,2022-08-23,Delhi,North,Electronics,Smartwatch,Regular,1,9225.0,0.3,Credit Card,3.0
ORD102753,2022-10-18,Mumbai,West,Books,Self-Help,Regular,4,1427.0,0.2,Credit Card,4.0
ORD102754,2023-11-16,Mumbai,West,Grocery,Rice 5kg,Regular,4,544.0,0.2,Debit Card,5.0
ORD102755,2022-09-19,Delhi,North,Fashion,Jeans,Premium,2,2683.0,0.0,UPI,4.0
ORD102756,2022-12-12,Mumbai,West,Home & Kitchen,Cookware Set,Regular,2,10280.0,0.2,UPI,4.0
ORD102757,2023-11-05,,North,Fashion,Jeans,Regular,1,2611.0,0.05,Debit Card,4.0
ORD102758,2023-07-07,Kolkata,East,Fashion,Jacket,Regular,2,3118.0,0.0,UPI,4.0
ORD102759,2022-02-26,Mumbai,West,Fashion,Sneakers,Premium,1,5392.0,0.0,Credit Card,4.0
ORD102760,2022-05-13,Bengaluru,South,Books,Textbook,Regular,5,1382.0,0.1,Credit Card,4.0
ORD102761,2022-01-08,Jaipur,North,Grocery,Tea 500g,New,4,314.0,0.0,Wallet,5.0
ORD102762,2023-04-28,Ahmedabad,West,Grocery,Rice 5kg,Regular,4,1141.0,0.0,Cash on Delivery,5.0
ORD102763,2022-11-29,Delhi,North,Electronics,Headphones,Regular,2,15224.0,0.1,UPI,5.0
ORD102764,2022-05-02,Jaipur,North,Books,Comics,Regular,1,1149.0,0.2,Credit Card,4.0
ORD102765,2023-12-04,Bengaluru,South,Books,Textbook,New,3,1416.0,0.15,UPI,4.0
ORD102766,2023-01-27,Mumbai,West,Electronics,Smartwatch,Regular,1,27406.0,0.0,UPI,3.0
ORD102767,2022-08-06,Lucknow,North,Electronics,Laptop,Regular,1,22466.0,0.0,Cash on Delivery,5.0
ORD102768,2023-01-01,Jaipur,North,Electronics,Smartphone,Premium,1,46206.0,0.0,UPI,4.0
ORD102769,2023-06-11,Hyderabad,South,Grocery,Tea 500g,Regular,2,493.0,0.0,UPI,5.0
ORD102770,2022-03-10,Kolkata,East,Home & Kitchen,Water Bottle,Premium,1,1830.0,0.0,Wallet,3.0
ORD102771,2022-09-05,Kolkata,East,Books,Textbook,Regular,1,1325.0,0.4,Cash on Delivery,5.0
ORD102772,2023-10-02,Delhi,North,Electronics,Power Bank,Regular,1,64706.0,0.05,Cash on Delivery,5.0
ORD102773,2022-12-06,Delhi,North,Home & Kitchen,Bedsheet,Regular,1,7491.0,0.0,Cash on Delivery,4.0
ORD102774,2023-02-11,Hyderabad,South,Electronics,Smartphone,Regular,1,16471.0,0.0,Debit Card,5.0
ORD102775,2022-11-23,Jaipur,North,Fashion,T-Shirt,Premium,1,5274.0,0.05,UPI,5.0
ORD102776,2022-02-09,Mumbai,West,Home & Kitchen,Bedsheet,Premium,1,8474.0,0.05,Credit Card,5.0
ORD102777,2022-05-30,Pune,West,Electronics,Headphones,Regular,1,71587.0,0.0,Credit Card,5.0
ORD102778,2022-11-28,Mumbai,West,Books,Self-Help,New,3,870.0,0.3,UPI,2.0
ORD102779,2022-07-08,Hyderabad,South,Electronics,Smartwatch,Regular,1,45082.0,0.0,Cash on Delivery,5.0
ORD102780,2022-02-15,Kolkata,East,Home & Kitchen,Bedsheet,Regular,1,3983.0,0.0,Credit Card,5.0
ORD102781,2023-10-17,Kolkata,East,Fashion,Sneakers,Premium,2,5712.0,0.0,UPI,4.0
ORD102782,2023-12-19,Mumbai,West,Home & Kitchen,Bedsheet,Premium,1,10475.0,0.05,UPI,3.0
ORD102783,2023-09-22,Bengaluru,South,Electronics,Headphones,Regular,1,79510.0,0.0,UPI,3.0
ORD102784,2023-10-21,Chennai,South,Electronics,Headphones,Premium,2,42477.0,0.0,Cash on Delivery,2.0
ORD102785,2022-08-07,Mumbai,West,Grocery,Coffee,Regular,3,1065.0,0.0,Debit Card,5.0
ORD102786,2023-12-06,Mumbai,West,Electronics,Smartphone,Premium,1,22533.0,0.1,Credit Card,4.0
ORD102787,2022-06-27,Kolkata,East,Books,Textbook,New,2,1312.0,0.0,Credit Card,1.0
ORD102788,2023-11-30,Hyderabad,South,Grocery,Tea 500g,Premium,4,313.0,0.0,Debit Card,4.0
ORD102789,2023-12-28,Delhi,North,Electronics,Laptop,Regular,2,5392.0,0.0,Cash on Delivery,4.0
ORD102790,2023-07-10,Chennai,South,Electronics,Laptop,Premium,1,6890.0,0.0,Credit Card,3.0
ORD102791,2023-12-19,Jaipur,North,Home & Kitchen,Water Bottle,Premium,2,10910.0,0.05,Wallet,2.0
ORD102792,2023-03-04,Mumbai,West,Grocery,Tea 500g,Regular,3,877.0,0.0,Wallet,3.0
ORD102793,2022-08-22,Kolkata,East,Grocery,Coffee,Regular,2,723.0,0.0,Wallet,5.0
ORD102794,2022-11-24,Mumbai,West,Fashion,T-Shirt,New,2,3009.0,0.05,Debit Card,3.0
ORD102795,2023-03-26,Mumbai,West,Books,Fiction,Regular,4,1272.0,0.0,Wallet,4.0
ORD102796,2022-03-07,Mumbai,West,Electronics,Headphones,Regular,1,40675.0,0.0,UPI,3.0
ORD102797,2023-04-21,Bengaluru,South,Grocery,Rice 5kg,Regular,2,103.0,0.0,Cash on Delivery,3.0
ORD102798,2023-12-19,Ahmedabad,West,Grocery,Coffee,Premium,1,560.0,0.2,Wallet,4.0
ORD102799,2022-06-21,Delhi,North,Electronics,Smartwatch,New,2,64505.0,0.1,Wallet,3.0
ORD102800,2023-09-21,Kolkata,East,Fashion,Kurta,Premium,2,1897.0,0.15,Cash on Delivery,3.0
ORD102801,2023-11-12,Bengaluru,South,Electronics,Smartwatch,Regular,2,74159.0,0.2,UPI,4.0
ORD102802,2023-11-27,Delhi,North,Electronics,Headphones,Premium,1,77569.0,0.4,UPI,4.0
ORD102803,2023-12-06,Hyderabad,South,Books,Textbook,Premium,4,1089.0,0.15,UPI,5.0
ORD102804,2023-01-20,Ahmedabad,West,Fashion,Jacket,Premium,2,4389.0,0.05,Cash on Delivery,2.0
ORD102805,2023-12-17,Ahmedabad,West,Electronics,Laptop,Regular,1,38508.0,0.0,UPI,5.0
ORD102806,2023-08-20,Ahmedabad,West,Fashion,T-Shirt,Premium,1,626.0,0.0,Credit Card,5.0
ORD102807,2022-05-26,Bengaluru,South,Grocery,Rice 5kg,Regular,3,950.0,0.1,Credit Card,5.0
ORD102808,2022-12-17,Ahmedabad,West,Home & Kitchen,Mixer,Regular,1,570.0,0.4,Debit Card,4.0
ORD102809,2023-07-16,Delhi,North,Fashion,Jacket,Regular,2,3420.0,0.0,Wallet,5.0
ORD102810,2022-08-11,Pune,West,Electronics,Power Bank,New,2,64776.0,0.1,Debit Card,3.0
ORD102811,2023-05-07,Lucknow,North,Grocery,Cooking Oil,Regular,2,481.0,0.0,Cash on Delivery,3.0
ORD102812,2023-05-31,Mumbai,West,Books,Comics,New,2,720.0,0.0,Credit Card,2.0
ORD102813,2022-05-27,Hyderabad,South,Fashion,Jacket,Regular,2,2485.0,0.0,Cash on Delivery,
ORD102814,2023-02-28,Kolkata,East,Electronics,Smartphone,Premium,2,61133.0,0.05,UPI,4.0
ORD102815,2023-09-02,Pune,West,Electronics,Smartphone,Regular,2,23941.0,0.0,UPI,5.0
ORD102816,2022-12-31,Delhi,North,Electronics,Power Bank,Regular,2,65609.0,0.15,Wallet,4.0
ORD102817,2022-01-11,Lucknow,North,Home & Kitchen,Table Lamp,Premium,2,7919.0,0.2,Debit Card,5.0
ORD102818,2022-01-09,Chennai,South,Grocery,Cooking Oil,Premium,1,154.0,0.2,Debit Card,5.0
ORD102819,2022-10-23,Delhi,North,Fashion,Jacket,Premium,2,2085.0,0.0,Credit Card,5.0
ORD102820,2023-11-20,Mumbai,West,Books,Textbook,Premium,5,869.0,0.2,UPI,4.0
ORD102821,2022-07-26,Pune,West,Fashion,Jacket,Premium,1,5505.0,0.0,Credit Card,5.0
ORD102822,2023-05-02,Mumbai,West,Home & Kitchen,Bedsheet,New,1,11574.0,0.0,UPI,
ORD102823,2022-07-20,Mumbai,West,Books,Textbook,Regular,3,555.0,0.1,Credit Card,4.0
ORD102824,2022-10-08,Chennai,South,Electronics,Smartwatch,Regular,2,4022.0,0.0,Credit Card,4.0
ORD102825,2023-10-19,Chennai,South,Fashion,Sneakers,Regular,1,1934.0,0.0,Credit Card,5.0
ORD102826,2023-07-26,Kolkata,East,Home & Kitchen,Table Lamp,Regular,1,9884.0,0.0,Debit Card,4.0
ORD102827,2022-03-27,Bengaluru,South,Electronics,Smartwatch,Premium,2,15006.0,0.1,Wallet,5.0
ORD102828,2022-11-21,Pune,West,Fashion,T-Shirt,Regular,1,2533.0,0.0,Debit Card,2.0
ORD102829,2022-01-27,Lucknow,North,Fashion,Kurta,Regular,2,3033.0,0.1,Cash on Delivery,4.0
ORD102830,2022-12-19,Delhi,North,Grocery,Snacks Pack,Regular,5,716.0,0.1,Credit Card,3.0
ORD102831,2023-05-27,Pune,West,Fashion,Kurta,Premium,2,4706.0,0.1,Debit Card,4.0
ORD102832,2022-04-17,Jaipur,North,Books,Fiction,Regular,3,1436.0,0.2,UPI,4.0
ORD102833,2022-09-18,Kolkata,East,Fashion,T-Shirt,Regular,1,4513.0,0.0,UPI,5.0
ORD102834,2022-11-08,Kolkata,East,Books,Self-Help,Premium,2,874.0,0.0,Credit Card,3.0
ORD102835,2023-11-17,Delhi,North,Home & Kitchen,Water Bottle,Premium,1,7186.0,0.0,UPI,5.0
ORD102836,2023-12-27,Chennai,South,Grocery,Coffee,Regular,1,904.0,0.0,Cash on Delivery,5.0
ORD102837,2022-02-10,Chennai,South,Fashion,Kurta,Premium,2,1926.0,0.1,Credit Card,4.0
ORD102838,2023-08-24,Pune,West,Home & Kitchen,Water Bottle,Regular,1,839.0,0.0,Cash on Delivery,4.0
ORD102839,2022-10-29,Lucknow,North,Home & Kitchen,Mixer,New,2,11641.0,0.0,Wallet,3.0
ORD102840,2022-11-06,Mumbai,West,Fashion,Sneakers,Regular,1,983.0,0.15,UPI,4.0
ORD102841,2023-08-18,Mumbai,West,Electronics,Headphones,New,1,51824.0,0.1,UPI,1.0
ORD102842,2023-11-17,Mumbai,West,Electronics,Smartwatch,New,1,25506.0,0.1,Debit Card,4.0
ORD102843,2023-11-30,Pune,West,Electronics,Smartphone,Premium,1,42997.0,0.15,UPI,
ORD102844,2023-03-11,Mumbai,West,Books,Self-Help,Regular,5,433.0,0.15,UPI,3.0
ORD102845,2022-10-23,Kolkata,East,Electronics,Smartwatch,Regular,2,76387.0,0.1,Cash on Delivery,4.0
ORD102846,2023-09-17,Bengaluru,South,Electronics,Smartwatch,Regular,1,46852.0,0.0,Wallet,
ORD102847,2022-08-15,Hyderabad,South,Books,Biography,New,1,1251.0,0.4,Cash on Delivery,5.0
ORD102848,2023-02-27,Delhi,North,Fashion,T-Shirt,Premium,1,3361.0,0.05,Credit Card,5.0
ORD102849,2022-10-23,Jaipur,North,Fashion,Jacket,New,1,2860.0,0.0,Credit Card,5.0
ORD102850,2023-05-22,Chennai,South,Electronics,Smartwatch,Premium,2,76655.0,0.0,Credit Card,4.0
ORD102851,2022-08-05,Lucknow,North,Grocery,Tea 500g,Regular,2,508.0,0.1,Credit Card,5.0
ORD102852,2022-06-22,Chennai,South,Books,Comics,Regular,3,197.0,0.3,Credit Card,
ORD102853,2023-11-17,Mumbai,West,Books,Self-Help,Regular,1,1125.0,0.0,UPI,4.0
ORD102854,2022-04-02,Delhi,North,Fashion,T-Shirt,Regular,2,2635.0,0.0,Wallet,4.0
ORD102855,2023-01-06,,North,Books,Textbook,Premium,5,836.0,0.2,Cash on Delivery,4.0
ORD102856,2022-07-19,Pune,West,Electronics,Smartphone,New,2,62725.0,0.2,Debit Card,4.0
ORD102857,2022-02-05,Mumbai,West,Electronics,Headphones,Premium,2,27946.0,0.0,Wallet,3.0
ORD102858,2022-02-02,Pune,West,Electronics,Smartwatch,New,1,37418.0,0.0,UPI,5.0
ORD102859,2022-06-07,Bengaluru,South,Home & Kitchen,Cookware Set,New,1,10830.0,0.1,UPI,4.0
ORD102860,2023-10-27,Delhi,North,Fashion,Jeans,Regular,1,4802.0,0.0,Cash on Delivery,4.0
ORD102861,2022-09-12,Mumbai,West,Fashion,Kurta,Regular,2,1611.0,0.2,Wallet,3.0
ORD102862,2023-11-30,Ahmedabad,West,Electronics,Power Bank,Premium,2,50742.0,0.0,Credit Card,5.0
ORD102863,2023-03-15,Mumbai,West,Fashion,T-Shirt,Regular,1,3028.0,0.0,UPI,3.0
ORD102864,2022-11-24,Delhi,North,Home & Kitchen,Water Bottle,Regular,2,466.0,0.0,Cash on Delivery,3.0
ORD102865,2023-03-14,Delhi,North,Fashion,T-Shirt,Regular,1,525.0,0.0,UPI,5.0
ORD102866,2023-01-16,Delhi,North,Books,Comics,New,4,1148.0,0.0,Credit Card,4.0
ORD102867,2023-08-22,Hyderabad,South,Electronics,Laptop,Regular,1,21449.0,0.0,UPI,2.0
ORD102868,2022-09-12,Mumbai,West,Books,Biography,Premium,1,1423.0,0.15,Wallet,4.0
ORD102869,2022-10-21,Delhi,North,Home & Kitchen,Table Lamp,New,1,857.0,0.0,Credit Card,5.0
ORD102870,2023-11-07,Lucknow,North,Electronics,Smartwatch,Premium,1,54752.0,0.2,Cash on Delivery,5.0
ORD102871,2023-11-28,Bengaluru,South,Electronics,Smartwatch,Premium,2,3917.0,0.0,UPI,4.0
ORD102872,2023-11-06,Bengaluru,South,Home & Kitchen,Cookware Set,Premium,2,4150.0,0.1,UPI,3.0
ORD102873,2022-11-17,Hyderabad,South,Books,Fiction,Regular,4,432.0,0.0,Wallet,5.0
ORD102874,2023-09-10,Chennai,South,Fashion,Jeans,Regular,1,5123.0,0.0,UPI,5.0
ORD102875,2022-12-16,Ahmedabad,West,Electronics,Smartwatch,New,1,56397.0,0.05,Credit Card,5.0
ORD102876,2022-12-30,Delhi,North,Books,Textbook,Regular,2,951.0,0.05,UPI,5.0
ORD102877,2022-07-04,Jaipur,North,Home & Kitchen,Table Lamp,Premium,2,7323.0,0.15,Cash on Delivery,4.0
ORD102878,2023-03-24,Pune,West,Fashion,Jacket,Regular,1,1378.0,0.15,UPI,5.0
ORD102879,2022-06-17,Pune,West,Fashion,Sneakers,Regular,2,1517.0,0.1,Credit Card,5.0
ORD102880,2022-10-12,Mumbai,West,Electronics,Smartwatch,New,1,64260.0,0.0,Debit Card,5.0
ORD102881,2023-10-22,Mumbai,West,Home & Kitchen,Cookware Set,Premium,2,8154.0,0.2,UPI,5.0
ORD102882,2022-07-06,Chennai,South,Fashion,Sneakers,Regular,1,908.0,0.1,UPI,4.0
ORD102883,2022-03-06,Jaipur,North,Grocery,Cooking Oil,New,5,412.0,0.4,Debit Card,5.0
ORD102884,2022-03-04,Chennai,South,Fashion,T-Shirt,Premium,2,4569.0,0.15,Credit Card,5.0
ORD102885,2023-11-26,Delhi,North,Fashion,Kurta,Regular,2,2369.0,0.0,UPI,5.0
ORD102886,2023-01-07,Mumbai,West,Home & Kitchen,Water Bottle,Premium,2,7573.0,0.0,Debit Card,2.0
ORD102887,2022-11-13,Kolkata,East,Grocery,Rice 5kg,Regular,5,308.0,0.05,Wallet,5.0
ORD102888,2023-10-04,Pune,West,Books,Comics,Premium,3,1148.0,0.1,UPI,5.0
ORD102889,2023-10-14,Delhi,North,Fashion,Jacket,Regular,2,3133.0,0.05,Credit Card,3.0
ORD102890,2022-10-12,Mumbai,West,Home & Kitchen,Cookware Set,Regular,1,2958.0,0.15,Debit Card,5.0
ORD102891,2023-06-24,Bengaluru,South,Home & Kitchen,Table Lamp,Premium,1,9888.0,0.0,UPI,5.0
ORD102892,2023-09-02,Chennai,South,Fashion,T-Shirt,New,2,4630.0,0.0,UPI,4.0
ORD102893,2023-05-20,Pune,West,Electronics,Power Bank,Premium,1,73491.0,0.0,Credit Card,4.0
ORD102894,2022-05-17,Ahmedabad,West,Fashion,Sneakers,Regular,2,1834.0,0.05,Cash on Delivery,4.0
ORD102895,2023-10-30,Chennai,South,Electronics,Power Bank,New,2,4910.0,0.1,UPI,4.0
ORD102896,2023-02-05,Mumbai,West,Grocery,Coffee,Premium,3,299.0,0.0,Cash on Delivery,2.0
ORD102897,2022-09-12,Kolkata,East,Fashion,Jeans,Premium,1,4102.0,0.05,Debit Card,3.0
ORD102898,2022-11-20,Lucknow,North,Grocery,Coffee,Regular,5,1018.0,0.0,UPI,3.0
ORD102899,2022-02-03,Jaipur,North,Fashion,Jacket,New,2,1793.0,0.0,Credit Card,4.0
ORD102900,2022-04-26,Jaipur,North,Home & Kitchen,Mixer,New,1,914.0,0.1,Wallet,4.0
ORD102901,2023-08-28,Delhi,North,Home & Kitchen,Cookware Set,Premium,2,5324.0,0.0,UPI,5.0
ORD102902,2022-01-01,Pune,West,Electronics,Headphones,New,2,8053.0,0.1,Credit Card,4.0
ORD102903,2022-11-16,Ahmedabad,West,Fashion,Jeans,Regular,2,971.0,0.15,Debit Card,5.0
ORD102904,2023-01-21,Kolkata,East,Electronics,Smartwatch,New,1,34839.0,0.2,UPI,2.0
ORD102905,2022-02-19,Delhi,North,Home & Kitchen,Cookware Set,Regular,2,8521.0,0.0,UPI,4.0
ORD102906,2023-12-14,Lucknow,North,Fashion,Sneakers,Regular,1,458.0,0.0,UPI,4.0
ORD102907,2022-07-23,Hyderabad,South,Books,Textbook,Premium,3,553.0,0.1,UPI,5.0
ORD102908,2022-10-01,Mumbai,West,Electronics,Smartphone,Premium,2,11515.0,0.15,UPI,5.0
ORD102909,2022-10-01,Mumbai,West,Electronics,Headphones,Regular,2,45996.0,0.15,Cash on Delivery,5.0
ORD102910,2022-07-27,Kolkata,East,Fashion,Sneakers,Regular,1,3257.0,0.0,Wallet,2.0
ORD102911,2022-01-02,Bengaluru,South,Grocery,Snacks Pack,Regular,3,698.0,0.0,UPI,5.0
ORD102912,2023-07-26,Mumbai,West,Home & Kitchen,Bedsheet,Regular,2,526.0,0.05,Credit Card,4.0
ORD102913,2023-12-10,Pune,West,Fashion,Jacket,Regular,1,3695.0,0.15,UPI,5.0
ORD102914,2022-07-22,Ahmedabad,West,Fashion,Sneakers,Regular,2,4143.0,0.0,UPI,4.0
ORD102915,2023-05-27,Pune,West,Electronics,Power Bank,Regular,2,62544.0,0.0,UPI,4.0
ORD102916,2023-08-06,Delhi,North,Grocery,Snacks Pack,New,2,1159.0,0.1,UPI,2.0
ORD102917,2023-10-19,Kolkata,East,Home & Kitchen,Bedsheet,Premium,2,4525.0,0.0,Wallet,5.0
ORD102918,2022-11-19,Mumbai,West,Fashion,T-Shirt,Regular,1,5837.0,0.0,UPI,4.0
ORD102919,2022-10-01,Delhi,North,Home & Kitchen,Mixer,New,1,10795.0,0.0,Credit Card,1.0
ORD102920,2022-10-10,Bengaluru,South,Electronics,Power Bank,Premium,2,4915.0,0.0,UPI,2.0
ORD102921,2023-07-11,Ahmedabad,West,Grocery,Snacks Pack,Regular,5,1085.0,0.05,UPI,
ORD102922,2023-10-06,Bengaluru,South,Electronics,Power Bank,Regular,2,5621.0,0.0,Cash on Delivery,4.0
ORD102923,2022-06-13,Mumbai,West,Home & Kitchen,Mixer,Regular,2,6687.0,0.0,UPI,5.0
ORD102924,2022-10-28,Bengaluru,South,Electronics,Headphones,Regular,1,36752.0,0.0,Wallet,
ORD102925,2023-11-10,Hyderabad,South,Home & Kitchen,Water Bottle,Regular,1,10770.0,0.0,UPI,
ORD102926,2023-10-02,Lucknow,North,Books,Self-Help,Regular,1,587.0,0.1,Debit Card,5.0
ORD102927,2023-12-22,Lucknow,North,Home & Kitchen,Table Lamp,Regular,1,11212.0,0.0,Wallet,5.0
ORD102928,2023-08-18,Delhi,North,Home & Kitchen,Table Lamp,Premium,1,1353.0,0.05,UPI,4.0
ORD102929,2022-11-06,Delhi,North,Grocery,Tea 500g,Regular,5,831.0,0.0,Credit Card,3.0
ORD102930,2023-03-23,Delhi,North,Electronics,Headphones,Premium,2,26102.0,0.0,Cash on Delivery,5.0
ORD102931,2023-05-26,Pune,West,Fashion,Sneakers,Premium,2,3784.0,0.0,UPI,4.0
ORD102932,2022-03-12,Mumbai,West,Electronics,Headphones,New,1,61947.0,0.0,Debit Card,3.0
ORD102933,2023-02-10,Mumbai,West,Grocery,Cooking Oil,Regular,5,389.0,0.1,UPI,5.0
ORD102934,2023-07-08,Chennai,South,Fashion,Sneakers,New,1,4288.0,0.0,UPI,4.0
ORD102935,2022-05-31,Delhi,North,Books,Biography,New,4,1338.0,0.15,UPI,5.0
ORD102936,2023-09-10,Mumbai,West,Home & Kitchen,Cookware Set,Premium,2,925.0,0.0,Wallet,5.0
ORD102937,2023-03-17,Bengaluru,South,Electronics,Smartwatch,Premium,2,29358.0,0.0,UPI,4.0
ORD102938,2023-12-01,Delhi,North,Electronics,Smartwatch,Regular,1,57448.0,0.0,UPI,4.0
ORD102939,2022-02-08,Hyderabad,South,Fashion,Jacket,New,1,2180.0,0.15,Credit Card,4.0
ORD102940,2022-08-28,Lucknow,North,Fashion,Jacket,Regular,1,4492.0,0.0,UPI,
ORD102941,2023-04-02,Mumbai,West,Electronics,Power Bank,Premium,2,3862.0,0.0,UPI,3.0
ORD102942,2022-09-25,Bengaluru,South,Electronics,Smartphone,Regular,1,67239.0,0.0,UPI,4.0
ORD102943,2023-07-13,Lucknow,North,Books,Fiction,Regular,2,704.0,0.0,Debit Card,5.0
ORD102944,2023-08-22,Jaipur,North,Grocery,Cooking Oil,Premium,5,576.0,0.3,Debit Card,4.0
ORD102945,2022-04-03,Bengaluru,South,Fashion,Kurta,New,2,3472.0,0.05,UPI,4.0
ORD102946,2023-01-13,Kolkata,East,Fashion,Jeans,Regular,2,4013.0,0.15,UPI,4.0
ORD102947,2023-01-09,Mumbai,West,Electronics,Smartwatch,New,1,25761.0,0.1,Credit Card,4.0
ORD102948,2022-10-28,Pune,West,Home & Kitchen,Mixer,Premium,1,1965.0,0.05,Cash on Delivery,4.0
ORD102949,2023-11-23,Lucknow,North,Books,Biography,Regular,2,1233.0,0.0,UPI,5.0
ORD102950,2023-10-11,Chennai,South,Electronics,Power Bank,Regular,1,38795.0,0.1,UPI,4.0
ORD102951,2023-06-27,Hyderabad,South,Electronics,Laptop,Premium,1,13977.0,0.0,UPI,4.0
ORD102952,2023-07-13,Delhi,North,Books,Fiction,Regular,2,1202.0,0.0,Debit Card,4.0
ORD102953,2022-12-07,Kolkata,East,Home & Kitchen,Mixer,Regular,2,8073.0,0.1,Wallet,3.0
ORD102954,2023-11-18,Chennai,South,Electronics,Power Bank,Regular,1,52275.0,0.15,UPI,5.0
ORD102955,2023-06-25,Kolkata,East,Home & Kitchen,Cookware Set,Regular,2,10369.0,0.1,UPI,4.0
ORD102956,2023-07-26,Mumbai,West,Fashion,Jacket,Premium,2,4233.0,0.1,UPI,
ORD102957,2023-10-25,Chennai,South,Fashion,T-Shirt,Regular,1,5693.0,0.0,UPI,4.0
ORD102958,2022-09-04,Chennai,South,Books,Textbook,Regular,5,1008.0,0.0,UPI,5.0
ORD102959,2023-10-02,Delhi,North,Books,Self-Help,Regular,3,305.0,0.0,Wallet,4.0
ORD102960,2022-06-25,Delhi,North,Fashion,Sneakers,Regular,1,1867.0,0.1,UPI,2.0
ORD102961,2022-10-18,Delhi,North,Grocery,Coffee,Regular,5,1116.0,0.3,Cash on Delivery,2.0
ORD102962,2022-10-14,Pune,West,Fashion,T-Shirt,Premium,1,1322.0,0.0,UPI,5.0
ORD102963,2023-12-18,Chennai,South,Books,Textbook,Premium,1,775.0,0.0,Cash on Delivery,4.0
ORD102964,2023-10-22,Ahmedabad,West,Fashion,Jeans,Regular,2,1398.0,0.0,Credit Card,4.0
ORD102965,2023-07-01,Delhi,North,Grocery,Snacks Pack,Regular,4,544.0,0.2,UPI,5.0
ORD102966,2023-07-24,Jaipur,North,Grocery,Cooking Oil,Regular,1,1036.0,0.05,Wallet,4.0
ORD102967,2023-02-25,Pune,West,Electronics,Smartwatch,Regular,1,32496.0,0.0,UPI,4.0
ORD102968,2023-11-29,Bengaluru,South,Grocery,Tea 500g,Premium,1,981.0,0.4,Credit Card,5.0
ORD102969,2022-12-29,Mumbai,West,Books,Self-Help,Regular,2,1435.0,0.15,Cash on Delivery,4.0
ORD102970,2022-11-01,Delhi,North,Books,Self-Help,Regular,4,741.0,0.0,UPI,5.0
ORD102971,2022-05-27,Lucknow,North,Electronics,Smartphone,Premium,2,16653.0,0.3,Credit Card,4.0
ORD102972,2023-09-15,Bengaluru,South,Books,Biography,Regular,2,680.0,0.0,Cash on Delivery,4.0
ORD102973,2023-07-31,Bengaluru,South,Books,Fiction,Premium,4,1452.0,0.0,Wallet,3.0
ORD102974,2022-11-03,Delhi,North,Fashion,Sneakers,Regular,1,4060.0,0.0,Debit Card,5.0
ORD102975,2022-01-23,Ahmedabad,West,Grocery,Tea 500g,Regular,2,247.0,0.15,UPI,5.0
ORD102976,2023-10-15,Delhi,North,Electronics,Headphones,Premium,2,74001.0,0.1,Debit Card,
ORD102977,2022-01-11,Bengaluru,South,Electronics,Laptop,Premium,2,62227.0,0.0,Debit Card,4.0
ORD102978,2023-07-03,Bengaluru,South,Fashion,Jeans,Regular,2,498.0,0.3,Debit Card,5.0
ORD102979,2023-12-12,Bengaluru,South,Home & Kitchen,Bedsheet,Premium,2,4650.0,0.0,Cash on Delivery,4.0
ORD102980,2022-11-25,Bengaluru,South,Home & Kitchen,Bedsheet,New,2,8829.0,0.15,UPI,4.0
ORD102981,2022-07-31,Hyderabad,South,Electronics,Smartphone,New,2,45958.0,0.1,UPI,5.0
ORD102982,2023-07-04,Ahmedabad,West,Grocery,Rice 5kg,Premium,1,484.0,0.0,Debit Card,3.0
ORD102983,2023-10-06,Ahmedabad,West,Electronics,Laptop,New,1,19861.0,0.0,Wallet,3.0
ORD102984,2023-02-11,Ahmedabad,West,Electronics,Laptop,Regular,2,64463.0,0.2,Credit Card,4.0
ORD102985,2023-12-10,Mumbai,West,Electronics,Laptop,Regular,1,13413.0,0.0,Wallet,5.0
ORD102986,2022-02-16,Ahmedabad,West,Home & Kitchen,Water Bottle,Regular,1,5566.0,0.1,Wallet,4.0
ORD102987,2023-01-05,Mumbai,West,Grocery,Snacks Pack,Regular,2,614.0,0.05,Wallet,4.0
ORD102988,2023-07-16,Mumbai,West,Home & Kitchen,Water Bottle,Regular,1,10461.0,0.1,Wallet,
ORD102989,2023-10-25,Lucknow,North,Books,Textbook,Premium,3,724.0,0.0,Cash on Delivery,4.0
ORD102990,2022-06-11,Ahmedabad,West,Electronics,Smartphone,Regular,1,32305.0,0.0,Cash on Delivery,4.0
ORD102991,2023-09-28,Chennai,South,Home & Kitchen,Bedsheet,Premium,2,8779.0,0.0,Debit Card,5.0
ORD102992,2023-02-17,Jaipur,North,Fashion,T-Shirt,Regular,1,3096.0,0.2,UPI,5.0
ORD102993,2022-11-08,Lucknow,North,Fashion,Kurta,Regular,2,3750.0,0.0,UPI,2.0
ORD102994,2022-04-29,Chennai,South,Electronics,Laptop,Regular,1,3844.0,0.0,UPI,5.0
ORD102995,2023-10-26,Chennai,South,Home & Kitchen,Water Bottle,Regular,1,3946.0,0.3,UPI,2.0
ORD102996,2022-05-22,,West,Fashion,Jacket,Regular,1,3828.0,0.15,UPI,4.0
ORD102997,2022-10-03,Delhi,North,Books,Comics,Premium,3,321.0,0.0,Wallet,4.0
ORD102998,2022-09-19,Delhi,North,Fashion,Jeans,Regular,2,4253.0,0.4,Debit Card,4.0
ORD102999,2023-10-29,Pune,West,Electronics,Smartwatch,Regular,1,37543.0,0.1,UPI,4.0
ORD101291,2022-04-30,Mumbai,West,Electronics,Power Bank,Regular,2,64837.0,0.0,UPI,4.0
ORD100595,2022-12-15,Kolkata,East,Home & Kitchen,Mixer,Premium,2,405.0,0.15,Debit Card,5.0
ORD100236,2022-09-11,Lucknow,North,Electronics,Laptop,Regular,1,32818.0,0.15,UPI,3.0
ORD102824,2022-10-08,Chennai,South,Electronics,Smartwatch,Regular,2,4022.0,0.0,Credit Card,4.0
ORD101290,2022-11-08,Chennai,South,Home & Kitchen,Water Bottle,Regular,1,6836.0,0.05,Cash on Delivery,2.0
ORD101399,2023-07-06,Jaipur,North,Electronics,Smartphone,Regular,2,43802.0,0.0,UPI,2.0
ORD102516,2022-01-18,Bengaluru,South,Books,Comics,Premium,3,1114.0,0.0,UPI,4.0
ORD100671,2023-11-08,Bengaluru,South,Electronics,Smartphone,Premium,2,75203.0,0.05,Credit Card,4.0
ORD100332,2022-01-13,Delhi,North,Electronics,Smartwatch,Premium,1,44338.0,0.0,UPI,2.0
ORD102887,2022-11-13,Kolkata,East,Grocery,Rice 5kg,Regular,5,308.0,0.05,Wallet,5.0
ORD101435,2022-01-28,Lucknow,North,Fashion,Sneakers,New,1,5145.0,0.1,Cash on Delivery,3.0
ORD102499,2022-11-12,Hyderabad,South,Home & Kitchen,Bedsheet,Premium,1,2249.0,0.2,UPI,4.0
ORD101395,2023-10-11,Bengaluru,South,Books,Biography,Regular,4,370.0,0.3,UPI,5.0
ORD101028,2022-10-07,Chennai,South,Books,Textbook,Regular,4,541.0,0.0,UPI,5.0
ORD102145,2023-10-08,Lucknow,North,Books,Fiction,Regular,5,905.0,0.0,UPI,2.0
ORD100230,2023-09-23,Mumbai,West,Fashion,T-Shirt,Premium,1,1103.0,0.15,UPI,5.0
ORD101801,2023-08-03,Kolkata,East,Electronics,Smartwatch,Premium,1,28775.0,0.0,Debit Card,5.0
ORD102710,2023-09-04,Kolkata,East,Electronics,Smartwatch,New,1,34197.0,0.1,Debit Card,3.0
ORD100142,2022-12-30,Ahmedabad,West,Home & Kitchen,Mixer,Premium,2,5727.0,0.15,Debit Card,3.0
ORD102039,2022-08-15,Bengaluru,South,Grocery,Coffee,New,1,567.0,0.15,UPI,5.0
ORD102944,2023-08-22,Jaipur,North,Grocery,Cooking Oil,Premium,5,576.0,0.3,Debit Card,4.0
ORD102402,2022-11-13,Bengaluru,South,Grocery,Rice 5kg,Regular,3,965.0,0.0,Wallet,3.0
ORD102491,2022-07-03,Hyderabad,South,Books,Biography,Regular,5,710.0,0.2,Credit Card,4.0
ORD101763,2022-12-24,Delhi,North,Electronics,Smartwatch,New,2,18390.0,0.0,UPI,5.0
ORD100981,2023-09-02,Pune,West,Books,Textbook,Regular,5,765.0,0.0,Credit Card,5.0
