ScenarioID,ParallelShift_bps,TwistFactor_bps,ButterflyFactor_bps,PnL_DurationEffect_INR,PnL_ConvexityEffect_INR,PnL_Total_INR,PnL_Pct,VaR_Contribution,YieldChange,PortfolioPnL_INR,Loss_INR,PnL_Bucket
1,-50.28,-43.61,-6.73,677553.73,17857.27,695411.01,2.1691,695411.01,-0.005028,695376.0849308727,-695376.0849308727,"(339694.345, 807096.881]"
2,-103.23,-5.91,3.08,1391064.43,75270.04,1466334.46,4.5738,1466334.46,-0.010323,1466284.2931567195,-1466284.2931567195,"(1274499.417, 1741901.952]"
3,-48.2,35.5,-36.27,649560.04,16412.18,665972.21,2.0773,665972.21,-0.0048200000000000005,665901.437783631,-665901.437783631,"(339694.345, 807096.881]"
4,43.03,22.37,61.3,-579832.59,13077.75,-566754.84,-1.7678,566754.84,0.004303,-566749.7328088355,566749.7328088355,"(-595110.726, -127708.19]"
5,-5.52,-51.75,-16.79,74315.99,214.83,74530.82,0.2325,74530.82,-0.000552,74596.9454866546,-74596.9454866546,"(-127708.19, 339694.345]"
6,21.14,-14.71,-63.45,-284869.2,3156.59,-281712.6,-0.8787,281712.6,0.002114,-281704.1012318637,281704.1012318637,"(-595110.726, -127708.19]"
7,-13.86,-51.24,20.73,186765.86,1356.82,188122.68,0.5868,188122.68,-0.0013859999999999999,188119.61372867707,-188119.61372867707,"(-127708.19, 339694.345]"
8,-115.97,26.34,20.02,1562717.12,94992.29,1657709.42,5.1708,1657709.42,-0.011597,1657679.0029476527,-1657679.0029476527,"(1274499.417, 1741901.952]"
9,121.75,-4.45,-35.68,-1640530.61,104687.86,-1535842.75,-4.7906,1535842.75,0.012175,-1535882.1458727072,1535882.1458727072,"(-1997318.332, -1529915.797]"
10,199.91,-40.87,-15.71,-2693721.28,282249.35,-2411471.94,-7.5219,2411471.94,0.019991,-2411517.2903713128,2411517.2903713128,"(-2464720.868, -1997318.332]"
11,142.59,2.97,-2.72,-1921380.17,143599.93,-1777780.24,-5.5453,1777780.24,0.014259,-1777791.914382707,1777791.914382707,"(-1997318.332, -1529915.797]"
12,61.34,-62.95,9.16,-826579.46,26576.44,-800003.02,-2.4954,800003.02,0.0061340000000000006,-799978.8698435542,799978.8698435542,"(-1062513.261, -595110.726]"
13,57.35,-16.99,12.26,-772852.45,23233.83,-749618.62,-2.3382,749618.62,0.0057350000000000005,-749558.5932657227,749558.5932657227,"(-1062513.261, -595110.726]"
14,-71.87,-92.86,3.3,968408.61,36479.17,1004887.77,3.1345,1004887.77,-0.007187000000000001,1004926.6280348214,-1004926.6280348214,"(807096.881, 1274499.417]"
15,-42.57,62.82,-49.2,573654.22,12800.53,586454.75,1.8293,586454.75,-0.004257,586428.0833873905,-586428.0833873905,"(339694.345, 807096.881]"
16,6.08,14.11,52.42,-81949.38,261.23,-81688.15,-0.2548,81688.15,0.000608,-81666.62172736335,81666.62172736335,"(-127708.19, 339694.345]"
17,47.92,34.79,-27.09,-645684.27,16216.91,-629467.36,-1.9634,629467.36,0.004792,-629501.0720074128,629501.0720074128,"(-1062513.261, -595110.726]"
18,-109.94,52.62,31.25,1481469.03,85371.47,1566840.5,4.8873,1566840.5,-0.010994,1566803.7404028783,-1566803.7404028783,"(1274499.417, 1741901.952]"
19,-14.75,30.56,35.97,198773.49,1536.9,200310.38,0.6248,200310.38,-0.001475,200292.16239993332,-200292.16239993332,"(-127708.19, 339694.345]"
20,-79.53,83.7,9.07,1071599.14,44667.57,1116266.71,3.4819,1116266.71,-0.007953,1116335.7386272494,-1116335.7386272494,"(807096.881, 1274499.417]"
21,-265.36,5.8,-23.12,3575768.72,497354.98,4073123.71,12.7049,4073123.71,-0.026536,4073051.648122713,-4073051.648122713,"(3611512.095, 4078914.63]"
22,-55.17,-53.12,3.93,743377.05,21495.42,764872.47,2.3858,764872.47,-0.005517,764910.5725192887,-764910.5725192887,"(339694.345, 807096.881]"
23,-7.56,76.0,54.68,101900.1,403.9,102304.01,0.3191,102304.01,-0.0007559999999999999,102274.3082089221,-102274.3082089221,"(-127708.19, 339694.345]"
24,-29.74,-56.8,34.86,400734.23,6246.55,406980.79,1.2695,406980.79,-0.0029739999999999996,406991.960005754,-406991.960005754,"(339694.345, 807096.881]"
25,77.05,4.26,-14.69,-1038259.63,41931.42,-996328.21,-3.1078,996328.21,0.007705,-996314.9457025541,996314.9457025541,"(-1062513.261, -595110.726]"
26,-27.59,-74.58,11.18,371781.21,5376.54,377157.74,1.1764,377157.74,-0.002759,377150.24704259244,-377150.24704259244,"(339694.345, 807096.881]"
27,-20.59,12.87,-27.44,277494.05,2995.26,280489.31,0.8749,280489.31,-0.002059,280443.55815743265,-280443.55815743265,"(-127708.19, 339694.345]"
28,108.91,15.18,-2.64,-1467616.16,83782.36,-1383833.79,-4.3165,1383833.79,0.010891,-1383781.6671695455,1383781.6671695455,"(-1529915.797, -1062513.261]"
29,-36.94,68.94,17.44,497785.23,9638.55,507423.78,1.5828,507423.78,-0.003694,507402.4709146855,-507402.4709146855,"(339694.345, 807096.881]"
30,30.47,-58.99,-36.77,-410582.42,6557.35,-404025.07,-1.2602,404025.07,0.003047,-404024.48643908685,404024.48643908685,"(-595110.726, -127708.19]"
31,-49.2,-17.58,-11.52,663013.67,17099.07,680112.75,2.1214,680112.75,-0.00492,680064.3133243731,-680064.3133243731,"(339694.345, 807096.881]"
32,78.27,50.41,-44.51,-1054729.48,43272.28,-1011457.19,-3.155,1011457.19,0.007826999999999999,-1011416.0422744169,1011416.0422744169,"(-1062513.261, -595110.726]"
33,-20.8,76.67,-24.1,280286.27,3055.84,283342.11,0.8838,283342.11,-0.0020800000000000003,283334.6878831578,-283334.6878831578,"(-127708.19, 339694.345]"
34,94.01,-16.6,13.42,-1266823.22,62425.16,-1204398.06,-3.7568,1204398.06,0.009401000000000001,-1204359.5090061256,1204359.5090061256,"(-1529915.797, -1062513.261]"
35,53.01,30.82,5.57,-714346.98,19849.34,-694497.64,-2.1663,694497.64,0.005301,-694460.1472598505,694460.1472598505,"(-1062513.261, -595110.726]"
36,-101.37,26.22,-8.53,1365979.04,72579.79,1438558.83,4.4872,1438558.83,-0.010137,1438533.0656454589,-1438533.0656454589,"(1274499.417, 1741901.952]"
37,23.72,57.96,26.2,-319613.79,3973.55,-315640.24,-0.9845,315640.24,0.002372,-315652.0307171507,315652.0307171507,"(-595110.726, -127708.19]"
38,-155.18,-71.35,-16.53,2091035.79,170078.95,2261114.74,7.0529,2261114.74,-0.015518,2261122.805912788,-2261122.805912788,"(2209304.488, 2676707.023]"
39,184.9,-28.44,-10.89,-2491546.29,241471.32,-2250074.97,-7.0185,2250074.97,0.01849,-2250053.356575497,2250053.356575497,"(-2464720.868, -1997318.332]"
40,-151.37,16.86,-29.5,2039744.6,161837.52,2201582.12,6.8672,2201582.12,-0.015137000000000001,2201534.123995569,-2201534.123995569,"(1741901.952, 2209304.488]"
41,43.02,-12.53,3.81,-579655.72,13069.77,-566585.95,-1.7673,566585.95,0.004302,-566621.0608813626,566621.0608813626,"(-595110.726, -127708.19]"
42,13.75,-44.34,37.5,-185268.9,1335.16,-183933.74,-0.5737,183933.74,0.001375,-183945.27207690556,183945.27207690556,"(-595110.726, -127708.19]"
43,69.36,41.4,36.4,-934637.82,33979.29,-900658.52,-2.8093,900658.52,0.006936,-900644.5927518526,900644.5927518526,"(-1062513.261, -595110.726]"
44,-9.49,30.2,-3.44,127821.23,635.53,128456.76,0.4007,128456.76,-0.000949,128513.38050438887,-128513.38050438887,"(-127708.19, 339694.345]"
45,-55.65,77.77,11.57,749847.58,21871.25,771718.83,2.4072,771718.83,-0.005565,771754.2489373754,-771754.2489373754,"(339694.345, 807096.881]"
46,35.6,-26.19,-43.01,-479660.87,8949.45,-470711.43,-1.4683,470711.43,0.0035600000000000002,-470757.1106485474,470757.1106485474,"(-595110.726, -127708.19]"
47,-24.23,32.11,31.33,326511.15,4146.9,330658.05,1.0314,330658.05,-0.0024230000000000002,330644.65469967143,-330644.65469967143,"(-127708.19, 339694.345]"
48,-12.45,1.99,-14.55,167812.72,1095.41,168908.13,0.5269,168908.13,-0.001245,168857.9190232657,-168857.9190232657,"(-127708.19, 339694.345]"
49,114.28,6.78,-18.01,-1539853.02,92232.97,-1447620.06,-4.5154,1447620.06,0.011428,-1447677.1023687625,1447677.1023687625,"(-1529915.797, -1062513.261]"
50,27.68,71.87,9.01,-373023.77,5412.53,-367611.23,-1.1467,367611.23,0.002768,-367575.2381109529,367575.2381109529,"(-595110.726, -127708.19]"
51,-93.79,-31.09,7.49,1263816.02,62129.14,1325945.16,4.1359,1325945.16,-0.009379,1325944.7383289319,-1325944.7383289319,"(1274499.417, 1741901.952]"
52,-16.17,-2.29,4.09,217903.48,1846.95,219750.43,0.6854,219750.43,-0.0016170000000000002,219736.69980354156,-219736.69980354156,"(-127708.19, 339694.345]"
53,42.25,14.65,-32.04,-569263.03,12605.31,-556657.72,-1.7363,556657.72,0.004225,-556709.0805085578,556709.0805085578,"(-595110.726, -127708.19]"
54,-79.44,23.02,42.52,1070466.04,44573.16,1115039.2,3.478,1115039.2,-0.007944,1115021.9423684382,-1115021.9423684382,"(807096.881, 1274499.417]"
55,55.15,5.13,-0.58,-743076.87,21478.06,-721598.81,-2.2508,721598.81,0.005515,-721661.7574024339,721661.7574024339,"(-1062513.261, -595110.726]"
56,-80.58,-40.86,-13.43,1085851.94,45863.68,1131715.61,3.5301,1131715.61,-0.008058,1131671.8158974806,-1131671.8158974806,"(807096.881, 1274499.417]"
57,106.91,-68.79,-26.98,-1440545.5,80720.08,-1359825.42,-4.2416,1359825.42,0.010690999999999999,-1359880.3779530942,1359880.3779530942,"(-1529915.797, -1062513.261]"
58,-77.27,84.13,23.11,1041173.38,42167.1,1083340.48,3.3792,1083340.48,-0.0077269999999999995,1083379.4925030107,-1083379.4925030107,"(807096.881, 1274499.417]"
59,10.2,-61.13,-16.51,-137407.5,734.43,-136673.07,-0.4263,136673.07,0.0010199999999999999,-136709.69366908708,136709.69366908708,"(-595110.726, -127708.19]"
60,-252.2,39.52,44.3,3398367.25,449229.48,3847596.74,12.0015,3847596.74,-0.02522,3847615.460704017,-3847615.460704017,"(3611512.095, 4078914.63]"
61,160.7,2.19,60.0,-2165489.4,182406.27,-1983083.13,-6.1857,1983083.13,0.016069999999999997,-1983029.931235011,1983029.931235011,"(-1997318.332, -1529915.797]"
62,-103.12,33.72,-27.38,1389583.1,75109.81,1464692.91,4.5687,1464692.91,-0.010312,1464641.7319279774,-1464641.7319279774,"(1274499.417, 1741901.952]"
63,-20.49,-30.31,-6.61,276045.91,2964.08,279010.0,0.8703,279010.0,-0.002049,279067.04866546154,-279067.04866546154,"(-127708.19, 339694.345]"
64,-42.26,71.61,-72.92,569389.57,12610.92,582000.49,1.8154,582000.49,-0.004226,582065.11384025,-582065.11384025,"(339694.345, 807096.881]"
65,-106.76,27.58,-42.46,1438598.07,80501.98,1519100.06,4.7384,1519100.06,-0.010676,1519086.3284041446,-1519086.3284041446,"(1274499.417, 1741901.952]"
66,92.88,-22.01,30.9,-1251506.02,60924.72,-1190581.3,-3.7137,1190581.3,0.009288,-1190624.389148119,1190624.389148119,"(-1529915.797, -1062513.261]"
67,-116.13,-7.23,-15.92,1564890.79,95256.74,1660147.52,5.1784,1660147.52,-0.011613,1660097.2819252308,-1660097.2819252308,"(1274499.417, 1741901.952]"
68,63.13,-3.61,-12.24,-850655.96,28147.22,-822508.74,-2.5656,822508.74,0.006313,-822525.4188435355,822525.4188435355,"(-1062513.261, -595110.726]"
69,-98.49,1.95,-47.19,1327156.54,68512.83,1395669.38,4.3534,1395669.38,-0.009849,1395659.839645635,-1395659.839645635,"(1274499.417, 1741901.952]"
70,43.62,-36.95,-53.1,-587836.59,13441.29,-574395.31,-1.7917,574395.31,0.0043619999999999996,-574338.8762751132,574338.8762751132,"(-595110.726, -127708.19]"
71,15.45,50.55,31.57,-208122.75,1684.87,-206437.88,-0.6439,206437.88,0.001545,-206502.09044541634,206502.09044541634,"(-595110.726, -127708.19]"
72,-9.97,65.96,-49.86,134365.38,702.27,135067.65,0.4213,135067.65,-0.000997,135047.33046619096,-135047.33046619096,"(-127708.19, 339694.345]"
73,76.54,-111.92,-3.24,-1031361.88,41376.12,-989985.76,-3.088,989985.76,0.007654,-989995.9606507992,989995.9606507992,"(-1062513.261, -595110.726]"
74,11.87,-34.25,-39.81,-159942.38,995.07,-158947.31,-0.4958,158947.31,0.001187,-158952.54879039826,158952.54879039826,"(-595110.726, -127708.19]"
75,-96.73,36.85,-6.73,1303487.14,66090.82,1369577.96,4.272,1369577.96,-0.009673000000000001,1369517.2130580146,-1369517.2130580146,"(1274499.417, 1741901.952]"
76,-45.11,-60.83,28.38,607879.98,14373.53,622253.51,1.9409,622253.51,-0.004511,622227.4135713071,-622227.4135713071,"(339694.345, 807096.881]"
77,162.84,-11.55,14.23,-2194319.4,187295.49,-2007023.91,-6.2603,2007023.91,0.016284,-2006976.173143621,2006976.173143621,"(-2464720.868, -1997318.332]"
78,-38.03,-21.83,15.1,512483.23,10216.14,522699.37,1.6304,522699.37,-0.003803,522667.32735868625,-522667.32735868625,"(339694.345, 807096.881]"
79,59.27,91.72,-18.01,-798617.72,24808.79,-773808.93,-2.4137,773808.93,0.005927,-773849.0526500935,773849.0526500935,"(-1062513.261, -595110.726]"
80,41.2,-52.34,16.07,-555121.46,11986.81,-543134.65,-1.6942,543134.65,0.00412,-543179.2464993568,543179.2464993568,"(-595110.726, -127708.19]"
81,15.84,-84.85,-41.93,-213494.15,1772.96,-211721.18,-0.6604,211721.18,0.001584,-211671.13301129537,211671.13301129537,"(-595110.726, -127708.19]"
82,-93.27,37.71,-68.2,1256793.29,61440.58,1318233.87,4.1119,1318233.87,-0.009327,1318250.7496271057,-1318250.7496271057,"(1274499.417, 1741901.952]"
83,-91.66,58.25,84.51,1235089.48,59336.85,1294426.33,4.0376,1294426.33,-0.009165999999999999,1294453.1976025377,-1294453.1976025377,"(1274499.417, 1741901.952]"
84,-91.26,-28.16,-1.21,1229665.3,58816.81,1288482.11,4.0191,1288482.11,-0.009126,1288546.4408613082,-1288546.4408613082,"(1274499.417, 1741901.952]"
85,-48.99,7.18,-21.69,660191.59,16953.82,677145.41,2.1122,677145.41,-0.004899000000000001,677088.9377313246,-677088.9377313246,"(339694.345, 807096.881]"
86,4.85,11.49,-2.61,-65329.23,166.01,-65163.22,-0.2033,65163.22,0.00048499999999999997,-65187.38276771625,65187.38276771625,"(-127708.19, 339694.345]"
87,-14.43,-93.9,-6.99,194386.98,1469.81,195856.79,0.6109,195856.79,-0.001443,195914.22741988863,-195914.22741988863,"(-127708.19, 339694.345]"
88,0.27,29.35,36.88,-3677.08,0.53,-3676.55,-0.0115,3676.55,2.7000000000000002e-05,-3637.722259296803,3637.722259296803,"(-127708.19, 339694.345]"
89,-39.48,37.59,-36.24,532021.66,11009.97,543031.64,1.6938,543031.64,-0.003948,542999.8003018384,-542999.8003018384,"(339694.345, 807096.881]"
90,-118.16,-32.11,-30.82,1592169.33,98606.64,1690775.97,5.2739,1690775.97,-0.011816,1690810.5958372534,-1690810.5958372534,"(1274499.417, 1741901.952]"
91,-111.88,2.75,-9.52,1507618.6,88411.88,1596030.47,4.9784,1596030.47,-0.011188,1595984.5168539998,-1595984.5168539998,"(1274499.417, 1741901.952]"
92,113.01,-62.5,-1.13,-1522866.65,90209.31,-1432657.34,-4.4688,1432657.34,0.011301,-1432602.6677810976,1432602.6677810976,"(-1529915.797, -1062513.261]"
93,45.53,-58.05,50.66,-613546.81,14642.76,-598904.04,-1.8681,598904.04,0.004553,-598873.3951919884,598873.3951919884,"(-1062513.261, -595110.726]"
94,18.83,102.81,-3.6,-253703.08,2503.68,-251199.4,-0.7835,251199.4,0.001883,-251229.08061191253,251229.08061191253,"(-595110.726, -127708.19]"
95,80.13,37.22,19.53,-1079756.53,45350.21,-1034406.32,-3.2265,1034406.32,0.008013,-1034398.5638249578,1034398.5638249578,"(-1062513.261, -595110.726]"
96,-86.3,30.4,4.2,1162907.8,52603.93,1215511.73,3.7914,1215511.73,-0.00863,1215490.4278041206,-1215490.4278041206,"(807096.881, 1274499.417]"
97,-93.7,-73.22,13.45,1262606.56,62010.28,1324616.84,4.1318,1324616.84,-0.00937,1324612.8131053115,-1324612.8131053115,"(1274499.417, 1741901.952]"
98,-39.69,-39.24,10.96,534766.45,11123.87,545890.32,1.7027,545890.32,-0.0039689999999999994,545946.9653949486,-545946.9653949486,"(339694.345, 807096.881]"
99,-130.31,54.54,-31.63,1755957.03,119937.61,1875894.65,5.8513,1875894.65,-0.013031000000000001,1875853.42798953,-1875853.42798953,"(1741901.952, 2209304.488]"
100,-48.69,-58.74,-12.38,656137.35,16746.23,672883.58,2.0989,672883.58,-0.004869,672839.481788346,-672839.481788346,"(339694.345, 807096.881]"
101,-126.24,12.11,5.64,1701013.32,112549.37,1813562.68,5.6569,1813562.68,-0.012624,1813635.6200934504,-1813635.6200934504,"(1741901.952, 2209304.488]"
102,28.17,-5.62,39.98,-379550.3,5603.59,-373946.71,-1.1664,373946.71,0.002817,-373984.6788502637,373984.6788502637,"(-595110.726, -127708.19]"
103,-108.08,52.17,2.54,1456409.41,82507.72,1538917.13,4.8002,1538917.13,-0.010808,1538876.2152773123,-1538876.2152773123,"(1274499.417, 1741901.952]"
104,-81.38,61.9,15.09,1096558.45,46772.57,1143331.01,3.5663,1143331.01,-0.008138,1143366.8992404973,-1143366.8992404973,"(807096.881, 1274499.417]"
105,66.18,34.45,14.52,-891812.83,30936.78,-860876.05,-2.6853,860876.05,0.006618000000000001,-860838.4609755493,860838.4609755493,"(-1062513.261, -595110.726]"
106,-123.27,6.68,-41.84,1661112.68,107331.16,1768443.84,5.5162,1768443.84,-0.012327,1768381.1120086259,-1768381.1120086259,"(1741901.952, 2209304.488]"
107,-77.33,36.05,30.87,1042012.34,42235.08,1084247.42,3.382,1084247.42,-0.007732999999999999,1084253.5047920493,-1084253.5047920493,"(807096.881, 1274499.417]"
108,-5.21,35.09,7.8,70239.96,191.91,70431.87,0.2197,70431.87,-0.000521,70396.2170376267,-70396.2170376267,"(-127708.19, 339694.345]"
109,8.34,43.05,39.42,-112446.03,491.83,-111954.2,-0.3492,111954.2,0.000834,-111889.84094591212,111889.84094591212,"(-127708.19, 339694.345]"
110,77.64,16.76,-10.85,-1046256.72,42579.85,-1003676.87,-3.1307,1003676.87,0.007764,-1003620.5602956355,1003620.5602956355,"(-1062513.261, -595110.726]"
111,60.06,54.44,42.73,-809240.14,25473.14,-783767.0,-2.4447,783767.0,0.006006,-783828.4436941675,783828.4436941675,"(-1062513.261, -595110.726]"
112,34.08,-53.14,16.89,-459182.91,8201.61,-450981.3,-1.4067,450981.3,0.003408,-451023.23661223764,451023.23661223764,"(-595110.726, -127708.19]"
113,-17.86,4.83,-6.25,240722.1,2254.03,242976.13,0.7579,242976.13,-0.001786,242915.55969922294,-242915.55969922294,"(-127708.19, 339694.345]"
114,4.01,-26.38,35.64,-54076.62,113.75,-53962.87,-0.1683,53962.87,0.000401,-53920.9874446049,53920.9874446049,"(-127708.19, 339694.345]"
115,-19.93,20.37,-45.85,268578.31,2805.88,271384.2,0.8465,271384.2,-0.001993,271361.2059457488,-271361.2059457488,"(-127708.19, 339694.345]"
116,11.2,16.03,33.82,-150892.92,885.66,-150007.26,-0.4679,150007.26,0.00112,-150033.500712342,150033.500712342,"(-595110.726, -127708.19]"
117,55.88,-68.73,12.66,-753004.75,22055.81,-730948.94,-2.28,730948.94,0.005588,-730926.013918726,730926.013918726,"(-1062513.261, -595110.726]"
118,73.06,32.95,-3.84,-984533.23,37704.08,-946829.14,-2.9534,946829.14,0.007306,-946780.1109887148,946780.1109887148,"(-1062513.261, -595110.726]"
119,-178.2,-101.64,52.04,2401276.02,224290.97,2625566.99,8.1897,2625566.99,-0.01782,2625519.5232557342,-2625519.5232557342,"(2209304.488, 2676707.023]"
120,88.83,8.78,22.95,-1197037.49,55736.94,-1141300.55,-3.56,1141300.55,0.008883,-1141248.5753103977,1141248.5753103977,"(-1529915.797, -1062513.261]"
121,-38.25,62.41,14.13,515371.76,10331.63,525703.39,1.6398,525703.39,-0.003825,525750.3430764144,-525750.3430764144,"(339694.345, 807096.881]"
122,-131.82,76.76,-12.46,1776273.41,122729.02,1899002.43,5.9234,1899002.43,-0.013182,1898996.2036244222,-1898996.2036244222,"(1741901.952, 2209304.488]"
123,-118.04,-31.58,-5.67,1590613.6,98414.03,1689027.63,5.2684,1689027.63,-0.011804,1688993.4116739288,-1688993.4116739288,"(1274499.417, 1741901.952]"
124,127.89,-51.77,-6.14,-1723337.68,115522.98,-1607814.7,-5.0151,1607814.7,0.012789,-1607792.4657113873,1607792.4657113873,"(-1997318.332, -1529915.797]"
125,-22.93,16.35,15.89,308952.79,3712.89,312665.68,0.9753,312665.68,-0.002293,312694.2064100725,-312694.2064100725,"(-127708.19, 339694.345]"
126,-106.03,-22.76,42.12,1428806.44,79409.86,1508216.3,4.7045,1508216.3,-0.010603,1508152.4908489205,-1508152.4908489205,"(1274499.417, 1741901.952]"
127,-40.1,47.68,-0.29,540287.15,11354.73,551641.89,1.7207,551641.89,-0.0040100000000000005,551702.7497668323,-551702.7497668323,"(339694.345, 807096.881]"
128,120.36,-29.79,-33.29,-1621841.72,102316.24,-1519525.48,-4.7397,1519525.48,0.012036,-1519528.8488909316,1519528.8488909316,"(-1529915.797, -1062513.261]"
129,103.03,-47.83,-19.18,-1388390.06,74980.9,-1313409.17,-4.0968,1313409.17,0.010303,-1313350.741819904,1313350.741819904,"(-1529915.797, -1062513.261]"
130,-6.54,-73.52,0.22,88114.23,302.01,88416.24,0.2758,88416.24,-0.000654,88428.27864185581,-88428.27864185581,"(-127708.19, 339694.345]"
131,105.65,-105.46,-4.81,-1423612.44,78833.57,-1344778.88,-4.1947,1344778.88,0.010565,-1344793.5543177715,1344793.5543177715,"(-1529915.797, -1062513.261]"
132,141.64,35.42,-54.74,-1908560.88,141690.15,-1766870.73,-5.5113,1766870.73,0.014163999999999998,-1766897.8141439282,1766897.8141439282,"(-1997318.332, -1529915.797]"
133,194.68,-64.52,-1.54,-2623358.88,267696.72,-2355662.16,-7.3478,2355662.16,0.019468,-2355618.9665433327,2355618.9665433327,"(-2464720.868, -1997318.332]"
134,-34.76,17.0,31.83,468440.46,8535.65,476976.11,1.4878,476976.11,-0.003476,476923.10637425317,-476923.10637425317,"(339694.345, 807096.881]"
135,10.01,82.68,5.64,-134928.39,708.16,-134220.22,-0.4187,134220.22,0.001001,-134176.5734168343,134176.5734168343,"(-595110.726, -127708.19]"
136,-191.89,-83.83,31.8,2585676.53,260061.47,2845738.0,8.8765,2845738.0,-0.019188999999999998,2845775.859338274,-2845775.859338274,"(2676707.023, 3144109.559]"
137,120.24,-37.55,13.41,-1620224.19,102112.25,-1518111.94,-4.7353,1518111.94,0.012024,-1518115.7736767,1518115.7736767,"(-1529915.797, -1062513.261]"
138,-64.91,-6.82,17.27,874642.53,29756.98,904399.5,2.821,904399.5,-0.006490999999999999,904417.1900177187,-904417.1900177187,"(807096.881, 1274499.417]"
139,-28.36,-33.85,1.24,382183.79,5681.62,387865.41,1.2098,387865.41,-0.002836,387830.2392417918,-387830.2392417918,"(339694.345, 807096.881]"
140,56.86,87.95,9.28,-766120.69,22830.85,-743289.84,-2.3185,743289.84,0.005686,-743351.125071711,743351.125071711,"(-1062513.261, -595110.726]"
141,-42.8,53.51,31.37,576682.62,12936.04,589618.67,1.8391,589618.67,-0.00428,589666.0025174372,-589666.0025174372,"(339694.345, 807096.881]"
142,-5.73,27.86,-11.26,77151.49,231.53,77383.02,0.2414,77383.02,-0.000573,77443.37150743025,-77443.37150743025,"(-127708.19, 339694.345]"
143,-3.46,12.04,5.97,46608.37,84.5,46692.87,0.1456,46692.87,-0.000346,46707.889038453905,-46707.889038453905,"(-127708.19, 339694.345]"
144,-78.18,-68.27,-13.51,1053484.55,43170.19,1096654.74,3.4207,1096654.74,-0.007818,1096640.8086803895,-1096640.8086803895,"(807096.881, 1274499.417]"
145,154.51,21.0,2.04,-2082029.07,168616.94,-1913412.13,-5.9683,1913412.13,0.015451,-1913400.686574783,1913400.686574783,"(-1997318.332, -1529915.797]"
146,-33.05,34.54,-15.77,445342.24,7714.64,453056.87,1.4132,453056.87,-0.0033049999999999998,453061.96245713864,-453061.96245713864,"(339694.345, 807096.881]"
147,-10.76,17.31,61.4,145022.92,818.09,145841.01,0.4549,145841.01,-0.001076,145808.20928525564,-145808.20928525564,"(-127708.19, 339694.345]"
148,-59.34,-49.21,-55.07,799637.37,24872.18,824509.55,2.5718,824509.55,-0.005934,824473.6898415802,-824473.6898415802,"(807096.881, 1274499.417]"
149,-152.61,57.75,12.12,2056403.37,164491.8,2220895.17,6.9275,2220895.17,-0.015261000000000002,2220905.3078063386,-2220905.3078063386,"(2209304.488, 2676707.023]"
150,-61.27,-53.13,-15.24,825601.12,26513.57,852114.69,2.6579,852114.69,-0.0061270000000000005,852124.4228428348,-852124.4228428348,"(807096.881, 1274499.417]"
151,107.29,50.78,-45.35,-1445666.91,81295.05,-1364371.86,-4.2558,1364371.86,0.010729,-1364425.970804616,1364425.970804616,"(-1529915.797, -1062513.261]"
152,-83.62,-57.83,-5.55,1126817.73,49389.54,1176207.27,3.6688,1176207.27,-0.008362,1176161.2278942137,-1176161.2278942137,"(807096.881, 1274499.417]"
153,114.16,36.35,3.78,-1538271.23,92043.57,-1446227.66,-4.5111,1446227.66,0.011415999999999999,-1446253.7210202583,1446253.7210202583,"(-1529915.797, -1062513.261]"
154,-85.8,40.43,-42.63,1156166.06,51995.78,1208161.84,3.7685,1208161.84,-0.008579999999999999,1208145.191983403,-1208145.191983403,"(807096.881, 1274499.417]"
155,56.74,-77.51,19.33,-764518.46,22735.45,-741783.01,-2.3138,741783.01,0.005674,-741830.4117774987,741830.4117774987,"(-1062513.261, -595110.726]"
156,-27.65,27.18,12.95,372577.72,5399.6,377977.31,1.179,377977.31,-0.0027649999999999997,377982.15334884793,-377982.15334884793,"(339694.345, 807096.881]"
157,-15.74,50.62,6.63,212097.17,1749.84,213847.0,0.667,213847.0,-0.001574,213845.55857554422,-213845.55857554422,"(-127708.19, 339694.345]"
158,-25.74,-75.84,-9.71,346877.91,4680.38,351558.28,1.0966,351558.28,-0.002574,351524.7592372183,-351524.7592372183,"(339694.345, 807096.881]"
159,95.29,40.93,-22.28,-1284028.92,64132.36,-1219896.56,-3.8051,1219896.56,0.009529000000000001,-1219896.087333512,1219896.087333512,"(-1529915.797, -1062513.261]"
160,11.83,-15.18,51.75,-159454.96,989.02,-158465.95,-0.4943,158465.95,0.001183,-158420.246292353,158420.246292353,"(-595110.726, -127708.19]"
161,69.65,44.85,-17.36,-938542.3,34263.78,-904278.52,-2.8206,904278.52,0.006965000000000001,-904267.6043252302,904267.6043252302,"(-1062513.261, -595110.726]"
162,63.4,-66.31,-51.56,-854343.52,28391.78,-825951.73,-2.5763,825951.73,0.00634,-825922.3665835306,825922.3665835306,"(-1062513.261, -595110.726]"
163,160.1,17.79,3.04,-2157375.95,181041.98,-1976333.97,-6.1646,1976333.97,0.01601,-1976304.4202825318,1976304.4202825318,"(-1997318.332, -1529915.797]"
164,-31.96,64.8,-22.19,430662.03,7214.41,437876.44,1.3658,437876.44,-0.003196,437873.7833131054,-437873.7833131054,"(339694.345, 807096.881]"
165,-1.85,49.27,-29.94,24887.86,24.09,24911.96,0.0777,24911.96,-0.000185,24952.834559888408,-24952.834559888408,"(-127708.19, 339694.345]"
166,-119.01,62.38,-26.07,1603664.31,100035.6,1703699.91,5.3142,1703699.91,-0.011901,1703688.1403272692,-1703688.1403272692,"(1274499.417, 1741901.952]"
167,-71.68,-7.99,-3.53,965917.71,36291.75,1002209.45,3.1261,1002209.45,-0.007168000000000001,1002173.7509403276,-1002173.7509403276,"(807096.881, 1274499.417]"
168,4.45,111.08,-16.78,-59956.89,139.83,-59817.06,-0.1866,59817.06,0.00044500000000000003,-59823.675678294436,59823.675678294436,"(-127708.19, 339694.345]"
169,73.61,-20.86,46.45,-991854.74,38266.94,-953587.79,-2.9744,953587.79,0.007361,-953621.5839797262,953621.5839797262,"(-1062513.261, -595110.726]"
170,-65.49,-29.08,56.81,882432.03,30289.36,912721.4,2.847,912721.4,-0.006548999999999999,912766.8410892778,-912766.8410892778,"(807096.881, 1274499.417]"
171,57.47,45.42,-22.48,-774394.01,23326.61,-751067.4,-2.3427,751067.4,0.0057469999999999995,-751078.272556332,751078.272556332,"(-1062513.261, -595110.726]"
172,166.85,-54.33,-41.72,-2248232.49,196612.02,-2051620.47,-6.3994,2051620.47,0.016685,-2051673.2212672718,2051673.2212672718,"(-2464720.868, -1997318.332]"
173,-6.15,20.2,6.42,82840.85,266.94,83107.79,0.2592,83107.79,-0.000615,83138.0923833623,-83138.0923833623,"(-127708.19, 339694.345]"
174,-114.35,-9.36,-68.32,1540809.34,92347.56,1633156.9,5.0942,1633156.9,-0.011434999999999999,1633214.2947804772,-1633214.2947804772,"(1274499.417, 1741901.952]"
175,-52.04,45.47,12.03,701171.52,19123.89,720295.4,2.2468,720295.4,-0.005204,720363.9046530626,-720363.9046530626,"(339694.345, 807096.881]"
176,-22.53,20.77,19.73,303563.5,3584.48,307147.98,0.9581,307147.98,-0.0022530000000000002,307175.79430070997,-307175.79430070997,"(-127708.19, 339694.345]"
177,95.56,21.17,-4.92,-1287724.78,64502.08,-1223222.69,-3.8155,1223222.69,0.009556,-1223170.3785149653,1223170.3785149653,"(-1529915.797, -1062513.261]"
178,-124.9,-35.75,40.97,1683061.24,110186.27,1793247.51,5.5935,1793247.51,-0.012490000000000001,1793202.3345146726,-1793202.3345146726,"(1741901.952, 2209304.488]"
179,10.77,-71.4,13.13,-145066.15,818.58,-144247.57,-0.4499,144247.57,0.001077,-144305.99479223345,144305.99479223345,"(-595110.726, -127708.19]"
180,99.0,-2.48,-1.82,-1334082.9,69229.83,-1264853.07,-3.9453,1264853.07,0.0099,-1264797.1344447245,1264797.1344447245,"(-1529915.797, -1062513.261]"
181,26.35,40.61,-12.92,-355074.11,4904.17,-350169.94,-1.0923,350169.94,0.002635,-350161.0883019012,350161.0883019012,"(-595110.726, -127708.19]"
182,-22.22,0.2,47.44,299468.11,3488.42,302956.53,0.945,302956.53,-0.002222,302900.5794527915,-302900.5794527915,"(-127708.19, 339694.345]"
183,15.98,-71.93,27.56,-215329.75,1803.58,-213526.17,-0.666,213526.17,0.001598,-213526.1626882254,213526.1626882254,"(-595110.726, -127708.19]"
184,97.93,-100.1,37.95,-1319648.62,67739.85,-1251908.76,-3.905,1251908.76,0.009793000000000001,-1251867.1879446323,1251867.1879446323,"(-1529915.797, -1062513.261]"
185,-193.98,30.51,12.38,2613833.04,265756.15,2879589.19,8.9821,2879589.19,-0.019398,2879634.4874591045,-2879634.4874591045,"(2676707.023, 3144109.559]"
186,45.92,-37.15,-14.75,-618772.18,14893.24,-603878.94,-1.8836,603878.94,0.004592000000000001,-603876.7259673335,603876.7259673335,"(-1062513.261, -595110.726]"
187,-8.33,20.58,-20.21,112303.07,490.58,112793.66,0.3518,112793.66,-0.000833,112736.43782657945,-112736.43782657945,"(-127708.19, 339694.345]"
188,73.92,-68.05,39.66,-996123.39,38597.03,-957526.36,-2.9867,957526.36,0.007392,-957475.8039781833,957475.8039781833,"(-1062513.261, -595110.726]"
189,-18.5,-4.38,37.96,249301.1,2417.55,251718.65,0.7852,251718.65,-0.00185,251703.884941801,-251703.884941801,"(-127708.19, 339694.345]"
190,18.39,-27.47,-13.99,-247832.86,2389.16,-245443.7,-0.7656,245443.7,0.0018390000000000001,-245415.76871151093,245415.76871151093,"(-595110.726, -127708.19]"
191,94.45,29.55,-4.34,-1272769.3,63012.54,-1209756.76,-3.7735,1209756.76,0.009445,-1209702.81824149,1209702.81824149,"(-1529915.797, -1062513.261]"
192,194.88,66.0,12.81,-2626030.59,268242.26,-2357788.33,-7.3544,2357788.33,0.019488,-2357763.674992329,2357763.674992329,"(-2464720.868, -1997318.332]"
193,-45.92,-16.77,17.69,618716.66,14890.57,633607.23,1.9764,633607.23,-0.004592000000000001,633662.9004888835,-633662.9004888835,"(339694.345, 807096.881]"
194,-15.92,-7.69,-2.07,214486.82,1789.49,216276.31,0.6746,216276.31,-0.001592,216311.29986526445,-216311.29986526445,"(-127708.19, 339694.345]"
195,-170.04,-13.92,50.61,2291227.4,204203.89,2495431.29,7.7838,2495431.29,-0.017004,2495493.800207054,-2495493.800207054,"(2209304.488, 2676707.023]"
196,-81.61,-35.63,0.79,1099745.92,47044.88,1146790.8,3.5771,1146790.8,-0.008161,1146730.9088946031,-1146730.9088946031,"(807096.881, 1274499.417]"
197,70.12,115.63,9.16,-944834.16,34724.72,-910109.44,-2.8388,910109.44,0.007012000000000001,-910136.8588469882,910136.8588469882,"(-1062513.261, -595110.726]"
198,-72.52,-1.1,-29.43,977157.21,37141.25,1014298.46,3.1638,1014298.46,-0.007252,1014348.221788265,-1014348.221788265,"(807096.881, 1274499.417]"
199,-61.8,14.23,12.01,832693.79,26971.08,859664.86,2.6815,859664.86,-0.00618,859726.8378795556,-859726.8378795556,"(807096.881, 1274499.417]"
200,182.08,-4.72,-19.23,-2453550.48,234162.65,-2219387.83,-6.9227,2219387.83,0.018208000000000002,-2219363.2352054366,2219363.2352054366,"(-2464720.868, -1997318.332]"
201,75.13,80.32,80.66,-1012427.5,39870.85,-972556.65,-3.0336,972556.65,0.007513,-972506.7049164969,972506.7049164969,"(-1062513.261, -595110.726]"
202,49.14,4.99,32.72,-662200.58,17057.16,-645143.42,-2.0123,645143.42,0.004914,-645104.1773285149,645104.1773285149,"(-1062513.261, -595110.726]"
203,1.4,66.12,-7.64,-18832.8,13.8,-18819.01,-0.0587,18819.01,0.00014,-18851.090112489943,18851.090112489943,"(-127708.19, 339694.345]"
204,-33.82,-99.35,11.81,455687.08,8077.2,463764.28,1.4466,463764.28,-0.003382,463801.34205999365,-463801.34205999365,"(339694.345, 807096.881]"
205,99.37,-8.06,6.94,-1339060.3,69747.38,-1269312.92,-3.9593,1269312.92,0.009937,-1269264.474345004,1269264.474345004,"(-1529915.797, -1062513.261]"
206,95.6,-59.75,18.75,-1288165.78,64546.27,-1223619.51,-3.8167,1223619.51,0.009559999999999999,-1223655.3711104551,1223655.3711104551,"(-1529915.797, -1062513.261]"
207,114.4,28.27,65.7,-1541515.38,92432.21,-1449083.17,-4.52,1449083.17,0.01144,-1449100.2803067216,1449100.2803067216,"(-1529915.797, -1062513.261]"
208,74.38,-45.99,5.1,-1002317.45,39078.53,-963238.92,-3.0045,963238.92,0.007437999999999999,-963192.4674699969,963192.4674699969,"(-1062513.261, -595110.726]"
209,-116.99,-46.19,15.21,1576482.38,96673.15,1673155.53,5.2189,1673155.53,-0.011699,1673101.7269758913,-1673101.7269758913,"(1274499.417, 1741901.952]"
210,-148.85,1.9,-2.89,2005778.69,156492.55,2162271.23,6.7446,2162271.23,-0.014884999999999999,2162233.801546163,-2162233.801546163,"(1741901.952, 2209304.488]"
211,-97.89,-1.4,44.3,1319113.99,67684.98,1386798.96,4.3257,1386798.96,-0.009789,1386742.66482684,-1386742.66482684,"(1274499.417, 1741901.952]"
212,-21.0,71.16,46.77,282909.97,3113.32,286023.3,0.8922,286023.3,-0.0021,286088.72391982423,-286088.72391982423,"(-127708.19, 339694.345]"
213,60.79,8.03,16.87,-819157.24,26101.3,-793055.93,-2.4737,793055.93,0.006079,-793042.069348245,793042.069348245,"(-1062513.261, -595110.726]"
214,102.07,-29.86,28.55,-1375340.4,73578.01,-1301762.39,-4.0605,1301762.39,0.010206999999999999,-1301805.4376279826,1301805.4376279826,"(-1529915.797, -1062513.261]"
215,133.08,42.02,-21.26,-1793307.29,125094.17,-1668213.12,-5.2035,1668213.12,0.013308,-1668161.280399682,1668161.280399682,"(-1997318.332, -1529915.797]"
216,31.77,-53.65,76.66,-428130.33,7129.84,-421000.49,-1.3132,421000.49,0.003177,-420970.4539061887,420970.4539061887,"(-595110.726, -127708.19]"
217,-269.28,0.67,-5.49,3628586.76,512156.46,4140743.21,12.9159,4140743.21,-0.026927999999999997,4140675.7372001507,-4140675.7372001507,"(4078914.63, 4546317.166]"
218,92.79,-97.71,27.55,-1250283.29,60805.73,-1189477.56,-3.7102,1189477.56,0.009279,-1189529.6660461067,1189529.6660461067,"(-1529915.797, -1062513.261]"
219,-15.6,93.74,32.42,210264.79,1719.73,211984.52,0.6612,211984.52,-0.00156,211928.07621105373,-211928.07621105373,"(-127708.19, 339694.345]"
220,-53.61,-27.61,7.07,722339.03,20295.97,742634.99,2.3164,742634.99,-0.005361,742691.1010257123,-742691.1010257123,"(339694.345, 807096.881]"
221,-9.58,-57.93,36.35,129105.23,648.36,129753.58,0.4047,129753.58,-0.000958,129738.24821562522,-129738.24821562522,"(-127708.19, 339694.345]"
222,-39.32,62.95,-19.89,529861.6,10920.75,540782.35,1.6868,540782.35,-0.003932,540754.7593049536,-540754.7593049536,"(339694.345, 807096.881]"
223,-60.17,11.91,17.97,810748.81,25568.21,836317.02,2.6087,836317.02,-0.006017,836358.4893157997,-836358.4893157997,"(807096.881, 1274499.417]"
224,21.38,-29.36,3.33,-288136.33,3229.41,-284906.91,-0.8887,284906.91,0.0021379999999999997,-284866.0146663521,284866.0146663521,"(-595110.726, -127708.19]"
225,-48.61,5.09,27.73,655000.59,16688.26,671688.85,2.0951,671688.85,-0.004861,671706.5082480158,-671706.5082480158,"(339694.345, 807096.881]"
226,-71.53,-139.89,32.31,963910.81,36141.1,1000051.9,3.1194,1000051.9,-0.0071530000000000005,1000000.7871245322,-1000000.7871245322,"(807096.881, 1274499.417]"
227,-102.65,-20.64,36.39,1383192.71,74420.57,1457613.29,4.5466,1457613.29,-0.010265,1457625.4411061164,-1457625.4411061164,"(1274499.417, 1741901.952]"
228,103.58,27.72,22.31,-1395797.47,75783.11,-1320014.36,-4.1174,1320014.36,0.010358,-1319959.3733028625,1319959.3733028625,"(-1529915.797, -1062513.261]"
229,23.43,39.16,25.41,-315777.19,3878.73,-311898.46,-0.9729,311898.46,0.002343,-311840.8686275107,311840.8686275107,"(-595110.726, -127708.19]"
230,-143.33,28.34,-34.67,1931427.29,145105.66,2076532.95,6.4772,2076532.95,-0.014333000000000002,2076460.83659231,-2076460.83659231,"(1741901.952, 2209304.488]"
231,-35.87,-29.53,2.73,483343.78,9087.41,492431.19,1.536,492431.19,-0.003587,492434.02727597294,-492434.02727597294,"(339694.345, 807096.881]"
232,-0.11,3.33,-18.83,1536.21,0.09,1536.3,0.0048,1536.3,-1.1e-05,1482.3302223329983,-1482.3302223329983,"(-127708.19, 339694.345]"
233,65.97,-18.02,-13.35,-888957.48,30738.99,-858218.49,-2.677,858218.49,0.0065969999999999996,-858204.7261057275,858204.7261057275,"(-1062513.261, -595110.726]"
234,0.53,-19.4,21.6,-7119.17,1.97,-7117.2,-0.0222,7117.2,5.3e-05,-7139.740801591419,7139.740801591419,"(-127708.19, 339694.345]"
235,50.66,-2.98,-48.37,-682629.26,18125.81,-664503.45,-2.0727,664503.45,0.005065999999999999,-664514.6964020353,664514.6964020353,"(-1062513.261, -595110.726]"
236,164.17,34.75,16.4,-2212162.03,190353.78,-2021808.25,-6.3065,2021808.25,0.016416999999999998,-2021826.05475797,2021826.05475797,"(-2464720.868, -1997318.332]"
237,109.23,10.02,-9.01,-1471850.84,84266.55,-1387584.29,-4.3282,1387584.29,0.010923,-1387600.6299723552,1387600.6299723552,"(-1529915.797, -1062513.261]"
238,-110.32,-27.41,-17.16,1486607.88,85964.77,1572572.65,4.9052,1572572.65,-0.011032,1572515.3757272868,-1572515.3757272868,"(1274499.417, 1741901.952]"
239,-48.84,-37.44,40.29,658184.13,16850.87,675035.0,2.1056,675035.0,-0.004884,674964.0508453471,-674964.0508453471,"(339694.345, 807096.881]"
240,37.96,-116.12,21.15,-511558.61,10179.31,-501379.3,-1.5639,501379.3,0.003796,-501331.87339961634,501331.87339961634,"(-595110.726, -127708.19]"
241,217.89,-0.12,4.6,-2936086.23,335324.47,-2600761.77,-8.1123,2600761.77,0.021789,-2600740.372926347,2600740.372926347,"(-2932123.404, -2464720.868]"
242,-50.35,58.73,-40.86,678408.21,17902.34,696310.55,2.1719,696310.55,-0.005035,696369.083132759,-696369.083132759,"(339694.345, 807096.881]"
243,-36.78,87.54,-1.47,495578.29,9553.27,505131.57,1.5756,505131.57,-0.0036780000000000003,505163.1706153999,-505163.1706153999,"(339694.345, 807096.881]"
244,-125.78,-17.64,-7.92,1694855.1,111735.91,1806591.01,5.6351,1806591.01,-0.012578,1806618.3495778951,-1806618.3495778951,"(1741901.952, 2209304.488]"
245,-2.4,37.03,3.96,32391.33,40.81,32432.15,0.1012,32432.15,-0.00023999999999999998,32380.567817755233,-32380.567817755233,"(-127708.19, 339694.345]"
246,-100.03,33.88,2.63,1347919.05,70673.28,1418592.34,4.4249,1418592.34,-0.010003,1418570.531395529,-1418570.531395529,"(1274499.417, 1741901.952]"
247,-77.57,32.71,-44.89,1045300.97,42502.1,1087803.07,3.3931,1087803.07,-0.007756999999999999,1087750.062474566,-1087750.062474566,"(807096.881, 1274499.417]"
248,-198.44,23.86,20.82,2673976.78,278126.84,2952103.62,9.2082,2952103.62,-0.019844,2952094.155359486,-2952094.155359486,"(2676707.023, 3144109.559]"
249,51.5,-77.42,57.21,-693923.29,18730.55,-675192.74,-2.1061,675192.74,0.00515,-675227.5607799861,675227.5607799861,"(-1062513.261, -595110.726]"
250,-102.2,-37.53,-17.13,1377177.45,73774.7,1450952.14,4.5258,1450952.14,-0.01022,1450910.6398777256,-1450910.6398777256,"(1274499.417, 1741901.952]"
251,78.78,27.17,10.09,-1061572.32,43835.58,-1017736.74,-3.1745,1017736.74,0.007878,-1017722.5641925804,1017722.5641925804,"(-1062513.261, -595110.726]"
252,103.25,-30.16,15.34,-1391257.95,75290.98,-1315966.97,-4.1048,1315966.97,0.010325,-1315994.7071771696,1315994.7071771696,"(-1529915.797, -1062513.261]"
253,-35.13,-12.82,-25.41,473331.59,8714.82,482046.41,1.5036,482046.41,-0.003513,482091.4795287439,-482091.4795287439,"(339694.345, 807096.881]"
254,44.83,27.48,39.0,-604025.77,14191.84,-589833.94,-1.8398,589833.94,0.004483,-589887.6689360427,589887.6689360427,"(-595110.726, -127708.19]"
255,100.12,33.09,44.43,-1349175.82,70805.13,-1278370.69,-3.9875,1278370.69,0.010012,-1278313.9602542287,1278313.9602542287,"(-1529915.797, -1062513.261]"
256,-25.11,-47.43,-37.96,338356.77,4453.25,342810.02,1.0693,342810.02,-0.0025109999999999998,342809.276790419,-342809.276790419,"(339694.345, 807096.881]"
257,110.98,-25.83,-7.56,-1495456.89,86991.22,-1408465.67,-4.3933,1408465.67,0.011098,-1408459.9975676255,1408459.9975676255,"(-1529915.797, -1062513.261]"
258,-33.45,-19.91,2.42,450726.43,7902.3,458628.73,1.4306,458628.73,-0.0033450000000000003,458639.8156479395,-458639.8156479395,"(339694.345, 807096.881]"
259,26.9,-40.07,45.33,-362464.71,5110.45,-357354.26,-1.1147,357354.26,0.0026899999999999997,-357365.45841807575,357365.45841807575,"(-595110.726, -127708.19]"
260,-15.06,-11.78,21.56,202982.64,1602.67,204585.32,0.6381,204585.32,-0.001506,204534.66628960884,-204534.66628960884,"(-127708.19, 339694.345]"
261,-116.52,28.44,-63.57,1570104.67,95892.54,1665997.21,5.1966,1665997.21,-0.011652,1665993.3519178643,-1665993.3519178643,"(1274499.417, 1741901.952]"
262,-70.32,-59.57,-3.02,947568.72,34926.02,982494.73,3.0646,982494.73,-0.007031999999999999,982483.8349963018,-982483.8349963018,"(807096.881, 1274499.417]"
263,-95.51,29.05,-10.19,1286946.33,64424.12,1351370.45,4.2152,1351370.45,-0.009551,1351421.2973840998,-1351421.2973840998,"(1274499.417, 1741901.952]"
264,-179.89,-40.83,31.39,2424046.83,228564.96,2652611.79,8.2741,2652611.79,-0.017988999999999998,2652566.4423099156,-2652566.4423099156,"(2209304.488, 2676707.023]"
265,2.12,-8.99,-1.99,-28529.02,31.66,-28497.36,-0.0889,28497.36,0.000212,-28535.155697179398,28535.155697179398,"(-127708.19, 339694.345]"
266,-111.29,21.68,-56.24,1499694.24,87484.9,1587179.13,4.9508,1587179.13,-0.011129,1587104.3252470149,-1587104.3252470149,"(1274499.417, 1741901.952]"
267,99.59,14.55,-7.36,-1341983.27,70052.21,-1271931.06,-3.9674,1271931.06,0.009959,-1271919.813741902,1271919.813741902,"(-1529915.797, -1062513.261]"
268,-83.27,-13.64,-49.82,1122032.68,48970.96,1171003.64,3.6526,1171003.64,-0.008327,1171032.4419561184,-1171032.4419561184,"(807096.881, 1274499.417]"
269,-172.72,28.09,-36.44,2327368.47,210696.79,2538065.26,7.9168,2538065.26,-0.017272,2538094.598817325,-2538094.598817325,"(2209304.488, 2676707.023]"
270,187.88,12.68,-19.21,-2531628.55,249303.06,-2282325.5,-7.1191,2282325.5,0.018788,-2282362.686849175,2282362.686849175,"(-2464720.868, -1997318.332]"
271,250.23,66.97,-2.63,-3371831.55,442241.38,-2929590.18,-9.138,2929590.18,0.025023,-2929595.596701438,2929595.596701438,"(-2932123.404, -2464720.868]"
272,149.35,-8.7,2.3,-2012434.81,157532.9,-1854901.91,-5.7858,1854901.91,0.014934999999999999,-1854943.9244289729,1854943.9244289729,"(-1997318.332, -1529915.797]"
273,-12.93,5.02,-18.59,174208.07,1180.5,175388.57,0.5471,175388.57,-0.0012929999999999999,175411.9388254925,-175411.9388254925,"(-127708.19, 339694.345]"
274,-92.15,-60.58,24.67,1241738.27,59977.42,1301715.68,4.0603,1301715.68,-0.009215000000000001,1301692.0547264686,-1301692.0547264686,"(1274499.417, 1741901.952]"
275,-5.81,-80.39,-17.9,78352.56,238.8,78591.36,0.2451,78591.36,-0.0005809999999999999,78527.88813574398,-78527.88813574398,"(-127708.19, 339694.345]"
276,173.17,-56.9,-30.77,-2333481.15,211805.01,-2121676.14,-6.618,2121676.14,0.017317,-2121657.340791496,2121657.340791496,"(-2464720.868, -1997318.332]"
277,145.95,-17.21,4.33,-1966623.08,150442.28,-1816180.81,-5.6651,1816180.81,0.014594999999999999,-1816220.3452038765,1816220.3452038765,"(-1997318.332, -1529915.797]"
278,-40.33,21.5,14.65,543437.65,11487.54,554925.19,1.7309,554925.19,-0.004033,554932.6440683701,-554932.6440683701,"(339694.345, 807096.881]"
279,62.15,-70.63,2.65,-837481.85,27282.14,-810199.71,-2.5272,810199.71,0.006215,-810187.1046651237,810187.1046651237,"(-1062513.261, -595110.726]"
280,21.58,-27.81,1.99,-290806.12,3289.54,-287516.58,-0.8968,287516.58,0.0021579999999999998,-287500.3209962054,287500.3209962054,"(-595110.726, -127708.19]"
281,9.92,95.94,23.46,-133651.41,694.82,-132956.59,-0.4147,132956.59,0.000992,-132976.496365751,132976.496365751,"(-595110.726, -127708.19]"
282,-96.73,73.45,26.47,1303405.98,66082.59,1369488.57,4.2717,1369488.57,-0.009673000000000001,1369517.2130580146,-1369517.2130580146,"(1274499.417, 1741901.952]"
283,62.51,41.99,48.15,-842262.51,27594.5,-814668.01,-2.5411,814668.01,0.006251,-814721.1230399363,814721.1230399363,"(-1062513.261, -595110.726]"
284,144.14,-3.82,-32.49,-1942335.19,146749.28,-1795585.91,-5.6008,1795585.91,0.014413999999999998,-1795539.130376525,1795539.130376525,"(-1997318.332, -1529915.797]"
285,-19.82,0.93,-21.25,267120.48,2775.5,269895.99,0.8419,269895.99,-0.001982,269848.0788018969,-269848.0788018969,"(-127708.19, 339694.345]"
286,23.25,-26.14,54.2,-313337.95,3819.03,-309518.92,-0.9655,309518.92,0.002325,-309474.72222581034,309474.72222581034,"(-595110.726, -127708.19]"
287,-70.07,28.35,46.5,944243.8,34681.34,978925.14,3.0535,978925.14,-0.007006999999999999,978867.2079572717,-978867.2079572717,"(807096.881, 1274499.417]"
288,116.63,-47.14,12.92,-1571580.99,96072.96,-1475508.03,-4.6024,1475508.03,0.011663,-1475510.6573704523,1475510.6573704523,"(-1529915.797, -1062513.261]"
289,-131.43,1.77,-13.25,1771010.32,122002.8,1893013.12,5.9047,1893013.12,-0.013143,1893015.845387268,-1893015.845387268,"(1741901.952, 2209304.488]"
290,-369.78,49.15,6.99,4982794.41,965769.69,5948564.1,18.5549,5948564.1,-0.036978,5948524.7724460345,-5948524.7724460345,"(5481122.237, 5948524.772]"
291,-160.03,-6.73,59.79,2156433.8,180883.89,2337317.69,7.2906,2337317.69,-0.016003,2337273.8122245534,-2337273.8122245534,"(2209304.488, 2676707.023]"
292,-85.83,24.47,-16.11,1156596.67,52034.51,1208631.18,3.77,1208631.18,-0.008583,1208585.8065462334,-1208585.8065462334,"(807096.881, 1274499.417]"
293,18.19,3.65,-33.78,-245096.89,2336.7,-242760.19,-0.7572,242760.19,0.001819,-242772.4501644624,242772.4501644624,"(-595110.726, -127708.19]"
294,-58.63,-8.09,43.1,790003.84,24276.5,814280.34,2.5399,814280.34,-0.005863,814314.8971665315,-814314.8971665315,"(807096.881, 1274499.417]"
295,38.26,-16.0,-31.02,-515486.71,10336.24,-505150.47,-1.5757,505150.47,0.003826,-505212.8596160468,505212.8596160468,"(-595110.726, -127708.19]"
296,-100.44,-50.73,10.25,1353478.33,71257.44,1424735.77,4.4441,1424735.77,-0.010043999999999999,1424675.7779086032,-1424675.7779086032,"(1274499.417, 1741901.952]"
297,85.1,68.31,-31.61,-1146780.43,51155.01,-1095625.42,-3.4175,1095625.42,0.00851,-1095569.1002061286,1095569.1002061286,"(-1529915.797, -1062513.261]"
298,20.62,-66.48,-1.92,-277892.3,3003.87,-274888.44,-0.8574,274888.44,0.002062,-274850.4975457735,274850.4975457735,"(-595110.726, -127708.19]"
299,-89.68,-103.57,28.78,1208451.26,56804.91,1265256.18,3.9466,1265256.18,-0.008968,1265236.8472038836,-1265236.8472038836,"(807096.881, 1274499.417]"
300,-126.17,-101.58,12.24,1700136.35,112433.35,1812569.7,5.6538,1812569.7,-0.012617,1812567.581763968,-1812567.581763968,"(1741901.952, 2209304.488]"
301,-16.8,-49.03,-61.89,226381.84,1993.48,228375.32,0.7124,228375.32,-0.00168,228372.62330098814,-228372.62330098814,"(-127708.19, 339694.345]"
302,118.78,-27.17,-23.2,-1600511.46,99642.64,-1500868.82,-4.6815,1500868.82,0.011878,-1500907.0659506004,1500907.0659506004,"(-1529915.797, -1062513.261]"
303,-262.01,23.01,10.73,3530610.22,484872.08,4015482.31,12.5252,4015482.31,-0.026201,4015432.6662039324,-4015432.6662039324,"(3611512.095, 4078914.63]"
304,58.0,-7.73,-11.86,-781518.42,23757.79,-757760.63,-2.3636,757760.63,0.0058,-757787.7562658055,757787.7562658055,"(-1062513.261, -595110.726]"
305,-61.34,3.31,19.39,826514.35,26572.26,853086.6,2.661,853086.6,-0.0061340000000000006,853128.2879705648,-853128.2879705648,"(807096.881, 1274499.417]"
306,96.82,32.3,-69.16,-1304683.33,66212.18,-1238471.16,-3.8631,1238471.16,0.009682,-1238436.7882350683,1238436.7882350683,"(-1529915.797, -1062513.261]"
307,-73.09,1.44,-106.74,984864.8,37729.48,1022594.29,3.1897,1022594.29,-0.007309,1022615.1462891684,-1022615.1462891684,"(807096.881, 1274499.417]"
308,-132.74,-24.55,18.08,1788621.87,124441.35,1913063.22,5.9673,1913063.22,-0.013274000000000001,1913112.2275296224,-1913112.2275296224,"(1741901.952, 2209304.488]"
309,-27.46,-27.78,22.54,370073.45,5327.26,375400.71,1.171,375400.71,-0.002746,375347.9578318323,-375347.9578318323,"(339694.345, 807096.881]"
310,-91.43,15.86,-25.52,1232034.44,59043.67,1291078.11,4.0272,1291078.11,-0.009143,1291056.5363182647,-1291056.5363182647,"(1274499.417, 1741901.952]"
311,54.09,23.53,-32.04,-728890.07,20665.78,-708224.3,-2.2091,708224.3,0.005409000000000001,-708196.148228069,708196.148228069,"(-1062513.261, -595110.726]"
312,-43.83,87.58,-2.09,590563.5,13566.28,604129.79,1.8844,604129.79,-0.004383,604175.4152440188,-604175.4152440188,"(339694.345, 807096.881]"
313,20.82,-85.1,-59.82,-280568.02,3061.99,-277506.03,-0.8656,277506.03,0.002082,-277486.9509869335,277486.9509869335,"(-595110.726, -127708.19]"
314,-74.66,61.53,-48.59,1006019.92,39367.77,1045387.69,3.2608,1045387.69,-0.0074659999999999995,1045409.1769251041,-1045409.1769251041,"(807096.881, 1274499.417]"
315,-37.19,-14.29,68.93,501066.82,9766.05,510832.87,1.5934,510832.87,-0.0037189999999999996,510902.1015760989,-510902.1015760989,"(339694.345, 807096.881]"
316,75.33,38.84,-73.31,-1015132.92,40084.22,-975048.7,-3.0414,975048.7,0.007533,-974989.1596243302,974989.1596243302,"(-1062513.261, -595110.726]"
317,9.82,-135.47,8.13,-132289.94,680.74,-131609.2,-0.4105,131609.2,0.000982,-131642.94322564616,131642.94322564616,"(-595110.726, -127708.19]"
318,-134.46,14.59,-10.8,1811875.39,127698.06,1939573.45,6.0499,1939573.45,-0.013446000000000001,1939535.125893219,-1939535.125893219,"(1741901.952, 2209304.488]"
319,-109.94,-22.76,7.49,1481372.32,85360.33,1566732.65,4.887,1566732.65,-0.010994,1566803.7404028783,-1566803.7404028783,"(1274499.417, 1741901.952]"
320,43.47,13.11,27.31,-585756.62,13346.34,-572410.29,-1.7855,572410.29,0.004347,-572409.8991701402,572409.8991701402,"(-595110.726, -127708.19]"
321,-21.28,-77.75,2.65,286802.2,3199.58,290001.78,0.9046,290001.78,-0.002128,289945.3236203666,-289945.3236203666,"(-127708.19, 339694.345]"
322,-117.14,19.88,-12.62,1578403.66,96908.93,1675312.59,5.2257,1675312.59,-0.011714,1675371.0141601108,-1675371.0141601108,"(1274499.417, 1741901.952]"
323,-121.2,69.85,14.43,1633144.64,103747.33,1736891.97,5.4177,1736891.97,-0.01212,1736913.7766921036,-1736913.7766921036,"(1274499.417, 1741901.952]"
324,46.88,84.07,-9.74,-631737.74,15523.92,-616213.82,-1.9221,616213.82,0.004688,-616183.4636321263,616183.4636321263,"(-1062513.261, -595110.726]"
325,189.61,3.93,-24.33,-2554986.59,253924.66,-2301061.93,-7.1775,2301061.93,0.018961000000000002,-2301061.8953471584,2301061.8953471584,"(-2464720.868, -1997318.332]"
326,13.54,18.67,20.77,-182480.27,1295.27,-181185.01,-0.5652,181185.01,0.001354,-181156.00865695116,181156.00865695116,"(-595110.726, -127708.19]"
327,-22.46,-50.54,-15.47,302680.98,3563.67,306244.65,0.9552,306244.65,-0.002246,306210.3045498676,-306210.3045498676,"(-127708.19, 339694.345]"
328,-54.53,1.24,-36.84,734777.8,21000.99,755778.78,2.3574,755778.78,-0.005453,755790.733290956,-755790.733290956,"(339694.345, 807096.881]"
329,12.63,-26.51,-60.5,-170152.27,1126.17,-169026.11,-0.5272,169026.11,0.001263,-169062.0020306451,169062.0020306451,"(-595110.726, -127708.19]"
330,96.73,98.74,-44.16,-1303375.76,66079.52,-1237296.23,-3.8594,1237296.23,0.009673000000000001,-1237347.074117723,1237347.074117723,"(-1529915.797, -1062513.261]"
331,-150.64,-7.67,30.43,2029812.37,160265.27,2190077.65,6.8313,2190077.65,-0.015064,2190140.2777308966,-2190140.2777308966,"(1741901.952, 2209304.488]"
332,-37.43,10.04,-47.33,504319.01,9893.23,514212.24,1.6039,514212.24,-0.003743,514262.57760411396,-514262.57760411396,"(339694.345, 807096.881]"
333,-37.75,-2.07,-16.02,508729.02,10067.01,518796.03,1.6182,518796.03,-0.003775,518744.4779737464,-518744.4779737464,"(339694.345, 807096.881]"
334,86.15,7.48,-31.7,-1160810.47,52414.36,-1108396.12,-3.4573,1108396.12,0.008615000000000001,-1108447.8085858398,1108447.8085858398,"(-1529915.797, -1062513.261]"
335,-21.54,8.54,15.17,290258.54,3277.16,293535.7,0.9156,293535.7,-0.002154,293527.4435401335,-293527.4435401335,"(-127708.19, 339694.345]"
336,-26.76,-123.07,-37.36,360637.06,5059.04,365696.11,1.1407,365696.11,-0.002676,365647.4271452744,-365647.4271452744,"(339694.345, 807096.881]"
337,177.75,-11.2,57.21,-2395143.0,223146.73,-2171996.27,-6.7749,2171996.27,0.017775,-2172021.088169827,2172021.088169827,"(-2464720.868, -1997318.332]"
338,-188.75,-91.05,30.34,2543399.93,251626.83,2795026.76,8.7183,2795026.76,-0.018875,2795022.9034546795,-2795022.9034546795,"(2676707.023, 3144109.559]"
339,-61.88,-96.86,-4.63,833859.65,27046.65,860906.3,2.6854,860906.3,-0.006188,860874.7168925888,-860874.7168925888,"(807096.881, 1274499.417]"
340,-85.39,-52.23,46.65,1150565.16,51493.22,1202058.39,3.7495,1202058.39,-0.008539,1202124.7337657716,-1202124.7337657716,"(807096.881, 1274499.417]"
341,111.19,-40.28,18.42,-1498253.78,87316.92,-1410936.86,-4.401,1410936.86,0.011119,-1410960.2146033547,1410960.2146033547,"(-1529915.797, -1062513.261]"
342,81.1,-64.65,-49.29,-1092863.79,46457.91,-1046405.88,-3.264,1046405.88,0.00811,-1046364.6841016664,1046364.6841016664,"(-1062513.261, -595110.726]"
343,-98.52,-48.86,-25.81,1327521.68,68550.54,1396072.22,4.3546,1396072.22,-0.009852,1396105.8318747452,-1396105.8318747452,"(1274499.417, 1741901.952]"
344,32.72,27.4,-40.16,-440953.36,7563.33,-433390.03,-1.3518,433390.03,0.0032719999999999997,-433338.9486403878,433338.9486403878,"(-595110.726, -127708.19]"
345,32.79,-101.85,32.15,-441819.87,7593.08,-434226.79,-1.3544,434226.79,0.003279,-434249.8071216338,434249.8071216338,"(-595110.726, -127708.19]"
346,62.73,-61.37,30.47,-845235.88,27789.68,-817446.21,-2.5498,817446.21,0.006273,-817491.0108250468,817491.0108250468,"(-1062513.261, -595110.726]"
347,88.31,-41.53,-20.13,-1190037.87,55087.01,-1134950.86,-3.5402,1134950.86,0.008831,-1134892.1804497177,1134892.1804497177,"(-1529915.797, -1062513.261]"
348,-17.58,-43.15,-1.9,236883.98,2182.72,239066.71,0.7457,239066.71,-0.0017579999999999998,239072.4867999128,-239072.4867999128,"(-127708.19, 339694.345]"
349,-76.68,59.82,62.39,1033247.63,41527.56,1074775.19,3.3525,1074775.19,-0.007668,1074787.7469366295,-1074787.7469366295,"(807096.881, 1274499.417]"
350,30.83,-37.48,-5.76,-415419.56,6712.77,-408706.8,-1.2748,408706.8,0.003083,-408719.605965417,408719.605965417,"(-595110.726, -127708.19]"
351,42.05,-37.01,-31.48,-566628.6,12488.91,-554139.69,-1.7285,554139.69,0.0042049999999999995,-554133.1699559538,554133.1699559538,"(-595110.726, -127708.19]"
352,55.35,-10.84,-57.22,-745870.85,21639.88,-724230.96,-2.259,724230.96,0.005535,-724200.6585364618,724200.6585364618,"(-1062513.261, -595110.726]"
353,-7.29,59.4,35.92,98251.41,375.5,98626.91,0.3076,98626.91,-0.000729,98607.75250489346,-98607.75250489346,"(-127708.19, 339694.345]"
354,117.98,50.9,-11.8,-1589709.03,98302.13,-1491406.9,-4.652,1491406.9,0.011798000000000001,-1491464.8673976052,1491464.8673976052,"(-1529915.797, -1062513.261]"
355,-9.18,-2.25,-11.68,123750.35,595.69,124346.04,0.3879,124346.04,-0.000918,124295.26751664282,-124295.26751664282,"(-127708.19, 339694.345]"
356,62.22,-1.76,-39.59,-838372.97,27340.23,-811032.74,-2.5298,811032.74,0.006222,-811068.8627252978,811068.8627252978,"(-1062513.261, -595110.726]"
357,-51.88,-114.86,-29.3,699136.59,19013.05,718149.63,2.2401,718149.63,-0.005188,718090.4765845862,-718090.4765845862,"(339694.345, 807096.881]"
358,-166.38,4.27,25.17,2241998.29,195523.15,2437521.43,7.6032,2437521.43,-0.016638,2437478.9871984245,-2437478.9871984245,"(2209304.488, 2676707.023]"
359,-91.61,-79.63,-14.78,1234428.18,59273.32,1293701.51,4.0353,1293701.51,-0.009161,1293714.7294097268,-1293714.7294097268,"(1274499.417, 1741901.952]"
360,-24.24,-58.79,34.11,326661.64,4150.72,330812.36,1.0319,330812.36,-0.002424,330782.8275946763,-330782.8275946763,"(-127708.19, 339694.345]"
361,95.15,37.01,18.4,-1282102.75,63940.1,-1218162.65,-3.7997,1218162.65,0.009515000000000001,-1218197.90131239,1218197.90131239,"(-1529915.797, -1062513.261]"
362,162.45,-27.0,4.78,-2189041.92,186395.66,-2002646.27,-6.2467,2002646.27,0.016245,-2002616.9588094077,2002616.9588094077,"(-2464720.868, -1997318.332]"
363,-92.03,23.2,26.4,1240155.85,59824.65,1299980.5,4.0549,1299980.5,-0.009203,1299918.959798739,-1299918.959798739,"(1274499.417, 1741901.952]"
364,57.61,23.79,15.21,-776288.83,23440.9,-752847.92,-2.3483,752847.92,0.005761,-752850.9746403825,752850.9746403825,"(-1062513.261, -595110.726]"
365,132.58,35.4,-31.44,-1786495.88,124145.7,-1662350.18,-5.1852,1662350.18,0.013258,-1662361.9647197898,1662361.9647197898,"(-1997318.332, -1529915.797]"
366,73.41,18.26,-59.84,-989176.58,38060.57,-951116.01,-2.9667,951116.01,0.0073409999999999994,-951134.2700199882,951134.2700199882,"(-1062513.261, -595110.726]"
367,-122.76,-35.94,45.84,1654229.21,106443.47,1760672.68,5.4919,1760672.68,-0.012276,1760622.6710476743,-1760622.6710476743,"(1741901.952, 2209304.488]"
368,-3.35,76.79,-15.67,45135.39,79.24,45214.63,0.141,45214.63,-0.000335,45220.35348377539,-45220.35348377539,"(-127708.19, 339694.345]"
369,-51.68,14.86,-34.53,696421.2,18865.64,715286.84,2.2311,715286.84,-0.005168,715249.2000253525,-715249.2000253525,"(339694.345, 807096.881]"
370,-4.19,-126.6,20.67,56402.28,123.74,56526.02,0.1763,56526.02,-0.00041900000000000005,56584.0468508378,-56584.0468508378,"(-127708.19, 339694.345]"
371,-122.31,-5.08,-11.31,1648180.14,105666.42,1753846.56,5.4706,1753846.56,-0.012231,1753780.039005007,-1753780.039005007,"(1741901.952, 2209304.488]"
372,-103.61,28.6,3.57,1396116.41,75817.75,1471934.16,4.5913,1471934.16,-0.010361,1471959.910688958,-1471959.910688958,"(1274499.417, 1741901.952]"
373,-210.36,-40.9,43.08,2834605.26,312545.18,3147150.45,9.8166,3147150.45,-0.021036000000000003,3147132.1998775345,-3147132.1998775345,"(3144109.559, 3611512.095]"
374,132.78,36.94,18.42,-1789183.39,124519.49,-1664663.9,-5.1924,1664663.9,0.013278,-1664682.114763715,1664682.114763715,"(-1997318.332, -1529915.797]"
375,-29.95,58.95,18.9,403529.31,6334.0,409863.3,1.2785,409863.3,-0.002995,409910.2323260569,-409910.2323260569,"(339694.345, 807096.881]"
376,57.5,-29.4,17.76,-774789.03,23350.41,-751438.62,-2.3439,751438.62,0.00575,-751458.160596087,751458.160596087,"(-1062513.261, -595110.726]"
377,54.67,4.86,6.62,-736699.34,21110.97,-715588.37,-2.2321,715588.37,0.0054670000000000005,-715566.0893612589,715566.0893612589,"(-1062513.261, -595110.726]"
378,-102.32,39.35,-9.9,1378714.38,73939.45,1452653.83,4.5311,1452653.83,-0.010232,1452700.9738491308,-1452700.9738491308,"(1274499.417, 1741901.952]"
379,-13.28,31.1,-0.13,178949.89,1245.63,180195.52,0.5621,180195.52,-0.001328,180192.96336056342,-180192.96336056342,"(-127708.19, 339694.345]"
380,-6.45,-17.87,-3.3,86892.76,293.69,87186.45,0.272,87186.45,-0.0006450000000000001,87207.27573097152,-87207.27573097152,"(-127708.19, 339694.345]"
381,110.07,15.87,-12.06,-1483244.3,85576.2,-1397668.1,-4.3596,1397668.1,0.011007,-1397618.5252729626,1397618.5252729626,"(-1529915.797, -1062513.261]"
382,102.11,-25.51,24.87,-1375940.11,73642.19,-1302297.92,-4.0621,1302297.92,0.010211,-1302286.7518827869,1302286.7518827869,"(-1529915.797, -1062513.261]"
383,95.87,-81.68,11.0,-1291781.06,64909.08,-1226871.98,-3.8269,1226871.98,0.009587,-1226928.4799681166,1226928.4799681166,"(-1529915.797, -1062513.261]"
384,40.46,-55.41,-38.42,-545221.11,11563.06,-533658.04,-1.6646,533658.04,0.004046,-533634.5794394303,533634.5794394303,"(-595110.726, -127708.19]"
385,-28.23,-24.65,-1.8,380391.64,5628.46,386020.1,1.2041,386020.1,-0.002823,386026.5360452303,-386026.5360452303,"(339694.345, 807096.881]"
386,-42.84,-49.49,-29.61,577257.14,12961.83,590218.96,1.841,590218.96,-0.0042840000000000005,590229.1951668344,-590229.1951668344,"(339694.345, 807096.881]"
387,-163.03,69.86,-4.87,2196889.52,187734.49,2384624.01,7.4382,2384624.01,-0.016303,2384543.857966553,-2384543.857966553,"(2209304.488, 2676707.023]"
388,25.96,-25.93,-28.49,-349845.05,4760.79,-345084.26,-1.0764,345084.26,0.0025960000000000002,-345049.9457000685,345049.9457000685,"(-595110.726, -127708.19]"
389,-7.37,21.21,3.4,99303.88,383.58,99687.46,0.3109,99687.46,-0.000737,99694.03202459589,-99694.03202459589,"(-127708.19, 339694.345]"
390,19.34,-58.78,-37.61,-260547.13,2640.59,-257906.54,-0.8045,257906.54,0.001934,-257963.815628733,257963.815628733,"(-595110.726, -127708.19]"
391,-52.02,67.11,-7.83,700989.44,19113.96,720103.39,2.2462,720103.39,-0.005202,720079.7063684779,-720079.7063684779,"(339694.345, 807096.881]"
392,-33.16,60.01,-10.42,446816.25,7765.79,454582.04,1.4179,454582.04,-0.0033159999999999995,454595.64677917905,-454595.64677917905,"(339694.345, 807096.881]"
393,12.01,-125.42,-49.53,-161854.46,1019.01,-160835.46,-0.5017,160835.46,0.001201,-160815.42954933,160815.42954933,"(-595110.726, -127708.19]"
394,-22.71,-9.7,-0.1,305972.26,3641.6,309613.85,0.9658,309613.85,-0.002271,309658.80006042396,-309658.80006042396,"(-127708.19, 339694.345]"
395,-67.15,-51.65,23.39,904898.42,31851.31,936749.73,2.9219,936749.73,-0.0067150000000000005,936690.3808555414,-936690.3808555414,"(807096.881, 1274499.417]"
396,-18.78,25.79,54.28,253068.55,2491.17,255559.72,0.7971,255559.72,-0.0018780000000000001,255550.59662974672,-255550.59662974672,"(-127708.19, 339694.345]"
397,69.78,-55.81,31.93,-940254.09,34388.89,-905865.21,-2.8256,905865.21,0.006978,-905891.3273290807,905891.3273290807,"(-1062513.261, -595110.726]"
398,62.63,-28.55,36.15,-843942.93,27704.72,-816238.21,-2.546,816238.21,0.006263,-816232.0556771175,816232.0556771175,"(-1062513.261, -595110.726]"
399,-232.72,6.24,-10.14,3135947.65,382529.77,3518477.42,10.9749,3518477.42,-0.023272,3518405.848416405,-3518405.848416405,"(3144109.559, 3611512.095]"
400,53.29,60.56,5.53,-718013.39,20053.62,-697959.77,-2.1771,697959.77,0.0053289999999999995,-698022.9147780706,698022.9147780706,"(-1062513.261, -595110.726]"
401,-32.22,14.75,37.18,434210.1,7333.77,441543.87,1.3773,441543.87,-0.003222,441495.12756626995,-441495.12756626995,"(339694.345, 807096.881]"
402,-15.82,-7.0,18.59,213237.63,1768.7,215006.33,0.6707,215006.33,-0.001582,214941.38709026854,-214941.38709026854,"(-127708.19, 339694.345]"
403,6.64,-28.75,43.18,-89503.6,311.61,-89191.99,-0.2782,89191.99,0.000664,-89162.28485132167,89162.28485132167,"(-127708.19, 339694.345]"
404,-44.61,118.79,27.66,601074.64,14053.5,615128.14,1.9187,615128.14,-0.004461,615173.0972069153,-615173.0972069153,"(339694.345, 807096.881]"
405,65.99,71.82,-4.07,-889218.4,30757.04,-858461.36,-2.6777,858461.36,0.006599,-858455.5848369829,858455.5848369829,"(-1062513.261, -595110.726]"
406,43.54,66.12,49.49,-586691.36,13388.97,-573302.39,-1.7883,573302.39,0.004354,-573310.1280378447,573310.1280378447,"(-595110.726, -127708.19]"
407,-11.88,119.02,7.9,160034.61,996.22,161030.83,0.5023,161030.83,-0.001188,161079.24763350643,-161079.24763350643,"(-127708.19, 339694.345]"
408,-19.27,4.39,40.36,259643.67,2622.3,262265.98,0.8181,262265.98,-0.001927,262285.0069030464,-262285.0069030464,"(-127708.19, 339694.345]"
409,10.11,59.39,-73.25,-136180.38,721.37,-135459.01,-0.4225,135459.01,0.001011,-135509.8581680258,135509.8581680258,"(-595110.726, -127708.19]"
410,-6.78,-5.29,26.07,91418.73,325.09,91743.82,0.2862,91743.82,-0.000678,91684.84578321227,-91684.84578321227,"(-127708.19, 339694.345]"
411,-34.77,-6.03,41.81,468467.91,8536.65,477004.56,1.4879,477004.56,-0.0034770000000000005,477062.76670886733,-477062.76670886733,"(339694.345, 807096.881]"
412,25.59,8.31,-3.0,-344877.83,4626.56,-340251.27,-1.0613,340251.27,0.002559,-340198.9268972941,340198.9268972941,"(-595110.726, -127708.19]"
413,-125.24,-22.14,40.9,1687668.33,110790.32,1798458.66,5.6098,1798458.66,-0.012523999999999999,1798384.4981377851,-1798384.4981377851,"(1741901.952, 2209304.488]"
414,101.03,-15.02,-12.66,-1361431.3,72097.32,-1289333.98,-4.0217,1289333.98,0.010103000000000001,-1289283.3339918293,1289283.3339918293,"(-1529915.797, -1062513.261]"
415,-98.84,-22.59,20.1,1331864.98,68999.83,1400864.81,4.3696,1400864.81,-0.009884,1400863.8733595908,-1400863.8733595908,"(1274499.417, 1741901.952]"
416,-96.91,5.68,-16.27,1305821.16,66327.71,1372148.87,4.28,1372148.87,-0.009691,1372188.8820980727,-1372188.8820980727,"(1274499.417, 1741901.952]"
417,-58.74,-7.63,2.25,791506.62,24368.95,815875.56,2.5449,815875.56,-0.005874,815888.3284740639,-815888.3284740639,"(807096.881, 1274499.417]"
418,246.84,61.77,-9.18,-3326204.85,430353.77,-2895851.07,-9.0328,2895851.07,0.024684,-2895816.912915353,2895816.912915353,"(-2932123.404, -2464720.868]"
419,176.74,23.75,40.53,-2381598.83,220630.14,-2160968.69,-6.7405,2160968.69,0.017674000000000002,-2160940.1388396947,2160940.1388396947,"(-2464720.868, -1997318.332]"
420,-33.68,-17.31,-14.89,453896.34,8013.85,461910.19,1.4408,461910.19,-0.003368,461848.10464195366,-461848.10464195366,"(339694.345, 807096.881]"
421,209.82,41.67,-3.33,-2827381.94,310954.32,-2516427.62,-7.8493,2516427.62,0.020982,-2516375.8351394483,2516375.8351394483,"(-2932123.404, -2464720.868]"
422,75.2,-80.7,-102.9,-1013258.88,39936.36,-973322.52,-3.036,973322.52,0.007520000000000001,-973375.6283363205,973375.6283363205,"(-1062513.261, -595110.726]"
423,37.95,-28.91,13.15,-511413.27,10173.53,-501239.74,-1.5635,501239.74,0.003795,-501202.4852975171,501202.4852975171,"(-595110.726, -127708.19]"
424,-68.44,32.65,31.48,922221.52,33082.49,955304.0,2.9798,955304.0,-0.006843999999999999,955308.4431097955,-955308.4431097955,"(807096.881, 1274499.417]"
425,39.24,9.22,-18.0,-528749.27,10874.95,-517874.33,-1.6154,517874.33,0.003924,-517881.88826376613,517881.88826376613,"(-595110.726, -127708.19]"
426,-178.6,-28.64,-108.82,2406681.97,225302.0,2631983.96,8.2097,2631983.96,-0.01786,2631917.516462766,-2631917.516462766,"(2209304.488, 2676707.023]"
427,49.65,-23.82,-53.97,-669089.26,17413.89,-651675.37,-2.0327,651675.37,0.004965,-651620.5553631635,651620.5553631635,"(-1062513.261, -595110.726]"
428,-5.45,89.91,-48.21,73443.4,209.81,73653.21,0.2297,73653.21,-0.000545,73648.27524523909,-73648.27524523909,"(-127708.19, 339694.345]"
429,-184.33,-104.77,-6.28,2483885.86,239988.76,2723874.62,8.4964,2723874.62,-0.018433,2723816.8516203915,-2723816.8516203915,"(2676707.023, 3144109.559]"
430,-77.06,-23.07,-22.52,1038366.85,41940.08,1080306.93,3.3697,1080306.93,-0.007706,1080320.849955886,-1080320.849955886,"(807096.881, 1274499.417]"
431,61.9,122.52,-31.45,-834033.2,27057.91,-806975.29,-2.5171,806975.29,0.00619,-807037.4037066399,807037.4037066399,"(-1062513.261, -595110.726]"
432,195.15,75.41,50.5,-2629603.22,268972.62,-2360630.6,-7.3633,2360630.6,0.019515,-2360658.1351207606,2360658.1351207606,"(-2464720.868, -1997318.332]"
433,-7.18,-2.92,18.49,96758.58,364.17,97122.75,0.3029,97122.75,-0.000718,97114.26577920499,-97114.26577920499,"(-127708.19, 339694.345]"
434,3.71,-72.52,-15.91,-50040.67,97.4,-49943.26,-0.1558,49943.26,0.000371,-49894.85932898795,49894.85932898795,"(-127708.19, 339694.345]"
435,-99.65,3.46,53.58,1342762.23,70133.56,1412895.79,4.4071,1412895.79,-0.009965,1412914.1305094853,-1412914.1305094853,"(1274499.417, 1741901.952]"
436,99.86,-36.15,-30.36,-1345665.28,70437.14,-1275228.14,-3.9777,1275228.14,0.009986,-1275177.7049481769,1275177.7049481769,"(-1529915.797, -1062513.261]"
437,143.67,-57.5,-14.49,-1935883.78,145776.06,-1790107.73,-5.5837,1790107.73,0.014367,-1790161.3016053815,1790161.3016053815,"(-1997318.332, -1529915.797]"
438,17.33,47.84,-5.1,-233557.51,2121.85,-231435.66,-0.7219,231435.66,0.0017329999999999997,-231399.74190338003,231399.74190338003,"(-595110.726, -127708.19]"
439,-79.52,-29.39,29.13,1071583.89,44666.3,1116250.19,3.4818,1116250.19,-0.007951999999999999,1116189.755614866,-1116189.755614866,"(807096.881, 1274499.417]"
440,-154.86,25.68,-1.57,2086714.86,169376.77,2256091.64,7.0372,2256091.64,-0.015486000000000002,2256110.094425795,-2256110.094425795,"(2209304.488, 2676707.023]"
441,-44.97,23.8,49.38,605998.11,14284.67,620282.78,1.9348,620282.78,-0.004497,620251.849020824,-620251.849020824,"(339694.345, 807096.881]"
442,9.69,3.99,-45.26,-130631.9,663.78,-129968.11,-0.4054,129968.11,0.0009689999999999999,-129909.1129638123,129909.1129638123,"(-595110.726, -127708.19]"
443,-16.53,-31.54,17.0,222796.79,1930.84,224727.62,0.701,224727.62,-0.0016530000000000002,224670.82672006506,-224670.82672006506,"(-127708.19, 339694.345]"
444,-128.13,12.69,-19.8,1726538.72,115952.54,1842491.27,5.7471,1842491.27,-0.012813,1842498.8186708034,-1842498.8186708034,"(1741901.952, 2209304.488]"
445,259.51,-16.29,34.03,-3496840.25,475640.93,-3021199.32,-9.4238,3021199.32,0.025951,-3021233.0631892383,3021233.0631892383,"(-3408873.99, -2932123.404]"
446,26.7,-19.43,-39.25,-359797.73,5035.52,-354762.21,-1.1066,354762.21,0.00267,-354746.1818673694,354746.1818673694,"(-595110.726, -127708.19]"
447,287.87,6.46,-9.38,-3879027.35,585292.98,-3293734.37,-10.2739,3293734.37,0.028787,-3293740.920144486,3293740.920144486,"(-3408873.99, -2932123.404]"
448,-37.06,-10.07,34.82,499409.23,9701.54,509110.77,1.588,509110.77,-0.003706,509082.1834514522,-509082.1834514522,"(339694.345, 807096.881]"
449,31.45,28.8,-3.15,-423740.84,6984.39,-416756.45,-1.3,416756.45,0.003145,-416801.35375218524,416801.35375218524,"(-595110.726, -127708.19]"
450,-148.98,-24.79,-11.24,2007523.07,156764.86,2164287.93,6.7509,2164287.93,-0.014898,2164259.004700329,-2164259.004700329,"(1741901.952, 2209304.488]"
451,-140.79,-43.54,48.64,1897152.57,140001.33,2037153.89,6.3543,2037153.89,-0.014079,2037137.435669825,-2037137.435669825,"(1741901.952, 2209304.488]"
452,167.16,63.48,-48.8,-2252506.19,197360.22,-2055145.97,-6.4104,2055145.97,0.016715999999999998,-2055119.1454495876,2055119.1454495876,"(-2464720.868, -1997318.332]"
453,-10.59,-39.69,3.74,142651.25,791.55,143442.8,0.4474,143442.8,-0.001059,143491.83270822646,-143491.83270822646,"(-127708.19, 339694.345]"
454,-17.68,73.9,-8.51,238264.49,2208.24,240472.73,0.7501,240472.73,-0.001768,240444.8857037902,-240444.8857037902,"(-127708.19, 339694.345]"
455,-113.68,-49.77,1.39,1531866.45,91278.7,1623145.14,5.0629,1623145.14,-0.011368000000000001,1623107.011291548,-1623107.011291548,"(1274499.417, 1741901.952]"
456,-4.19,-67.07,19.83,56498.33,124.16,56622.49,0.1766,56622.49,-0.00041900000000000005,56584.0468508378,-56584.0468508378,"(-127708.19, 339694.345]"
457,-115.25,-79.34,-25.62,1552956.69,93809.39,1646766.08,5.1366,1646766.08,-0.011525,1646801.2225805381,-1646801.2225805381,"(1274499.417, 1741901.952]"
458,172.94,-21.24,8.44,-2330393.55,211244.87,-2119148.68,-6.6101,2119148.68,0.017294,-2119120.3433223753,2119120.3433223753,"(-2464720.868, -1997318.332]"
459,-116.22,-6.71,-8.89,1566034.64,95396.04,1661430.68,5.1824,1661430.68,-0.011622,1661457.7227646068,-1661457.7227646068,"(1274499.417, 1741901.952]"
460,-3.23,-2.79,-9.15,43471.97,73.51,43545.48,0.1358,43545.48,-0.000323,43597.78235923157,-43597.78235923157,"(-127708.19, 339694.345]"
461,107.44,-30.24,-12.1,-1447805.94,81535.8,-1366270.14,-4.2617,1366270.14,0.010744,-1366219.722274464,1366219.722274464,"(-1529915.797, -1062513.261]"
462,91.22,-52.26,53.24,-1229184.79,58770.85,-1170413.94,-3.6508,1170413.94,0.009122,-1170414.422469265,1170414.422469265,"(-1529915.797, -1062513.261]"
463,107.9,-142.3,7.0,-1453889.99,82222.51,-1371667.48,-4.2785,1371667.48,0.010790000000000001,-1371718.5782750917,1371718.5782750917,"(-1529915.797, -1062513.261]"
464,151.16,107.65,-17.55,-2036915.83,161388.95,-1875526.88,-5.8502,1875526.88,0.015116,-1875491.932188342,1875491.932188342,"(-1997318.332, -1529915.797]"
465,29.28,42.22,38.8,-394523.81,6054.44,-388469.37,-1.2117,388469.37,0.002928,-388491.4805482329,388491.4805482329,"(-595110.726, -127708.19]"
466,53.9,52.36,5.56,-726294.94,20518.88,-705776.06,-2.2015,705776.06,0.00539,-705780.8238698799,705780.8238698799,"(-1062513.261, -595110.726]"
467,176.61,13.43,52.76,-2379815.74,220299.9,-2159515.84,-6.736,2159515.84,0.017661000000000003,-2159512.831318064,2159512.831318064,"(-2464720.868, -1997318.332]"
468,-76.03,1.01,33.98,1024516.69,40828.71,1065345.41,3.323,1065345.41,-0.007603,1065327.957203098,-1065327.957203098,"(807096.881, 1274499.417]"
469,182.75,-24.19,15.81,-2462491.47,235872.39,-2226619.09,-6.9453,2226619.09,0.018275,-2226665.033844942,2226665.033844942,"(-2464720.868, -1997318.332]"
470,-109.04,1.62,11.63,1469334.95,83978.72,1553313.67,4.8451,1553313.67,-0.010904,1553284.3194773882,-1553284.3194773882,"(1274499.417, 1741901.952]"
471,-86.94,-31.57,26.91,1171471.75,53381.56,1224853.32,3.8206,1224853.32,-0.008694,1224897.4827217753,-1224897.4827217753,"(807096.881, 1274499.417]"
472,61.51,95.89,57.41,-828839.24,26721.96,-802117.28,-2.502,802117.28,0.006151,-802122.1073200161,802122.1073200161,"(-1062513.261, -595110.726]"
473,84.32,-24.32,35.56,-1136228.45,50217.95,-1086010.5,-3.3875,1086010.5,0.008431999999999999,-1085991.9781603566,1085991.9781603566,"(-1529915.797, -1062513.261]"
474,-97.95,3.64,-10.51,1319837.3,67759.22,1387596.53,4.3282,1387596.53,-0.009795,1387634.1534718561,-1387634.1534718561,"(1274499.417, 1741901.952]"
475,10.85,-15.88,-24.48,-146221.45,831.67,-145389.78,-0.4535,145389.78,0.001085,-145371.7750492498,145371.7750492498,"(-595110.726, -127708.19]"
476,-68.16,13.59,6.07,918448.39,32812.34,951260.73,2.9672,951260.73,-0.006816,951265.31593963,-951265.31593963,"(807096.881, 1274499.417]"
477,184.38,31.37,-33.9,-2484521.98,240111.7,-2244410.29,-7.0008,2244410.29,0.018438,-2244402.6324469363,2244402.6324469363,"(-2464720.868, -1997318.332]"
478,80.28,-84.79,31.79,-1081732.15,45516.32,-1036215.84,-3.2322,1036215.84,0.008028,-1036249.8635281182,1036249.8635281182,"(-1062513.261, -595110.726]"
479,32.63,-68.01,-32.09,-439696.0,7520.26,-432175.74,-1.348,432175.74,0.0032630000000000003,-432167.74317351356,432167.74317351356,"(-595110.726, -127708.19]"
480,32.24,-62.6,18.22,-434389.78,7339.84,-427049.93,-1.3321,427049.93,0.0032240000000000003,-427091.1973151833,427091.1973151833,"(-595110.726, -127708.19]"
481,116.69,43.11,-3.09,-1572344.13,96166.29,-1476177.85,-4.6045,1476177.85,0.011669,-1476220.2800374986,1476220.2800374986,"(-1529915.797, -1062513.261]"
482,-20.49,-66.18,-4.31,276121.52,2965.71,279087.23,0.8705,279087.23,-0.002049,279067.04866546154,-279067.04866546154,"(-127708.19, 339694.345]"
483,12.24,4.94,-9.19,-164952.02,1058.38,-163893.64,-0.5112,163893.64,0.001224,-163875.27546052355,163875.27546052355,"(-595110.726, -127708.19]"
484,-130.52,58.5,-54.71,1758694.78,120311.9,1879006.67,5.861,1879006.67,-0.013052000000000001,1879070.0315378865,-1879070.0315378865,"(1741901.952, 2209304.488]"
485,83.81,42.42,-21.14,-1129272.49,49604.96,-1079667.53,-3.3677,1079667.53,0.008381,-1079725.3670861798,1079725.3670861798,"(-1529915.797, -1062513.261]"
486,90.38,-23.26,-13.25,-1217817.18,57688.84,-1160128.34,-3.6187,1160128.34,0.009038,-1160172.860323721,1160172.860323721,"(-1529915.797, -1062513.261]"
487,19.47,11.43,27.64,-262412.9,2678.54,-259734.36,-0.8102,259734.36,0.001947,-259679.92515942044,259679.92515942044,"(-595110.726, -127708.19]"
488,95.28,-72.37,-3.59,-1283951.93,64124.67,-1219827.26,-3.8049,1219827.26,0.009528,-1219774.7975137292,1219774.7975137292,"(-1529915.797, -1062513.261]"
489,-82.93,51.59,-16.27,1117475.46,48573.97,1166049.43,3.6372,1166049.43,-0.008293,1166051.8497075082,-1166051.8497075082,"(807096.881, 1274499.417]"
490,-14.34,-66.75,7.76,193267.58,1452.93,194720.51,0.6074,194720.51,-0.001434,194683.19382651162,-194683.19382651162,"(-127708.19, 339694.345]"
491,-67.66,128.19,-43.66,911707.81,32332.48,944040.28,2.9447,944040.28,-0.0067659999999999994,944048.2005107005,-944048.2005107005,"(807096.881, 1274499.417]"
492,-16.23,22.63,17.42,218737.34,1861.12,220598.45,0.6881,220598.45,-0.001623,220558.9271580383,-220558.9271580383,"(-127708.19, 339694.345]"
493,53.92,-58.07,25.93,-726604.28,20536.36,-706067.91,-2.2024,706067.91,0.005392,-706035.0925529081,706035.0925529081,"(-1062513.261, -595110.726]"
494,30.88,70.75,-6.31,-416122.64,6735.51,-409387.13,-1.277,409387.13,0.003088,-409371.5611108737,409371.5611108737,"(-595110.726, -127708.19]"
495,11.35,17.95,12.68,-152923.87,909.66,-152014.21,-0.4742,152014.21,0.001135,-152030.85342442105,152030.85342442105,"(-595110.726, -127708.19]"
496,105.49,-20.06,-31.45,-1421507.92,78600.66,-1342907.25,-4.1888,1342907.25,0.010549,-1342876.1625062895,1342876.1625062895,"(-1529915.797, -1062513.261]"
497,-69.2,-91.41,-24.83,932411.97,33817.64,966229.62,3.0139,966229.62,-0.00692,966288.2279182139,-966288.2279182139,"(807096.881, 1274499.417]"
498,-36.49,-13.69,25.49,491686.65,9403.82,501090.47,1.563,501090.47,-0.0036490000000000003,501105.3605269757,-501105.3605269757,"(339694.345, 807096.881]"
499,161.6,62.55,29.71,-2177586.93,184449.99,-1993136.94,-6.217,1993136.94,0.01616,-1993108.6627944412,1993108.6627944412,"(-1997318.332, -1529915.797]"
500,-62.38,62.52,-20.64,840585.06,27484.7,868069.76,2.7077,868069.76,-0.0062380000000000005,868051.0089552265,-868051.0089552265,"(807096.881, 1274499.417]"
501,-39.15,-52.52,7.88,527554.99,10825.88,538380.86,1.6793,538380.86,-0.003915,538369.7994725541,-538369.7994725541,"(339694.345, 807096.881]"
502,111.43,10.56,-54.72,-1501514.31,87697.37,-1413816.93,-4.41,1413816.93,0.011143,-1413816.842711788,1413816.842711788,"(-1529915.797, -1062513.261]"
503,34.19,-45.44,-45.46,-460755.0,8257.86,-452497.14,-1.4114,452497.14,0.0034189999999999997,-452452.4413680352,452452.4413680352,"(-595110.726, -127708.19]"
504,109.64,7.04,0.18,-1477415.71,84904.96,-1392510.75,-4.3435,1392510.75,0.010964,-1392491.5621476187,1392491.5621476187,"(-1529915.797, -1062513.261]"
505,-79.77,49.54,20.23,1074919.6,44944.81,1119864.41,3.4931,1119864.41,-0.007977,1119839.75469641,-1119839.75469641,"(807096.881, 1274499.417]"
506,84.05,-74.91,-48.67,-1132612.11,49898.79,-1082713.32,-3.3772,1082713.32,0.008405,-1082674.818206577,1082674.818206577,"(-1529915.797, -1062513.261]"
507,-173.31,104.87,7.71,2335340.28,212142.64,2547482.93,7.9461,2547482.93,-0.017331,2547486.7592273806,-2547486.7592273806,"(2209304.488, 2676707.023]"
508,77.62,7.56,22.94,-1045869.58,42548.35,-1003321.23,-3.1296,1003321.23,0.007762000000000001,-1003372.992860002,1003372.992860002,"(-1062513.261, -595110.726]"
509,88.83,86.21,0.5,-1196941.48,55728.0,-1141213.48,-3.5597,1141213.48,0.008883,-1141248.5753103977,1141248.5753103977,"(-1529915.797, -1062513.261]"
510,66.03,17.45,20.9,-889756.38,30794.27,-858962.11,-2.6793,858962.11,0.006603,-858957.2853486148,858957.2853486148,"(-1062513.261, -595110.726]"
511,151.83,56.03,28.47,-2045938.62,162821.9,-1883116.71,-5.8738,1883116.71,0.015183000000000002,-1883086.3651480724,1883086.3651480724,"(-1997318.332, -1529915.797]"
512,110.76,34.09,-18.03,-1492539.62,86652.16,-1405887.47,-4.3853,1405887.47,0.011076,-1405840.0544306776,1405840.0544306776,"(-1529915.797, -1062513.261]"
513,27.29,53.48,-19.77,-367741.83,5260.34,-362481.49,-1.1307,362481.49,0.002729,-362471.4225264543,362471.4225264543,"(-595110.726, -127708.19]"
514,70.51,29.01,32.32,-950073.68,35110.92,-914962.76,-2.854,914962.76,0.007051000000000001,-915004.7224371856,915004.7224371856,"(-1062513.261, -595110.726]"
515,42.36,-66.57,-43.23,-570778.77,12672.53,-558106.25,-1.7409,558106.25,0.004236,-558125.5904687546,558125.5904687546,"(-595110.726, -127708.19]"
516,63.73,76.13,42.09,-858812.91,28689.62,-830123.29,-2.5893,830123.29,0.006372999999999999,-830072.7931515842,830072.7931515842,"(-1062513.261, -595110.726]"
517,44.16,23.75,-45.23,-595007.03,13771.2,-581235.83,-1.813,581235.83,0.004416,-581280.5622290926,581280.5622290926,"(-595110.726, -127708.19]"
518,-31.27,-21.94,28.93,421427.38,6908.33,428335.71,1.3361,428335.71,-0.003127,428267.9225038469,-428267.9225038469,"(339694.345, 807096.881]"
519,-147.79,-85.04,3.28,1991463.48,154266.75,2145730.23,6.693,2145730.23,-0.014778999999999999,2145729.51569616,-2145729.51569616,"(1741901.952, 2209304.488]"
520,-132.6,25.46,-19.84,1786772.06,124184.08,1910956.15,5.9607,1910956.15,-0.01326,1910963.3656703697,-1910963.3656703697,"(1741901.952, 2209304.488]"
521,44.84,30.28,-16.71,-604212.3,14200.6,-590011.7,-1.8404,590011.7,0.004484,-590016.0851877611,590016.0851877611,"(-595110.726, -127708.19]"
522,-58.91,41.74,25.51,793776.8,24508.93,818285.74,2.5524,818285.74,-0.0058909999999999995,818320.3312326785,-818320.3312326785,"(807096.881, 1274499.417]"
523,-100.08,-29.2,-7.47,1348549.98,70739.46,1419289.44,4.4271,1419289.44,-0.010008,1419314.9465216305,-1419314.9465216305,"(1274499.417, 1741901.952]"
524,-173.47,17.6,-40.08,2337454.29,212526.89,2549981.18,7.9539,2549981.18,-0.017347,2550034.6333231973,-2550034.6333231973,"(2209304.488, 2676707.023]"
525,49.14,43.04,36.99,-662220.15,17058.17,-645161.98,-2.0124,645161.98,0.004914,-645104.1773285149,645104.1773285149,"(-1062513.261, -595110.726]"
526,-112.31,-42.57,25.78,1513349.89,89085.36,1602435.25,4.9983,1602435.25,-0.011231,1602459.618679637,-1602459.618679637,"(1274499.417, 1741901.952]"
527,68.12,71.22,-34.03,-917976.18,32778.6,-885197.57,-2.7611,885197.57,0.006812,-885139.6953201822,885139.6953201822,"(-1062513.261, -595110.726]"
528,-18.32,54.48,-9.33,246807.48,2369.43,249176.91,0.7772,249176.91,-0.001832,249231.58366200948,-249231.58366200948,"(-127708.19, 339694.345]"
529,-124.43,-34.81,10.97,1676623.89,109345.0,1785968.89,5.5708,1785968.89,-0.012443000000000001,1786041.444221745,-1786041.444221745,"(1741901.952, 2209304.488]"
530,-140.16,28.2,61.39,1888604.29,138742.52,2027346.8,6.3237,2027346.8,-0.014015999999999999,2027398.0989587056,-2027398.0989587056,"(1741901.952, 2209304.488]"
531,-69.8,10.84,6.19,940522.32,34408.51,974930.83,3.041,974930.83,-0.00698,974962.2423815252,-974962.2423815252,"(807096.881, 1274499.417]"
532,103.17,-20.95,12.24,-1390147.36,75170.82,-1314976.54,-4.1017,1314976.54,0.010317,-1315033.3443331735,1315033.3443331735,"(-1529915.797, -1062513.261]"
533,42.05,-32.04,43.14,-566669.4,12490.71,-554178.68,-1.7286,554178.68,0.0042049999999999995,-554133.1699559538,554133.1699559538,"(-595110.726, -127708.19]"
534,84.74,-16.89,34.84,-1141896.57,50720.22,-1091176.35,-3.4036,1091176.35,0.008473999999999999,-1091149.9579365172,1091149.9579365172,"(-1529915.797, -1062513.261]"
535,3.6,14.38,-27.09,-48523.14,91.59,-48431.55,-0.1511,48431.55,0.00036,-48418.2938179988,48418.2938179988,"(-127708.19, 339694.345]"
536,-6.97,-50.74,9.65,93922.23,343.13,94265.36,0.294,94265.36,-0.000697,94263.5384729498,-94263.5384729498,"(-127708.19, 339694.345]"
537,-78.97,43.39,-0.97,1064077.22,44042.7,1108119.92,3.4565,1108119.92,-0.007897,1108162.8652965713,-1108162.8652965713,"(807096.881, 1274499.417]"
538,22.14,-36.68,8.45,-298335.01,3462.07,-294872.94,-0.9198,294872.94,0.0022140000000000003,-294873.3727639653,294873.3727639653,"(-595110.726, -127708.19]"
539,191.27,49.4,-9.78,-2577419.79,258403.24,-2319016.56,-7.2335,2319016.56,0.019127,-2318964.742899472,2318964.742899472,"(-2464720.868, -1997318.332]"
540,113.45,-19.31,-3.5,-1528777.99,90911.01,-1437866.98,-4.485,1437866.98,0.011345000000000001,-1437827.8858945935,1437827.8858945935,"(-1529915.797, -1062513.261]"
541,-11.88,35.45,20.84,160109.09,997.15,161106.24,0.5025,161106.24,-0.001188,161079.24763350643,-161079.24763350643,"(-127708.19, 339694.345]"
542,64.09,-43.19,-7.71,-863561.04,29007.73,-834553.31,-2.6032,834553.31,0.006409000000000001,-834598.7768098756,834598.7768098756,"(-1062513.261, -595110.726]"
543,-34.39,-33.81,-1.54,463440.79,8354.42,471795.21,1.4716,471795.21,-0.003439,471756.6670325118,-471756.6670325118,"(339694.345, 807096.881]"
544,-170.98,18.35,-16.11,2304003.6,206487.58,2510491.18,7.8308,2510491.18,-0.017098,2510424.3193375436,-2510424.3193375436,"(2209304.488, 2676707.023]"
545,-43.24,-16.56,29.18,582667.78,13205.95,595873.73,1.8587,595873.73,-0.004324000000000001,595862.3647252473,-595862.3647252473,"(339694.345, 807096.881]"
546,-125.41,-37.48,-6.25,1689834.68,111074.94,1800909.62,5.6174,1800909.62,-0.012541,1800976.1922998358,-1800976.1922998358,"(1741901.952, 2209304.488]"
547,10.24,-40.36,-58.08,-137946.06,740.2,-137205.87,-0.428,137205.87,0.001024,-137242.91716487712,137242.91716487712,"(-595110.726, -127708.19]"
548,278.7,87.55,-18.61,-3755455.28,548596.23,-3206859.05,-10.0029,3206859.05,0.02787,-3206870.3528267625,3206870.3528267625,"(-3408873.99, -2932123.404]"
549,0.76,-7.72,-51.21,-10218.39,4.06,-10214.33,-0.0319,10214.33,7.6e-05,-10236.88429629955,10236.88429629955,"(-127708.19, 339694.345]"
550,-248.12,95.53,-18.03,3343411.65,434817.82,3778229.47,11.7851,3778229.47,-0.024812,3778220.186794498,-3778220.186794498,"(3611512.095, 4078914.63]"
551,22.51,79.36,5.46,-303314.4,3578.6,-299735.79,-0.9349,299735.79,0.002251,-299742.4230639962,299742.4230639962,"(-595110.726, -127708.19]"
552,70.66,-54.17,-19.78,-952150.11,35264.56,-916885.55,-2.86,916885.55,0.007065999999999999,-916876.4055720273,916876.4055720273,"(-1062513.261, -595110.726]"
553,-180.0,17.91,-6.86,2425495.28,228838.19,2654333.47,8.2794,2654333.47,-0.018,2654328.2911100504,-2654328.2911100504,"(2209304.488, 2676707.023]"
554,35.69,29.96,-26.17,-480858.82,8994.21,-471864.61,-1.4718,471864.61,0.0035689999999999997,-471924.540307183,471924.540307183,"(-595110.726, -127708.19]"
555,97.15,-18.55,-54.43,-1309082.27,66659.42,-1242422.86,-3.8754,1242422.86,0.009715000000000001,-1242431.4277520888,1242431.4277520888,"(-1529915.797, -1062513.261]"
556,73.59,26.86,3.09,-991574.39,38245.31,-953329.07,-2.9736,953329.07,0.007359,-953372.8780100705,953372.8780100705,"(-1062513.261, -595110.726]"
557,59.91,-30.43,-2.7,-807306.27,25351.54,-781954.74,-2.4391,781954.74,0.005991,-781934.3006449991,781934.3006449991,"(-1062513.261, -595110.726]"
558,-117.36,-25.36,-23.6,1581444.51,97282.68,1678727.2,5.2363,1678727.2,-0.011736,1678699.8769476027,-1678699.8769476027,"(1274499.417, 1741901.952]"
559,16.16,52.04,0.84,-217691.23,1843.36,-215847.87,-0.6733,215847.87,0.001616,-215910.7940231885,215910.7940231885,"(-595110.726, -127708.19]"
560,-169.63,-15.41,-23.57,2285692.97,203218.58,2488911.55,7.7635,2488911.55,-0.016963,2488985.4617976113,-2488985.4617976113,"(2209304.488, 2676707.023]"
561,-110.64,-33.64,16.09,1490833.85,86454.2,1577288.05,4.9199,1577288.05,-0.011064000000000001,1577326.7559772257,-1577326.7559772257,"(1274499.417, 1741901.952]"
562,11.0,158.98,-13.73,-148255.9,854.97,-147400.93,-0.4598,147400.93,0.0011,-147369.86936227354,147369.86936227354,"(-595110.726, -127708.19]"
563,-162.98,-37.22,33.57,2196131.3,187604.92,2383736.22,7.4354,2383736.22,-0.016298,2383754.9820980974,-2383754.9820980974,"(2209304.488, 2676707.023]"
564,-67.37,-37.93,18.61,907788.25,32055.07,939843.33,2.9316,939843.33,-0.006737000000000001,939863.8916645542,-939863.8916645542,"(807096.881, 1274499.417]"
565,34.42,-5.75,-25.74,-463748.91,8365.53,-455383.38,-1.4204,455383.38,0.003442,-455440.22626857087,455440.22626857087,"(-595110.726, -127708.19]"
566,74.28,-60.77,67.48,-1000900.41,38968.11,-961932.29,-3.0005,961932.29,0.007428,-961949.968800175,961949.968800175,"(-1062513.261, -595110.726]"
567,-54.75,-32.67,21.31,737718.01,21169.39,758887.4,2.3671,758887.4,-0.005475,758925.025416864,-758925.025416864,"(339694.345, 807096.881]"
568,132.0,41.1,50.44,-1778743.93,123070.65,-1655673.28,-5.1644,1655673.28,0.0132,-1655630.334351764,1655630.334351764,"(-1997318.332, -1529915.797]"
569,-18.58,-7.05,20.8,250326.91,2437.49,252764.4,0.7884,252764.4,-0.0018579999999999998,252802.8324182129,-252802.8324182129,"(-127708.19, 339694.345]"
570,208.93,-25.59,13.39,-2815327.34,308308.45,-2507018.89,-7.8199,2507018.89,0.020893000000000002,-2507015.369447165,2507015.369447165,"(-2932123.404, -2464720.868]"
571,-31.14,58.94,-27.61,419592.2,6848.29,426440.49,1.3302,426440.49,-0.003114,426458.8755427635,-426458.8755427635,"(339694.345, 807096.881]"
572,26.95,44.37,1.85,-363170.28,5130.36,-358039.92,-1.1168,358039.92,0.002695,-358020.18926992564,358020.18926992564,"(-595110.726, -127708.19]"
573,84.04,-26.74,15.74,-1132445.84,49884.14,-1082561.69,-3.3767,1082561.69,0.008404,-1082551.9406544862,1082551.9406544862,"(-1529915.797, -1062513.261]"
574,-3.44,-71.84,24.26,46293.08,83.36,46376.44,0.1447,46376.44,-0.000344,46437.41531535331,-46437.41531535331,"(-127708.19, 339694.345]"
575,-165.78,69.46,16.38,2233884.51,194110.52,2427995.03,7.5734,2427995.03,-0.016578,2427986.414800898,-2427986.414800898,"(2209304.488, 2676707.023]"
576,194.66,-33.84,51.51,-2623046.26,267632.92,-2355413.34,-7.347,2355413.34,0.019466,-2355404.464621822,2355404.464621822,"(-2464720.868, -1997318.332]"
577,-30.0,-25.29,-23.03,404252.72,6356.73,410609.45,1.2808,410609.45,-0.003,410605.1508862461,-410605.1508862461,"(339694.345, 807096.881]"
578,-39.18,23.13,45.59,527920.57,10840.89,538761.46,1.6805,538761.46,-0.003918,538790.6450730574,-538790.6450730574,"(339694.345, 807096.881]"
579,-64.9,8.56,32.54,874569.09,29751.98,904321.07,2.8208,904321.07,-0.006490000000000001,904273.2721873954,-904273.2721873954,"(807096.881, 1274499.417]"
580,-6.08,30.77,-36.47,81955.14,261.26,82216.41,0.2565,82216.41,-0.000608,82188.79919715316,-82188.79919715316,"(-127708.19, 339694.345]"
581,1.77,44.65,-31.62,-23892.13,22.2,-23869.93,-0.0745,23869.93,0.000177,-23828.538456898325,23828.538456898325,"(-127708.19, 339694.345]"
582,-48.97,-13.73,1.97,659861.58,16936.88,676798.46,2.1111,676798.46,-0.004897,676805.6011164088,-676805.6011164088,"(339694.345, 807096.881]"
583,121.19,39.05,24.17,-1633054.83,103735.92,-1529318.91,-4.7703,1529318.91,0.012119,-1529297.0500527495,1529297.0500527495,"(-1529915.797, -1062513.261]"
584,-45.02,48.74,-44.43,606636.76,14314.79,620951.55,1.9369,620951.55,-0.004502,620957.376005956,-620957.376005956,"(339694.345, 807096.881]"
585,-144.3,58.86,18.24,1944446.47,147068.48,2091514.96,6.5239,2091514.96,-0.014430000000000002,2091502.0878219535,-2091502.0878219535,"(1741901.952, 2209304.488]"
586,-83.84,29.69,37.6,1129760.53,49647.85,1179408.38,3.6788,1179408.38,-0.008384,1179385.9218815733,-1179385.9218815733,"(807096.881, 1274499.417]"
587,-89.71,20.4,-25.12,1208826.07,56840.16,1265666.22,3.9479,1265666.22,-0.008971,1265679.1060019515,-1265679.1060019515,"(807096.881, 1274499.417]"
588,-130.27,63.9,26.25,1755377.6,119858.47,1875236.07,5.8493,1875236.07,-0.013027,1875240.812228028,-1875240.812228028,"(1741901.952, 2209304.488]"
589,200.42,28.2,33.95,-2700679.16,283709.33,-2416969.83,-7.539,2416969.83,0.020041999999999997,-2416947.5027114036,2416947.5027114036,"(-2464720.868, -1997318.332]"
590,173.29,-72.04,-10.45,-2335123.59,212103.28,-2123020.32,-6.6222,2123020.32,0.017329,-2122980.695004572,2122980.695004572,"(-2464720.868, -1997318.332]"
591,147.08,32.78,53.64,-1981894.32,152787.78,-1829106.54,-5.7054,1829106.54,0.014708,-1829108.3576101544,1829108.3576101544,"(-1997318.332, -1529915.797]"
592,-126.12,-71.88,26.89,1699436.61,112340.82,1811777.43,5.6513,1811777.43,-0.012612,1811804.7396201063,-1811804.7396201063,"(1741901.952, 2209304.488]"
593,69.41,33.1,1.21,-935328.29,34029.52,-901298.78,-2.8113,901298.78,0.006940999999999999,-901269.3346740699,901269.3346740699,"(-1062513.261, -595110.726]"
594,-118.42,9.47,-30.29,1595709.64,99045.64,1694755.28,5.2863,1694755.28,-0.011842,1694748.526002298,-1694748.526002298,"(1274499.417, 1741901.952]"
595,34.76,29.32,6.71,-468442.79,8535.73,-459907.06,-1.4345,459907.06,0.003476,-459855.5829902524,459855.5829902524,"(-595110.726, -127708.19]"
596,6.44,-48.24,-34.48,-86801.29,293.08,-86508.21,-0.2698,86508.21,0.000644,-86485.77083341296,86485.77083341296,"(-127708.19, 339694.345]"
597,-89.15,10.88,-15.91,1201320.82,56136.54,1257457.36,3.9223,1257457.36,-0.008915000000000001,1257425.7046966867,-1257425.7046966867,"(807096.881, 1274499.417]"
598,38.87,36.91,5.36,-523748.25,10670.21,-513078.04,-1.6004,513078.04,0.003887,-513100.27765912726,513100.27765912726,"(-595110.726, -127708.19]"
599,-13.77,-26.2,-16.09,185537.52,1339.03,186876.55,0.5829,186876.55,-0.001377,186889.30478536605,-186889.30478536605,"(-127708.19, 339694.345]"
600,-98.0,-20.15,2.99,1320568.72,67834.35,1388403.07,4.3307,1388403.07,-0.0098,1388377.0995218006,-1388377.0995218006,"(1274499.417, 1741901.952]"
601,-87.21,-65.95,-31.29,1175214.14,53723.17,1228937.32,3.8333,1228937.32,-0.008721,1228867.8193613712,-1228867.8193613712,"(807096.881, 1274499.417]"
602,43.03,-5.4,17.5,-579774.72,13075.14,-566699.59,-1.7677,566699.59,0.004303,-566749.7328088355,566749.7328088355,"(-595110.726, -127708.19]"
603,72.14,-58.04,6.82,-972042.4,36753.44,-935288.95,-2.9174,935288.95,0.007214,-935326.6407108548,935326.6407108548,"(-1062513.261, -595110.726]"
604,46.2,-1.63,-18.2,-622571.07,15076.67,-607494.39,-1.8949,607494.39,0.00462,-607467.5358892778,607467.5358892778,"(-1062513.261, -595110.726]"
605,-7.12,-6.61,-4.71,95923.02,357.91,96280.93,0.3003,96280.93,-0.000712,96299.70869733683,-96299.70869733683,"(-127708.19, 339694.345]"
606,106.65,34.63,42.71,-1437066.67,80330.68,-1356735.99,-4.232,1356735.99,0.010665000000000001,-1356769.060214812,1356769.060214812,"(-1529915.797, -1062513.261]"
607,96.3,-38.48,-8.77,-1297693.56,65504.62,-1232188.94,-3.8435,1232188.94,0.00963,-1232139.082966869,1232139.082966869,"(-1529915.797, -1062513.261]"
608,11.14,-40.29,-27.34,-150101.12,876.39,-149224.73,-0.4655,149224.73,0.001114,-149234.47063539707,149234.47063539707,"(-595110.726, -127708.19]"
609,-76.72,-62.63,36.68,1033822.76,41573.81,1075396.56,3.3544,1075396.56,-0.007672,1075370.0827784138,-1075370.0827784138,"(807096.881, 1274499.417]"
610,92.16,-63.38,13.97,-1241885.33,59991.63,-1181893.71,-3.6866,1181893.71,0.009216,-1181863.4006159382,1181863.4006159382,"(-1529915.797, -1062513.261]"
611,92.83,14.65,6.79,-1250931.57,60868.8,-1190062.77,-3.7121,1190062.77,0.009283,-1190016.2237727335,1190016.2237727335,"(-1529915.797, -1062513.261]"
612,72.34,28.06,-10.87,-974799.78,36962.26,-937837.53,-2.9253,937837.53,0.007234,-937817.5426065921,937817.5426065921,"(-1062513.261, -595110.726]"
613,23.69,1.2,55.37,-319189.94,3963.02,-315226.93,-0.9833,315226.93,0.002369,-315257.82766030246,315257.82766030246,"(-595110.726, -127708.19]"
614,16.93,-7.7,-9.81,-228167.61,2025.05,-226142.56,-0.7054,226142.56,0.001693,-226106.55046950467,226106.55046950467,"(-595110.726, -127708.19]"
615,43.57,-5.78,22.65,-587108.97,13408.03,-573700.94,-1.7895,573700.94,0.004357,-573695.9192211195,573695.9192211195,"(-595110.726, -127708.19]"
616,-126.96,-2.44,-8.88,1710796.63,113847.74,1824644.37,5.6915,1824644.37,-0.012695999999999999,1824625.1745549575,-1824625.1745549575,"(1741901.952, 2209304.488]"
617,-183.32,-7.21,-18.57,2470274.58,237365.77,2707640.35,8.4457,2707640.35,-0.018331999999999998,2707584.520354036,-2707584.520354036,"(2676707.023, 3144109.559]"
618,126.01,-82.68,-49.4,-1698021.41,112153.79,-1585867.62,-4.9467,1585867.62,0.012601000000000001,-1585830.8872600659,1585830.8872600659,"(-1997318.332, -1529915.797]"
619,-83.53,32.37,1.57,1125551.94,49278.64,1174830.58,3.6645,1174830.58,-0.008353,1174842.23195335,-1174842.23195335,"(807096.881, 1274499.417]"
620,47.02,-3.87,4.67,-633636.77,15617.39,-618019.38,-1.9277,618019.38,0.0047020000000000005,-617977.1085268563,617977.1085268563,"(-1062513.261, -595110.726]"
621,-8.81,-6.39,4.9,118691.89,547.99,119239.88,0.3719,119239.88,-0.0008810000000000001,119262.52258064752,-119262.52258064752,"(-127708.19, 339694.345]"
622,68.59,-22.08,-20.3,-924242.95,33227.67,-891015.28,-2.7793,891015.28,0.0068590000000000005,-891019.1076560231,891019.1076560231,"(-1062513.261, -595110.726]"
623,-21.34,-10.53,23.22,287586.42,3217.1,290803.52,0.9071,290803.52,-0.002134,290771.88192438066,-290771.88192438066,"(-127708.19, 339694.345]"
624,-67.83,6.47,-35.09,914010.34,32496.0,946506.33,2.9524,946506.33,-0.006783,946501.6235297461,-946501.6235297461,"(807096.881, 1274499.417]"
625,157.62,-4.72,17.38,-2123903.88,175467.77,-1948436.12,-6.0776,1948436.12,0.015762,-1948451.6926822215,1948451.6926822215,"(-1997318.332, -1529915.797]"
626,-218.45,-34.55,-9.63,2943649.32,337054.22,3280703.55,10.2332,3280703.55,-0.021845,3280646.1621451178,-3280646.1621451178,"(3144109.559, 3611512.095]"
627,73.32,24.83,-20.25,-987993.67,37969.59,-950024.08,-2.9633,950024.08,0.007331999999999999,-950014.7943972999,950014.7943972999,"(-1062513.261, -595110.726]"
628,-72.68,76.43,-23.53,979349.78,37308.11,1016657.9,3.1712,1016657.9,-0.007268000000000001,1016668.2986750263,-1016668.2986750263,"(807096.881, 1274499.417]"
629,41.66,23.02,3.37,-561424.97,12260.58,-549164.39,-1.713,549164.39,0.0041659999999999996,-549108.5192128773,549108.5192128773,"(-595110.726, -127708.19]"
630,-152.14,73.38,-6.12,2050017.02,163471.7,2213488.72,6.9043,2213488.72,-0.015213999999999998,2213560.448213903,-2213560.448213903,"(2209304.488, 2676707.023]"
631,17.2,3.88,27.88,-231752.56,2089.18,-229663.37,-0.7164,229663.37,0.00172,-229679.70259397206,229679.70259397206,"(-595110.726, -127708.19]"
632,-57.27,-82.08,-3.42,771723.13,23165.98,794889.11,2.4794,794889.11,-0.005727,794875.6847190278,-794875.6847190278,"(339694.345, 807096.881]"
633,-156.14,-1.68,6.19,2103959.48,172187.8,2276147.28,7.0998,2276147.28,-0.015614,2276169.619223678,-2276169.619223678,"(2209304.488, 2676707.023]"
634,1.73,1.44,-15.42,-23276.95,21.08,-23255.88,-0.0725,23255.88,0.000173,-23290.529163011553,23290.529163011553,"(-127708.19, 339694.345]"
635,9.03,52.7,0.49,-121687.15,575.99,-121111.16,-0.3778,121111.16,0.0009029999999999999,-121102.9075176348,121102.9075176348,"(-127708.19, 339694.345]"
636,40.64,38.15,26.82,-547628.94,11665.42,-535963.52,-1.6718,535963.52,0.004064,-535956.9671476708,535956.9671476708,"(-595110.726, -127708.19]"
637,28.83,46.35,-13.88,-388471.82,5870.12,-382601.71,-1.1934,382601.71,0.0028829999999999997,-382612.44239597546,382612.44239597546,"(-595110.726, -127708.19]"
638,-57.42,-23.1,-88.62,773685.5,23283.94,796969.45,2.4859,796969.45,-0.005742000000000001,797018.4335934747,-797018.4335934747,"(339694.345, 807096.881]"
639,-192.18,35.47,17.43,2589649.64,260861.3,2850510.94,8.8914,2850510.94,-0.019218,2850470.259677671,-2850470.259677671,"(2676707.023, 3144109.559]"
640,65.3,3.27,-8.3,-879946.61,30118.98,-849827.63,-2.6508,849827.63,0.006529999999999999,-849797.6934456581,849797.6934456581,"(-1062513.261, -595110.726]"
641,26.87,-49.99,19.19,-362039.27,5098.46,-356940.81,-1.1134,356940.81,0.002687,-356972.60295608715,356972.60295608715,"(-595110.726, -127708.19]"
642,-153.87,10.68,48.32,2073444.9,167229.4,2240674.3,6.9891,2240674.3,-0.015387,2240611.1780940103,-2240611.1780940103,"(2209304.488, 2676707.023]"
643,-37.35,28.34,63.21,503339.57,9854.84,513194.42,1.6008,513194.42,-0.003735,513142.3285234225,-513142.3285234225,"(339694.345, 807096.881]"
644,74.48,89.67,-3.94,-1003558.2,39175.34,-964382.86,-3.0081,964382.86,0.007448000000000001,-964434.8248824961,964434.8248824961,"(-1062513.261, -595110.726]"
645,-23.49,-33.47,25.38,316556.11,3897.88,320453.99,0.9996,320453.99,-0.002349,320423.78036001726,-320423.78036001726,"(-127708.19, 339694.345]"
646,-87.08,28.58,38.66,1173394.83,53556.97,1226951.8,3.8271,1226951.8,-0.008708,1226956.0472499947,-1226956.0472499947,"(807096.881, 1274499.417]"
647,106.87,22.97,9.4,-1440046.09,80664.12,-1359381.97,-4.2402,1359381.97,0.010687,-1359401.7758388883,1359401.7758388883,"(-1529915.797, -1062513.261]"
648,-9.39,117.86,-3.55,126545.18,622.9,127168.08,0.3967,127168.08,-0.0009390000000000001,127152.55057524961,-127152.55057524961,"(-127708.19, 339694.345]"
649,43.52,21.92,-50.93,-586467.87,13378.77,-573089.1,-1.7876,573089.1,0.004352,-573052.9268527952,573052.9268527952,"(-595110.726, -127708.19]"
650,-53.81,16.83,34.24,725031.77,20447.57,745479.34,2.3253,745479.34,-0.005381,745537.8301176063,-745537.8301176063,"(339694.345, 807096.881]"
651,-100.36,25.08,10.22,1352336.6,71137.28,1423473.87,4.4401,1423473.87,-0.010036,1423484.32383663,-1423484.32383663,"(1274499.417, 1741901.952]"
652,56.92,-60.6,18.81,-767059.27,22886.82,-744172.44,-2.3212,744172.44,0.005692,-744111.405439863,744111.405439863,"(-1062513.261, -595110.726]"
653,-42.92,61.92,19.71,578410.52,13013.68,591424.19,1.8448,591424.19,-0.004292,591355.6482691438,-591355.6482691438,"(339694.345, 807096.881]"
654,-13.51,37.18,-26.14,182007.13,1288.56,183295.69,0.5717,183295.69,-0.001351,183335.72166995314,-183335.72166995314,"(-127708.19, 339694.345]"
655,89.97,-14.3,-24.33,-1212346.3,57171.69,-1155174.62,-3.6032,1155174.62,0.008997,-1155170.3828909278,1155170.3828909278,"(-1529915.797, -1062513.261]"
656,78.39,-60.63,19.2,-1056305.69,43401.71,-1012903.98,-3.1595,1012903.98,0.007839,-1012900.2603267088,1012900.2603267088,"(-1062513.261, -595110.726]"
657,-53.2,11.82,32.97,716840.82,19988.17,736828.99,2.2983,736828.99,-0.00532,736857.0728101515,-736857.0728101515,"(339694.345, 807096.881]"
658,-32.86,3.95,-31.59,442768.34,7625.72,450394.06,1.4049,450394.06,-0.003286,450413.27393880277,-450413.27393880277,"(339694.345, 807096.881]"
659,188.59,54.36,-11.56,-2541233.41,251198.33,-2290035.08,-7.1431,2290035.08,0.018859,-2290042.043414735,2290042.043414735,"(-2464720.868, -1997318.332]"
660,118.0,-29.38,-6.08,-1590072.01,98347.02,-1491724.99,-4.653,1491724.99,0.0118,-1491701.0325421416,1491701.0325421416,"(-1529915.797, -1062513.261]"
661,-62.45,29.16,-7.99,841561.64,27548.6,869110.24,2.7109,869110.24,-0.0062450000000000006,869055.9716523548,-869055.9716523548,"(807096.881, 1274499.417]"
662,125.73,-44.69,3.24,-1694192.25,111648.53,-1582543.72,-4.9363,1582543.72,0.012573,-1582555.7422522567,1582555.7422522567,"(-1997318.332, -1529915.797]"
663,-14.45,-32.2,2.37,194751.3,1475.33,196226.62,0.6121,196226.62,-0.0014449999999999999,196187.80597894455,-196187.80597894455,"(-127708.19, 339694.345]"
664,-4.6,52.25,-37.1,62029.97,149.67,62179.63,0.194,62179.63,-0.00045999999999999996,62134.23118937238,-62134.23118937238,"(-127708.19, 339694.345]"
665,-71.67,36.17,-25.95,965705.93,36275.84,1001981.77,3.1254,1001981.77,-0.007167,1002028.8767979286,-1002028.8767979286,"(807096.881, 1274499.417]"
666,50.56,-2.41,-29.5,-681268.56,18053.62,-663214.94,-2.0687,663214.94,0.005056000000000001,-663238.6914952431,663238.6914952431,"(-1062513.261, -595110.726]"
667,-105.21,138.39,56.25,1417633.93,78172.83,1495806.76,4.6657,1495806.76,-0.010520999999999999,1495879.6228267387,-1495879.6228267387,"(1274499.417, 1741901.952]"
668,90.01,25.75,-0.73,-1212896.84,57223.62,-1155673.22,-3.6048,1155673.22,0.009001,-1155658.5340001557,1155658.5340001557,"(-1529915.797, -1062513.261]"
669,54.2,-12.31,6.12,-730281.08,20744.73,-709536.36,-2.2132,709536.36,0.00542,-709594.2608345432,709594.2608345432,"(-1062513.261, -595110.726]"
670,-250.12,11.12,-49.62,3370360.84,441855.67,3812216.51,11.8911,3812216.51,-0.025012,3812208.0964034707,-3812208.0964034707,"(3611512.095, 4078914.63]"
671,-91.23,63.98,-19.01,1229373.31,58788.88,1288162.19,4.0181,1288162.19,-0.009123000000000001,1288103.5252166889,-1288103.5252166889,"(1274499.417, 1741901.952]"
672,-71.87,46.12,10.5,968495.14,36485.69,1004980.83,3.1348,1004980.83,-0.007187000000000001,1004926.6280348214,-1004926.6280348214,"(807096.881, 1274499.417]"
673,-66.87,17.29,-67.01,901134.35,31586.88,932721.23,2.9094,932721.23,-0.006687,932652.3558998756,-932652.3558998756,"(807096.881, 1274499.417]"
674,31.47,-50.44,35.93,-424024.51,6993.74,-417030.77,-1.3008,417030.77,0.003147,-417061.96488900733,417061.96488900733,"(-595110.726, -127708.19]"
675,145.7,13.07,24.49,-1963344.52,149941.09,-1813403.43,-5.6564,1813403.43,0.01457,-1813366.578336678,1813366.578336678,"(-1997318.332, -1529915.797]"
676,109.26,26.52,-5.81,-1472250.91,84312.37,-1387938.55,-4.3293,1387938.55,0.010926,-1387958.5835750238,1387958.5835750238,"(-1529915.797, -1062513.261]"
677,2.13,65.7,-9.29,-28763.61,32.18,-28731.43,-0.0896,28731.43,0.000213,-28669.605049155038,28669.605049155038,"(-127708.19, 339694.345]"
678,-50.61,16.35,8.84,682034.52,18094.24,700128.76,2.1839,700128.76,-0.0050609999999999995,700057.9681622515,-700057.9681622515,"(339694.345, 807096.881]"
679,-23.53,-47.82,-22.11,317051.9,3910.1,320962.01,1.0011,320962.01,-0.002353,320976.0622938007,-320976.0622938007,"(-127708.19, 339694.345]"
680,-260.15,96.03,31.84,3505452.38,477986.66,3983439.04,12.4252,3983439.04,-0.026014999999999996,3983509.674877558,-3983509.674877558,"(3611512.095, 4078914.63]"
681,42.85,-21.16,-41.26,-577387.28,12967.67,-564419.61,-1.7605,564419.61,0.004285,-564433.4219906221,564433.4219906221,"(-595110.726, -127708.19]"
682,68.05,-61.72,-0.15,-916917.29,32703.03,-884214.26,-2.7581,884214.26,0.006804999999999999,-884263.7711874401,884263.7711874401,"(-1062513.261, -595110.726]"
683,100.54,-43.4,-5.05,-1354730.5,71389.35,-1283341.15,-4.003,1283341.15,0.010054,-1283378.2016709729,1283378.2016709729,"(-1529915.797, -1062513.261]"
684,-166.25,89.7,-27.71,2240260.39,195220.15,2435480.54,7.5968,2435480.54,-0.016625,2435421.83163784,-2435421.83163784,"(2209304.488, 2676707.023]"
685,100.84,41.33,16.2,-1358873.97,71826.71,-1287047.26,-4.0146,1287047.26,0.010084000000000001,-1286993.991389561,1286993.991389561,"(-1529915.797, -1062513.261]"
686,-175.36,-4.09,20.43,2362927.06,217184.22,2580111.27,8.0479,2580111.27,-0.017536000000000003,2580158.7611548887,-2580158.7611548887,"(2209304.488, 2676707.023]"
687,-1.66,-77.48,18.2,22431.54,19.57,22451.11,0.07,22451.11,-0.000166,22387.883382513755,-22387.883382513755,"(-127708.19, 339694.345]"
688,2.45,-22.54,0.7,-33002.24,42.37,-32959.87,-0.1028,32959.87,0.000245,-32971.238473711055,32971.238473711055,"(-127708.19, 339694.345]"
689,15.46,-51.43,-21.44,-208333.84,1688.29,-206645.55,-0.6446,206645.55,0.001546,-206634.65683727895,206634.65683727895,"(-595110.726, -127708.19]"
690,41.16,-28.26,7.86,-554651.2,11966.51,-542684.69,-1.6928,542684.69,0.004116,-542663.5163104236,542663.5163104236,"(-595110.726, -127708.19]"
691,20.9,24.74,-35.33,-281593.26,3084.41,-278508.85,-0.8687,278508.85,0.00209,-278541.37415519595,278541.37415519595,"(-595110.726, -127708.19]"
692,10.03,49.79,24.79,-135208.87,711.11,-134497.75,-0.4195,134497.75,0.001003,-134443.24166765844,134443.24166765844,"(-595110.726, -127708.19]"
693,15.61,32.57,-0.03,-210294.2,1720.21,-208573.98,-0.6506,208573.98,0.0015609999999999999,-208622.98320643045,208622.98320643045,"(-595110.726, -127708.19]"
694,-182.01,50.95,79.96,2452603.84,233981.99,2686585.83,8.38,2686585.83,-0.018201,2686552.170015894,-2686552.170015894,"(2676707.023, 3144109.559]"
695,74.59,-38.92,12.32,-1005141.7,39299.06,-965842.64,-3.0127,965842.64,0.007459,-965801.2548840372,965801.2548840372,"(-1062513.261, -595110.726]"
696,-25.01,-13.35,-9.25,336943.62,4416.13,341359.75,1.0648,341359.75,-0.002501,341426.38246745704,-341426.38246745704,"(339694.345, 807096.881]"
697,44.3,13.23,6.77,-596991.2,13863.2,-583128.0,-1.8189,583128.0,0.00443,-583079.5862026752,583079.5862026752,"(-595110.726, -127708.19]"
698,9.64,5.5,34.41,-129930.15,656.67,-129273.48,-0.4032,129273.48,0.000964,-129242.19160500402,129242.19160500402,"(-595110.726, -127708.19]"
699,0.91,-6.9,-7.54,-12317.72,5.9,-12311.82,-0.0384,12311.82,9.1e-05,-12256.357905130497,12256.357905130497,"(-127708.19, 339694.345]"
700,247.96,-44.76,-45.62,-3341276.95,434262.75,-2907014.2,-9.0676,2907014.2,0.024796000000000002,-2906994.788673195,2906994.788673195,"(-2932123.404, -2464720.868]"
701,66.49,8.95,7.56,-895959.85,31225.16,-864734.68,-2.6973,864734.68,0.0066489999999999995,-864725.2167731688,864725.2167731688,"(-1062513.261, -595110.726]"
702,-93.74,-126.88,-9.65,1263109.62,62059.71,1325169.33,4.1335,1325169.33,-0.009373999999999999,1325204.7657456324,-1325204.7657456324,"(1274499.417, 1741901.952]"
703,-11.46,57.39,1.77,154412.75,927.46,155340.21,0.4845,155340.21,-0.001146,155350.53177026712,-155350.53177026712,"(-127708.19, 339694.345]"
704,-136.05,-39.15,38.85,1833320.1,130738.72,1964058.83,6.1263,1964058.83,-0.013605,1963998.1158875448,-1963998.1158875448,"(1741901.952, 2209304.488]"
705,-48.04,36.28,1.86,647364.48,16301.42,663665.9,2.0701,663665.9,-0.004804,663636.6885650677,-663636.6885650677,"(339694.345, 807096.881]"
706,94.47,-55.18,24.54,-1273035.84,63038.94,-1209996.9,-3.7742,1209996.9,0.009447,-1209945.6309556381,1209945.6309556381,"(-1529915.797, -1062513.261]"
707,200.74,-15.7,0.82,-2704998.91,284617.64,-2420381.26,-7.5497,2420381.26,0.020074,-2420352.8188706846,2420352.8188706846,"(-2464720.868, -1997318.332]"
708,-7.37,34.82,-22.1,99369.44,384.09,99753.53,0.3112,99753.53,-0.000737,99694.03202459589,-99694.03202459589,"(-127708.19, 339694.345]"
709,116.39,-97.81,15.16,-1568363.97,95680.04,-1472683.93,-4.5936,1472683.93,0.011639,-1472671.658175906,1472671.658175906,"(-1529915.797, -1062513.261]"
710,8.23,-120.56,-14.1,-110862.92,478.08,-110384.84,-0.3443,110384.84,0.0008230000000000001,-110420.46967037366,110420.46967037366,"(-127708.19, 339694.345]"
711,0.68,-37.8,-43.61,-9214.72,3.3,-9211.42,-0.0287,9211.42,6.8e-05,-9159.70174818606,9159.70174818606,"(-127708.19, 339694.345]"
712,45.3,41.13,-26.33,-610394.14,14492.67,-595901.47,-1.8587,595901.47,0.004529999999999999,-595921.7057751503,595921.7057751503,"(-1062513.261, -595110.726]"
713,-4.23,-3.35,-46.29,57034.01,126.53,57160.54,0.1783,57160.54,-0.00042300000000000004,57125.423719300336,-57125.423719300336,"(-127708.19, 339694.345]"
714,-181.98,-31.05,38.22,2452194.42,233903.88,2686098.3,8.3785,2686098.3,-0.018198,2686070.79706514,-2686070.79706514,"(2676707.023, 3144109.559]"
715,185.05,-94.37,-4.02,-2493602.08,241869.96,-2251732.12,-7.0236,2251732.12,0.018505,-2251682.6633329964,2251682.6633329964,"(-2464720.868, -1997318.332]"
716,-149.93,5.94,34.35,2020351.11,158774.71,2179125.83,6.7972,2179125.83,-0.014993000000000001,2179065.8127122014,-2179065.8127122014,"(1741901.952, 2209304.488]"
717,-12.05,-88.67,-41.11,162335.01,1025.07,163360.08,0.5096,163360.08,-0.0012050000000000001,163398.72198362483,-163398.72198362483,"(-127708.19, 339694.345]"
718,192.83,53.05,-12.26,-2598435.83,262634.41,-2335801.42,-7.2859,2335801.42,0.019283,-2335753.6274702805,2335753.6274702805,"(-2464720.868, -1997318.332]"
719,-84.45,-65.03,23.88,1137981.24,50373.0,1188354.24,3.7067,1188354.24,-0.008445000000000001,1188330.6947756517,-1188330.6947756517,"(807096.881, 1274499.417]"
720,58.17,-61.67,-29.52,-783867.23,23900.81,-759966.42,-2.3705,759966.42,0.005817,-759939.0143330564,759939.0143330564,"(-1062513.261, -595110.726]"
721,139.8,-74.57,10.35,-1883830.91,138042.07,-1745788.84,-5.4455,1745788.84,0.013980000000000001,-1745761.4041728862,1745761.4041728862,"(-1997318.332, -1529915.797]"
722,-155.02,57.53,6.98,2088905.91,169732.65,2258638.56,7.0452,2258638.56,-0.015502000000000002,2258616.2693599183,-2258616.2693599183,"(2209304.488, 2676707.023]"
723,161.4,49.17,88.56,-2174807.74,183979.47,-1990828.27,-6.2098,1990828.27,0.01614,-1990869.9334713835,1990869.9334713835,"(-1997318.332, -1529915.797]"
724,-6.86,-104.17,13.23,92377.01,331.94,92708.94,0.2892,92708.94,-0.000686,92770.54897303761,-92770.54897303761,"(-127708.19, 339694.345]"
725,110.18,-15.99,-21.68,-1484687.2,85742.78,-1398944.42,-4.3636,1398944.42,0.011018,-1398929.6544451972,1398929.6544451972,"(-1529915.797, -1062513.261]"
726,-18.88,57.59,63.26,254350.67,2516.48,256867.15,0.8012,256867.15,-0.001888,256924.69062149775,-256924.69062149775,"(-127708.19, 339694.345]"
727,-14.62,-22.45,7.3,196943.23,1508.72,198451.95,0.619,198451.95,-0.001462,198513.4518614965,-198513.4518614965,"(-127708.19, 339694.345]"
728,-1.02,40.11,-11.51,13684.65,7.28,13691.94,0.0427,13691.94,-0.000102,13751.799632166658,-13751.799632166658,"(-127708.19, 339694.345]"
729,-60.34,27.11,-8.55,813015.55,25711.38,838726.93,2.6162,838726.93,-0.006034,838793.9260399321,-838793.9260399321,"(807096.881, 1274499.417]"
730,-145.31,71.08,-13.41,1958089.78,149139.55,2107229.34,6.5729,2107229.34,-0.014531,2107177.7211539703,-2107177.7211539703,"(1741901.952, 2209304.488]"
731,-114.61,-97.56,-23.33,1544383.12,92776.44,1637159.57,5.1067,1637159.57,-0.011461,1637138.2319951246,-1637138.2319951246,"(1274499.417, 1741901.952]"
732,-86.59,12.7,-25.89,1166807.83,52957.36,1219765.18,3.8047,1219765.18,-0.008659,1219752.2826827695,-1219752.2826827695,"(807096.881, 1274499.417]"
733,21.46,64.61,9.74,-289195.0,3253.19,-285941.82,-0.8919,285941.82,0.002146,-285919.8050018084,285919.8050018084,"(-595110.726, -127708.19]"
734,-16.84,-60.68,54.88,226864.34,2001.98,228866.32,0.7139,228866.32,-0.001684,228921.12518881317,-228921.12518881317,"(-127708.19, 339694.345]"
735,-7.1,-80.27,-29.86,95642.02,355.82,95997.84,0.2994,95997.84,-0.0007099999999999999,96028.20097063325,-96028.20097063325,"(-127708.19, 339694.345]"
736,-144.36,52.39,-6.77,1945268.46,147192.85,2092461.32,6.5268,2092461.32,-0.014436000000000001,2092432.9109810796,-2092432.9109810796,"(1741901.952, 2209304.488]"
737,8.08,38.51,-3.71,-108859.26,460.95,-108398.31,-0.3381,108398.31,0.000808,-108416.50611558715,108416.50611558715,"(-127708.19, 339694.345]"
738,47.0,-35.97,33.89,-633271.94,15599.41,-617672.53,-1.9267,617672.53,0.0047,-617720.8904927735,617720.8904927735,"(-1062513.261, -595110.726]"
739,90.41,110.42,-14.05,-1218317.36,57736.24,-1160581.12,-3.6201,1160581.12,0.009041,-1160538.802027995,1160538.802027995,"(-1529915.797, -1062513.261]"
740,-23.07,-18.96,27.05,310858.84,3758.84,314617.68,0.9814,314617.68,-0.002307,314626.1846010296,-314626.1846010296,"(-127708.19, 339694.345]"
741,-7.08,-42.99,-16.43,95457.97,354.45,95812.42,0.2989,95812.42,-0.000708,95756.6988942226,-95756.6988942226,"(-127708.19, 339694.345]"
742,-34.79,-40.05,20.36,468809.88,8549.11,477358.99,1.489,477358.99,-0.003479,477342.09161581506,-477342.09161581506,"(339694.345, 807096.881]"
743,23.83,-88.56,14.27,-321058.6,4009.56,-317049.05,-0.9889,317049.05,0.0023829999999999997,-317097.3331574556,317097.3331574556,"(-595110.726, -127708.19]"
744,-20.96,-34.48,-34.36,282436.01,3102.9,285538.91,0.8907,285538.91,-0.002096,285537.87151014764,-285537.87151014764,"(-127708.19, 339694.345]"
745,10.65,4.22,15.68,-143544.85,801.5,-142743.35,-0.4452,142743.35,0.001065,-142707.1548979216,142707.1548979216,"(-595110.726, -127708.19]"
746,-69.73,16.94,-23.03,939632.54,34343.44,973975.98,3.038,973975.98,-0.006973,973950.0119951385,-973950.0119951385,"(807096.881, 1274499.417]"
747,29.31,74.04,14.71,-394902.87,6066.08,-388836.79,-1.2129,388836.79,0.002931,-388883.3147197776,388883.3147197776,"(-595110.726, -127708.19]"
748,65.26,-1.8,-58.34,-879384.31,30080.5,-849303.81,-2.6492,849303.81,0.0065260000000000006,-849295.5804626439,849295.5804626439,"(-1062513.261, -595110.726]"
749,12.41,-11.67,-15.12,-167195.2,1087.36,-166107.84,-0.5181,166107.84,0.001241,-166136.4204243343,166136.4204243343,"(-595110.726, -127708.19]"
750,106.86,-15.04,-22.22,-1439892.61,80646.93,-1359245.68,-4.2398,1359245.68,0.010686,-1359282.1217789038,1359282.1217789038,"(-1529915.797, -1062513.261]"
751,75.23,-53.4,-14.21,-1013698.93,39971.05,-973727.88,-3.0373,973727.88,0.007523,-973748.0028990749,973748.0028990749,"(-1062513.261, -595110.726]"
752,-51.14,-33.59,75.54,689079.25,18469.96,707549.21,2.207,707549.21,-0.0051140000000000005,707580.5756367319,-707580.5756367319,"(339694.345, 807096.881]"
753,170.0,32.92,27.35,-2290785.24,204125.09,-2086660.15,-6.5087,2086660.15,0.017,-2086625.0729128937,2086625.0729128937,"(-2464720.868, -1997318.332]"
754,130.07,67.46,-57.15,-1752682.92,119490.77,-1633192.16,-5.0943,1633192.16,0.013007,-1633196.039346752,1633196.039346752,"(-1997318.332, -1529915.797]"
755,25.45,80.57,45.96,-342916.49,4574.09,-338342.4,-1.0554,338342.4,0.002545,-338362.9019805749,338362.9019805749,"(-595110.726, -127708.19]"
756,-80.31,50.12,-37.88,1082237.55,45558.86,1127796.4,3.5178,1127796.4,-0.008031,1127726.7657312406,-1127726.7657312406,"(807096.881, 1274499.417]"
757,-55.78,87.52,15.06,751667.14,21977.52,773644.67,2.4132,773644.67,-0.0055780000000000005,773608.3047192255,-773608.3047192255,"(339694.345, 807096.881]"
758,-30.81,49.44,4.04,415139.41,6703.72,421843.13,1.3158,421843.13,-0.003081,421867.75155386276,-421867.75155386276,"(339694.345, 807096.881]"
759,-100.07,26.52,-17.31,1348461.51,70730.18,1419191.68,4.4268,1419191.68,-0.010006999999999999,1419166.0606712638,-1419166.0606712638,"(1274499.417, 1741901.952]"
760,81.24,72.48,21.08,-1094694.58,46613.7,-1048080.88,-3.2692,1048080.88,0.008124,-1048090.6554381849,1048090.6554381849,"(-1062513.261, -595110.726]"
761,-45.74,110.91,-11.43,616330.2,14775.92,631106.12,1.9686,631106.12,-0.004574,631120.880244846,-631120.880244846,"(339694.345, 807096.881]"
762,-120.12,36.19,15.22,1618663.37,101915.61,1720578.98,5.3669,1720578.98,-0.012012,1720520.0643975711,-1720520.0643975711,"(1274499.417, 1741901.952]"
763,51.4,-96.87,66.05,-692672.73,18663.1,-674009.62,-2.1024,674009.62,0.00514,-673952.7424347053,673952.7424347053,"(-1062513.261, -595110.726]"
764,77.89,-24.3,41.24,-1049626.38,42854.57,-1006771.82,-3.1403,1006771.82,0.007789,-1006714.6764975942,1006714.6764975942,"(-1062513.261, -595110.726]"
765,-95.55,-25.17,-63.61,1287590.13,64488.59,1352078.73,4.2174,1352078.73,-0.009555,1352014.2727274378,-1352014.2727274378,"(1274499.417, 1741901.952]"
766,23.49,22.59,52.47,-316466.5,3895.68,-312570.83,-0.975,312570.83,0.002349,-312629.4823894717,312629.4823894717,"(-595110.726, -127708.19]"
767,48.6,68.38,-38.29,-654935.59,16684.95,-638250.65,-1.9908,638250.65,0.00486,-638200.4782937852,638200.4782937852,"(-1062513.261, -595110.726]"
768,149.96,70.34,31.46,-2020721.29,158832.9,-1861888.39,-5.8076,1861888.39,0.014996,-1861874.1136366099,1861874.1136366099,"(-1997318.332, -1529915.797]"
769,61.22,-37.75,44.99,-824976.4,26473.46,-798502.94,-2.4907,798502.94,0.006122,-798465.7505430159,798465.7505430159,"(-1062513.261, -595110.726]"
770,-16.36,8.37,8.9,220502.56,1891.28,222393.84,0.6937,222393.84,-0.0016359999999999999,222340.59421224147,-222340.59421224147,"(-127708.19, 339694.345]"
771,-69.79,44.65,14.11,940425.84,34401.45,974827.29,3.0407,974827.29,-0.006979000000000001,974817.6338028932,-974817.6338028932,"(807096.881, 1274499.417]"
772,-16.91,-45.24,-2.64,227810.81,2018.72,229829.53,0.7169,229829.53,-0.001691,229881.0578765763,-229881.0578765763,"(-127708.19, 339694.345]"
773,-51.88,11.45,-3.86,699125.18,19012.43,718137.6,2.24,718137.6,-0.005188,718090.4765845862,-718090.4765845862,"(339694.345, 807096.881]"
774,-73.86,36.9,20.48,995254.53,38529.73,1033784.26,3.2246,1033784.26,-0.007386,1033790.0335188302,-1033790.0335188302,"(807096.881, 1274499.417]"
775,-43.77,63.68,23.22,589824.76,13532.36,603357.12,1.882,603357.12,-0.004377000000000001,603329.7956768651,-603329.7956768651,"(339694.345, 807096.881]"
776,146.14,24.87,-91.05,-1969197.08,150836.34,-1818360.74,-5.6719,1818360.74,0.014613999999999999,-1818388.617567338,1818388.617567338,"(-1997318.332, -1529915.797]"
777,-20.7,-19.03,-53.96,278926.23,3026.26,281952.49,0.8795,281952.49,-0.00207,281957.8817508087,-281957.8817508087,"(-127708.19, 339694.345]"
778,41.78,-52.2,28.64,-562995.28,12329.26,-550666.02,-1.7176,550666.02,0.004178,-550654.7944322254,550654.7944322254,"(-595110.726, -127708.19]"
779,-14.38,2.58,11.38,193746.25,1460.14,195206.39,0.6089,195206.39,-0.001438,195230.3057422802,-195230.3057422802,"(-127708.19, 339694.345]"
780,34.13,-68.95,-50.92,-459924.21,8228.11,-451696.1,-1.4089,451696.1,0.0034130000000000002,-451672.8963261986,451672.8963261986,"(-595110.726, -127708.19]"
781,20.85,65.66,34.17,-280999.47,3071.42,-277928.05,-0.8669,277928.05,0.002085,-277882.37026933115,277882.37026933115,"(-595110.726, -127708.19]"
782,-9.07,-7.72,-12.54,122270.7,581.53,122852.23,0.3832,122852.23,-0.000907,122798.84405121315,-122798.84405121315,"(-127708.19, 339694.345]"
783,-82.14,-27.12,46.73,1106850.74,47654.7,1154505.44,3.6012,1154505.44,-0.008214,1154485.602150459,-1154485.602150459,"(807096.881, 1274499.417]"
784,-0.04,-7.74,14.81,604.12,0.01,604.14,0.0019,604.14,-4e-06,539.0093957322606,-539.0093957322606,"(-127708.19, 339694.345]"
785,-72.01,70.42,24.14,970362.34,36626.51,1006988.85,3.141,1006988.85,-0.007201000000000001,1006955.3900930744,-1006955.3900930744,"(807096.881, 1274499.417]"
786,-94.58,-64.33,26.11,1274459.7,63180.03,1337639.73,4.1724,1337639.73,-0.009458,1337640.9920630287,-1337640.9920630287,"(1274499.417, 1741901.952]"
787,-144.87,57.07,7.7,1952155.61,148236.96,2100392.57,6.5516,2100392.57,-0.014487,2100346.9610088384,-2100346.9610088384,"(1741901.952, 2209304.488]"
788,-120.19,87.68,22.35,1619565.34,102029.22,1721594.56,5.37,1721594.56,-0.012019,1721582.1204794324,-1721582.1204794324,"(1274499.417, 1741901.952]"
789,-179.32,-22.41,-29.08,2416385.72,227122.5,2643508.21,8.2457,2643508.21,-0.017932,2643439.5997306784,-2643439.5997306784,"(2209304.488, 2676707.023]"
790,-136.44,19.36,42.42,1838503.02,131478.98,1969982.0,6.1448,1969982.0,-0.013644,1970003.9258691224,-1970003.9258691224,"(1741901.952, 2209304.488]"
791,147.35,66.89,-1.05,-1985543.7,153350.97,-1832192.73,-5.715,1832192.73,0.014735,-1832185.1244394039,1832185.1244394039,"(-1997318.332, -1529915.797]"
792,-9.73,-41.07,8.48,131065.16,668.19,131733.35,0.4109,131733.35,-0.000973,131779.94866420023,-131779.94866420023,"(-127708.19, 339694.345]"
793,126.9,15.93,-7.39,-1709911.54,113729.97,-1596181.57,-4.9788,1596181.57,0.01269,-1596233.815043803,1596233.815043803,"(-1997318.332, -1529915.797]"
794,-35.1,-3.55,50.13,472984.7,8702.05,481686.75,1.5025,481686.75,-0.00351,481672.3502047127,-481672.3502047127,"(339694.345, 807096.881]"
795,44.49,13.08,-23.47,-599526.05,13981.18,-585544.88,-1.8264,585544.88,0.004449,-585520.6758965445,585520.6758965445,"(-595110.726, -127708.19]"
796,248.33,64.99,72.65,-3346275.2,435562.96,-2910712.24,-9.0791,2910712.24,0.024833,-2910683.586013664,2910683.586013664,"(-2932123.404, -2464720.868]"
797,-41.22,-31.66,69.41,555468.74,12001.81,567470.56,1.7701,567470.56,-0.004122,567437.9709784202,-567437.9709784202,"(339694.345, 807096.881]"
798,69.06,34.41,-14.1,-930587.07,33685.4,-896901.68,-2.7976,896901.68,0.006906,-896895.3996176033,896895.3996176033,"(-1062513.261, -595110.726]"
799,-53.64,-5.84,-25.95,722747.21,20318.91,743066.12,2.3178,743066.12,-0.005364,743118.074368879,-743118.074368879,"(339694.345, 807096.881]"
800,5.2,143.53,-54.06,-70064.23,190.95,-69873.28,-0.2179,69873.28,0.0005200000000000001,-69878.7724685985,69878.7724685985,"(-127708.19, 339694.345]"
801,-93.92,-36.98,-16.81,1265531.31,62297.9,1327829.21,4.1418,1327829.21,-0.009392,1327868.8323165772,-1327868.8323165772,"(1274499.417, 1741901.952]"
802,-136.34,13.14,2.28,1837234.43,131297.6,1968532.03,6.1403,1968532.03,-0.013634,1968463.7697686767,-1968463.7697686767,"(1741901.952, 2209304.488]"
803,123.91,76.51,3.49,-1669739.78,108448.92,-1561290.86,-4.87,1561290.86,0.012391,-1561240.3054271105,1561240.3054271105,"(-1997318.332, -1529915.797]"
804,52.41,-63.38,-12.91,-706208.21,19399.62,-686808.59,-2.1423,686808.59,0.005241,-686821.9162417707,686821.9162417707,"(-1062513.261, -595110.726]"
805,-27.68,79.61,-33.44,373021.24,5412.46,378433.7,1.1804,378433.7,-0.002768,378398.1255717144,-378398.1255717144,"(339694.345, 807096.881]"
806,59.46,-4.85,43.36,-801238.22,24971.86,-776266.35,-2.4213,776266.35,0.005946,-776249.9645236362,776249.9645236362,"(-1062513.261, -595110.726]"
807,57.18,47.2,42.38,-770445.18,23089.32,-747355.86,-2.3312,747355.86,0.005718,-747405.3660713919,747405.3660713919,"(-1062513.261, -595110.726]"
808,-51.12,25.86,-6.12,688882.57,18459.42,707341.99,2.2064,707341.99,-0.005111999999999999,707296.631615328,-707296.631615328,"(339694.345, 807096.881]"
809,40.37,67.51,-5.17,-543976.48,11510.33,-532466.15,-1.6609,532466.15,0.004037,-532473.2139576629,532473.2139576629,"(-595110.726, -127708.19]"
810,140.56,-48.29,-37.63,-1894079.01,139548.06,-1754530.95,-5.4728,1754530.95,0.014056,-1754497.4576658015,1754497.4576658015,"(-1997318.332, -1529915.797]"
811,-133.07,-28.12,-17.91,1793059.25,125059.57,1918118.82,5.983,1918118.82,-0.013307,1918178.497362683,-1918178.497362683,"(1741901.952, 2209304.488]"
812,-4.29,18.95,-23.56,57868.32,130.26,57998.58,0.1809,57998.58,-0.000429,57937.531399191,-57937.531399191,"(-127708.19, 339694.345]"
813,22.95,-47.43,22.05,-309312.99,3721.55,-305591.43,-0.9532,305591.43,0.0022949999999999997,-305530.127836919,305530.127836919,"(-595110.726, -127708.19]"
814,-16.9,-7.76,36.65,227789.03,2018.34,229807.37,0.7168,229807.37,-0.0016899999999999999,229743.92039774757,-229743.92039774757,"(-127708.19, 339694.345]"
815,-41.19,-46.76,-6.19,554996.85,11981.43,566978.29,1.7685,566978.29,-0.004118999999999999,567016.2608831013,-567016.2608831013,"(339694.345, 807096.881]"
816,37.91,73.03,-28.1,-510891.43,10152.78,-500738.65,-1.5619,500738.65,0.0037909999999999997,-500684.9187633872,500684.9187633872,"(-595110.726, -127708.19]"
817,108.45,71.13,-2.02,-1461419.58,83076.36,-1378343.22,-4.2993,1378343.22,0.010845,-1378289.3739841357,1378289.3739841357,"(-1529915.797, -1062513.261]"
818,44.91,35.15,-2.73,-605093.3,14242.04,-590851.25,-1.843,590851.25,0.004490999999999999,-590914.9593977398,590914.9593977398,"(-595110.726, -127708.19]"
819,166.78,-26.07,26.18,-2247328.79,196453.99,-2050874.79,-6.3971,2050874.79,0.016678,-2050894.9214828967,2050894.9214828967,"(-2464720.868, -1997318.332]"
820,85.64,47.29,-28.19,-1154053.71,51805.95,-1102247.76,-3.4381,1102247.76,0.008564,-1102194.3810576007,1102194.3810576007,"(-1529915.797, -1062513.261]"
821,15.66,-21.0,-22.76,-210961.95,1731.15,-209230.79,-0.6526,209230.79,0.0015660000000000001,-209285.6880341529,209285.6880341529,"(-595110.726, -127708.19]"
822,105.95,-7.94,23.37,-1427641.06,79280.37,-1348360.68,-4.2058,1348360.68,0.010595,-1348387.689288773,1348387.689288773,"(-1529915.797, -1062513.261]"
823,25.47,9.14,-20.75,-343249.09,4582.96,-338666.13,-1.0564,338666.13,0.002547,-338625.2082052706,338625.2082052706,"(-595110.726, -127708.19]"
824,151.95,38.21,49.26,-2047582.71,163083.69,-1884499.02,-5.8782,1884499.02,0.015194999999999998,-1884445.8925363733,1884445.8925363733,"(-1997318.332, -1529915.797]"
825,-77.27,-79.25,-58.78,1041158.99,42165.94,1083324.92,3.3791,1083324.92,-0.0077269999999999995,1083379.4925030107,-1083379.4925030107,"(807096.881, 1274499.417]"
826,-65.95,-54.84,23.08,888681.75,30719.93,919401.68,2.8678,919401.68,-0.006595,919392.3570211931,-919392.3570211931,"(807096.881, 1274499.417]"
827,-8.67,76.05,-10.06,116810.19,530.75,117340.93,0.366,117340.93,-0.000867,117358.74500161604,-117358.74500161604,"(-127708.19, 339694.345]"
828,-142.51,40.43,30.34,1920316.34,143440.96,2063757.3,6.4373,2063757.3,-0.014251,2063755.918922583,-2063755.918922583,"(1741901.952, 2209304.488]"
829,-24.39,111.28,-18.5,328613.72,4200.48,332814.2,1.0381,332814.2,-0.002439,332855.59052853705,-332855.59052853705,"(-127708.19, 339694.345]"
830,-73.78,12.96,-44.5,994128.84,38442.62,1032571.46,3.2208,1032571.46,-0.007378,1032628.6164039788,-1032628.6164039788,"(807096.881, 1274499.417]"
831,-96.36,27.18,-26.01,1298491.5,65585.2,1364076.7,4.2548,1364076.7,-0.009636,1364026.886213377,-1364026.886213377,"(1274499.417, 1741901.952]"
832,34.98,-40.32,4.82,-471364.82,8642.55,-462722.27,-1.4433,462722.27,0.003498,-462711.7083709379,462711.7083709379,"(-595110.726, -127708.19]"
833,115.93,-17.79,-13.4,-1562101.64,94917.48,-1467184.16,-4.5765,1467184.16,0.011593000000000001,-1467227.9688101285,1467227.9688101285,"(-1529915.797, -1062513.261]"
834,-222.48,9.45,42.25,2997870.02,349585.35,3347455.38,10.4414,3347455.38,-0.022248,3347500.5653874036,-3347500.5653874036,"(3144109.559, 3611512.095]"
835,72.99,22.19,7.47,-983472.3,37622.87,-945849.43,-2.9503,945849.43,0.007298999999999999,-945909.0715341956,945909.0715341956,"(-1062513.261, -595110.726]"
836,-191.57,-13.24,-8.97,2581357.67,259193.44,2840551.11,8.8603,2840551.11,-0.019157,2840597.210049032,-2840597.210049032,"(2676707.023, 3144109.559]"
837,2.77,22.13,-11.23,-37380.29,54.35,-37325.94,-0.1164,37325.94,0.000277,-37271.425423281515,37271.425423281515,"(-127708.19, 339694.345]"
838,-19.16,-25.73,67.36,258198.11,2593.19,260791.3,0.8135,260791.3,-0.001916,260772.90528735812,-260772.90528735812,"(-127708.19, 339694.345]"
839,5.26,-6.84,42.75,-70830.22,195.15,-70635.07,-0.2203,70635.07,0.000526,-70682.83695652838,70682.83695652838,"(-127708.19, 339694.345]"
840,-47.9,24.68,-6.69,645420.11,16203.64,661623.75,2.0637,661623.75,-0.00479,661655.3296392029,-661655.3296392029,"(339694.345, 807096.881]"
841,-152.01,1.05,-16.42,2048327.11,163202.29,2211529.4,6.8982,2211529.4,-0.015201,2211529.4422089164,-2211529.4422089164,"(2209304.488, 2676707.023]"
842,-110.48,5.93,3.54,1488707.63,86207.78,1574915.41,4.9125,1574915.41,-0.011048,1574920.8850428832,-1574920.8850428832,"(1274499.417, 1741901.952]"
843,69.26,87.76,31.53,-933260.24,33879.2,-899381.04,-2.8054,899381.04,0.006926000000000001,-899395.0029644256,899395.0029644256,"(-1062513.261, -595110.726]"
844,4.82,-44.94,-5.91,-64910.17,163.89,-64746.28,-0.202,64746.28,0.000482,-64785.183133823775,64785.183133823775,"(-127708.19, 339694.345]"
845,147.03,-2.67,99.16,-1981179.75,152677.62,-1828502.13,-5.7035,1828502.13,0.014703,-1828538.47296925,1828538.47296925,"(-1997318.332, -1529915.797]"
846,-180.48,71.41,-15.44,2431942.03,230056.27,2661998.3,8.3033,2661998.3,-0.018047999999999998,2662018.3588052387,-2662018.3588052387,"(2209304.488, 2676707.023]"
847,105.28,14.35,33.91,-1418660.34,78286.07,-1340374.27,-4.1809,1340374.27,0.010528000000000001,-1340359.0369690203,1340359.0369690203,"(-1529915.797, -1062513.261]"
848,201.16,9.31,-64.68,-2710626.39,285803.11,-2424823.27,-7.5635,2424823.27,0.020116,-2424820.101190943,2424820.101190943,"(-2464720.868, -1997318.332]"
849,43.52,42.58,18.74,-586427.85,13376.94,-573050.91,-1.7875,573050.91,0.004352,-573052.9268527952,573052.9268527952,"(-595110.726, -127708.19]"
850,69.38,55.52,11.03,-934875.23,33996.56,-900878.67,-2.81,900878.67,0.006938,-900894.4937584591,900894.4937584591,"(-1062513.261, -595110.726]"
851,126.71,116.08,-23.74,-1707412.25,113397.75,-1594014.51,-4.9721,1594014.51,0.012671,-1594013.9046534155,1594013.9046534155,"(-1997318.332, -1529915.797]"
852,128.32,47.91,-50.97,-1729122.74,116299.88,-1612822.86,-5.0307,1612822.86,0.012832,-1612808.5771526564,1612808.5771526564,"(-1997318.332, -1529915.797]"
853,51.88,-32.25,-23.4,-699059.04,19008.83,-680050.21,-2.1212,680050.21,0.005188,-680070.5822252687,680070.5822252687,"(-1062513.261, -595110.726]"
854,8.3,70.61,0.59,-111844.64,486.58,-111358.06,-0.3473,111358.06,0.0008300000000000001,-111355.54389446879,111355.54389446879,"(-127708.19, 339694.345]"
855,-177.75,70.18,68.46,2395121.71,223142.76,2618264.47,8.1669,2618264.47,-0.017775,2618324.4824441224,-2618324.4824441224,"(2209304.488, 2676707.023]"
856,-108.95,-105.3,-6.18,1468116.55,83839.5,1551956.06,4.8409,1551956.06,-0.010895,1551933.0066862123,-1551933.0066862123,"(1274499.417, 1741901.952]"
857,194.04,-41.69,5.98,-2614745.21,265941.67,-2348803.55,-7.3264,2348803.55,0.019403999999999998,-2348752.1025097067,2348752.1025097067,"(-2464720.868, -1997318.332]"
858,-28.05,55.5,1.23,377965.02,5556.88,383521.9,1.1963,383521.9,-0.002805,383529.494957922,-383529.494957922,"(339694.345, 807096.881]"
859,-14.24,22.72,-28.16,191928.36,1432.87,193361.23,0.6031,193361.23,-0.001424,193315.5129172161,-193315.5129172161,"(-127708.19, 339694.345]"
860,129.69,-5.45,2.31,-1747605.05,118799.39,-1628805.66,-5.0806,1628805.66,0.012969,-1628772.7244841468,1628772.7244841468,"(-1997318.332, -1529915.797]"
861,-60.17,13.97,-63.1,810816.59,25572.48,836389.07,2.6089,836389.07,-0.006017,836358.4893157997,-836358.4893157997,"(807096.881, 1274499.417]"
862,-38.89,-93.58,35.28,524023.42,10681.42,534704.84,1.6679,534704.84,-0.003889,534723.0034749658,-534723.0034749658,"(339694.345, 807096.881]"
863,171.14,3.72,-0.03,-2306158.36,206873.99,-2099284.37,-6.5481,2099284.37,0.017113999999999997,-2099239.772807686,2099239.772807686,"(-2464720.868, -1997318.332]"
864,112.8,-33.52,20.29,-1519981.67,89867.85,-1430113.82,-4.4608,1430113.82,0.01128,-1430107.8496002462,1430107.8496002462,"(-1529915.797, -1062513.261]"
865,96.62,-38.86,-11.04,-1301995.88,65939.68,-1236056.19,-3.8555,1236056.19,0.009662,-1236015.0459245786,1236015.0459245786,"(-1529915.797, -1062513.261]"
866,299.21,-29.88,-26.84,-4031810.81,632306.9,-3399503.91,-10.6038,3399503.91,0.029921,-3399525.939193036,3399525.939193036,"(-3408873.99, -2932123.404]"
867,105.8,63.84,62.18,-1425584.52,79052.13,-1346532.39,-4.2001,1346532.39,0.010579999999999999,-1346590.7807177603,1346590.7807177603,"(-1529915.797, -1062513.261]"
868,7.57,-6.14,-14.06,-101997.63,404.68,-101592.95,-0.3169,101592.95,0.0007570000000000001,-101600.65266857024,101600.65266857024,"(-127708.19, 339694.345]"
869,-11.65,26.14,-23.67,157031.5,959.18,157990.68,0.4928,157990.68,-0.001165,157941.7850611488,-157941.7850611488,"(-127708.19, 339694.345]"
870,42.69,72.61,8.77,-575248.55,12871.78,-562376.77,-1.7542,562376.77,0.004268999999999999,-562374.0948211813,562374.0948211813,"(-595110.726, -127708.19]"
871,240.22,-40.39,15.0,-3236900.43,407555.08,-2829345.35,-8.8253,2829345.35,0.024021999999999998,-2829385.790203942,2829385.790203942,"(-2932123.404, -2464720.868]"
872,-5.38,-58.36,2.41,72549.72,204.74,72754.46,0.2269,72754.46,-0.000538,72699.67421991171,-72699.67421991171,"(-127708.19, 339694.345]"
873,-21.72,-23.74,0.36,292608.91,3330.45,295939.36,0.9231,295939.36,-0.002172,296007.93209435494,-296007.93209435494,"(-127708.19, 339694.345]"
874,-174.1,-65.05,28.4,2346030.74,214089.33,2560120.07,7.9856,2560120.07,-0.01741,2560070.4027639516,-2560070.4027639516,"(2209304.488, 2676707.023]"
875,-9.52,-93.33,51.16,128228.45,639.58,128868.03,0.402,128868.03,-0.0009519999999999999,128921.6570283086,-128921.6570283086,"(-127708.19, 339694.345]"
876,184.86,6.88,-15.02,-2490947.46,241355.26,-2249592.2,-7.017,2249592.2,0.018486000000000002,-2249618.8210957153,2249618.8210957153,"(-2464720.868, -1997318.332]"
877,-9.24,6.88,-3.93,124546.38,603.38,125149.76,0.3904,125149.76,-0.000924,125111.57053902092,-125111.57053902092,"(-127708.19, 339694.345]"
878,-29.96,25.48,-27.88,403688.61,6339.0,410027.6,1.279,410027.6,-0.002996,410049.21321294835,-410049.21321294835,"(339694.345, 807096.881]"
879,-10.41,-3.64,-24.24,140238.73,765.0,141003.73,0.4398,141003.73,-0.001041,141039.64364605656,-141039.64364605656,"(-127708.19, 339694.345]"
880,10.11,45.96,15.75,-136214.83,721.73,-135493.1,-0.4226,135493.1,0.001011,-135509.8581680258,135509.8581680258,"(-595110.726, -127708.19]"
881,-119.48,-54.44,9.42,1610053.28,100834.26,1710887.54,5.3366,1710887.54,-0.011948,1710813.0467297847,-1710813.0467297847,"(1274499.417, 1741901.952]"
882,74.94,29.33,15.52,-1009822.18,39665.91,-970156.27,-3.0261,970156.27,0.007494,-970147.8495856741,970147.8495856741,"(-1062513.261, -595110.726]"
883,-44.94,-70.59,-30.69,605533.28,14262.76,619796.04,1.9333,619796.04,-0.004494,619828.5497806233,-619828.5497806233,"(339694.345, 807096.881]"
884,48.8,4.76,-13.7,-657541.78,16818.0,-640723.78,-1.9986,640723.78,0.00488,-640757.8841371012,640757.8841371012,"(-1062513.261, -595110.726]"
885,-16.83,-68.2,22.16,226837.01,2001.5,228838.51,0.7138,228838.51,-0.0016829999999999998,228783.99759799705,-228783.99759799705,"(-127708.19, 339694.345]"
886,182.07,-19.57,-12.33,-2453351.39,234124.65,-2219226.74,-6.9222,2219226.74,0.018207,-2219254.205108701,2219254.205108701,"(-2464720.868, -1997318.332]"
887,73.63,34.78,-2.93,-992226.18,38295.61,-953930.57,-2.9755,953930.57,0.007363,-953870.284299089,953870.284299089,"(-1062513.261, -595110.726]"
888,64.6,5.73,4.5,-870469.02,29473.67,-840995.34,-2.6232,840995.34,0.00646,-841007.4531987482,841007.4531987482,"(-1062513.261, -595110.726]"
889,62.19,94.98,-26.74,-838050.79,27319.22,-810731.57,-2.5288,810731.57,0.006219,-810690.974889234,810690.974889234,"(-1062513.261, -595110.726]"
890,83.33,-43.12,-79.9,-1122835.6,49041.07,-1073794.52,-3.3494,1073794.52,0.008333,-1073824.023918847,1073824.023918847,"(-1529915.797, -1062513.261]"
891,18.59,51.86,29.34,-250507.86,2441.01,-248066.85,-0.7738,248066.85,0.001859,-248058.5222292682,248058.5222292682,"(-595110.726, -127708.19]"
892,39.68,22.88,4.62,-534751.94,11123.27,-523628.67,-1.6333,523628.67,0.003968,-523565.61069622246,523565.61069622246,"(-595110.726, -127708.19]"
893,-156.68,90.48,-5.4,2111251.71,173383.46,2284635.17,7.1263,2284635.17,-0.015668,2284639.172632628,-2284639.172632628,"(2209304.488, 2676707.023]"
894,-73.14,25.04,-11.64,985502.25,37778.34,1023280.58,3.1918,1023280.58,-0.007314,1023340.5340538874,-1023340.5340538874,"(807096.881, 1274499.417]"
895,146.97,0.25,-10.7,-1980466.66,152567.74,-1827898.92,-5.7016,1827898.92,0.014697,-1827854.5647852484,1827854.5647852484,"(-1997318.332, -1529915.797]"
896,73.8,-12.86,40.24,-994466.12,38468.71,-955997.41,-2.982,955997.41,0.007379999999999999,-955984.0088830962,955984.0088830962,"(-1062513.261, -595110.726]"
897,-69.18,16.04,-27.02,932159.79,33799.35,965959.14,3.013,965959.14,-0.0069180000000000005,965999.1816823103,-965999.1816823103,"(807096.881, 1274499.417]"
898,4.94,56.83,28.76,-66518.71,172.11,-66346.6,-0.2069,66346.6,0.0004940000000000001,-66393.90539043938,66393.90539043938,"(-127708.19, 339694.345]"
899,-70.15,-78.28,19.38,945227.4,34753.63,979981.03,3.0568,979981.03,-0.007015,980024.4325547819,-980024.4325547819,"(807096.881, 1274499.417]"
900,69.06,30.36,-45.97,-930633.37,33688.75,-896944.63,-2.7978,896944.63,0.006906,-896895.3996176033,896895.3996176033,"(-1062513.261, -595110.726]"
901,-115.53,-36.11,1.78,1556801.27,94274.44,1651075.71,5.1501,1651075.71,-0.011553,1651030.6003559744,-1651030.6003559744,"(1274499.417, 1741901.952]"
902,80.14,-18.43,-6.48,-1079906.31,45362.79,-1034543.52,-3.227,1034543.52,0.008014,-1034521.9936931811,1034521.9936931811,"(-1062513.261, -595110.726]"
903,110.61,43.66,-6.97,-1490481.53,86413.35,-1404068.18,-4.3796,1404068.18,0.011061,-1404053.3375755057,1404053.3375755057,"(-1529915.797, -1062513.261]"
904,-17.29,101.74,-12.31,232917.88,2110.25,235028.13,0.7331,235028.13,-0.0017289999999999999,235093.3287888289,-235093.3287888289,"(-127708.19, 339694.345]"
905,26.91,-29.84,-12.89,-362603.1,5114.35,-357488.75,-1.1151,357488.75,0.002691,-357496.4074135922,357496.4074135922,"(-595110.726, -127708.19]"
906,15.23,64.87,-14.9,-205222.73,1638.24,-203584.48,-0.635,203584.48,0.001523,-203585.27244341266,203585.27244341266,"(-595110.726, -127708.19]"
907,-36.04,53.75,2.56,485602.34,9172.53,494774.87,1.5433,494774.87,-0.003604,494811.1106000527,-494811.1106000527,"(339694.345, 807096.881]"
908,-123.21,14.88,12.9,1660202.2,107213.53,1767415.73,5.513,1767415.73,-0.012320999999999999,1767468.1635511278,-1767468.1635511278,"(1741901.952, 2209304.488]"
909,-137.33,38.76,39.34,1850503.77,133201.03,1983704.8,6.1876,1983704.8,-0.013733,1983717.5382544454,-1983717.5382544454,"(1741901.952, 2209304.488]"
910,-106.29,36.39,-31.66,1432203.99,79787.96,1511991.95,4.7162,1511991.95,-0.010629000000000001,1512045.871279498,-1512045.871279498,"(1274499.417, 1741901.952]"
911,-54.82,39.08,-10.27,738656.01,21223.26,759879.27,2.3702,759879.27,-0.005482,759922.443560381,-759922.443560381,"(339694.345, 807096.881]"
912,-36.41,-52.86,13.46,490583.82,9361.69,499945.5,1.5594,499945.5,-0.0036409999999999997,499986.17370135157,-499986.17370135157,"(339694.345, 807096.881]"
913,-244.07,-18.36,4.61,3288805.4,420730.49,3709535.89,11.5708,3709535.89,-0.024406999999999998,3709567.7277139337,-3709567.7277139337,"(3611512.095, 4078914.63]"
914,-58.46,-19.78,77.63,787688.59,24134.41,811823.0,2.5323,811823.0,-0.0058460000000000005,811883.5667927734,-811883.5667927734,"(807096.881, 1274499.417]"
915,-61.59,121.03,74.62,829939.55,26792.95,856732.5,2.6723,856732.5,-0.006159,856714.0855988918,-856714.0855988918,"(807096.881, 1274499.417]"
916,99.92,33.69,51.23,-1346392.97,70513.34,-1275879.63,-3.9797,1275879.63,0.009992000000000001,-1275901.540927044,1275901.540927044,"(-1529915.797, -1062513.261]"
917,-123.25,1.93,-11.8,1660812.0,107292.31,1768104.31,5.5151,1768104.31,-0.012325,1768076.7902058335,-1768076.7902058335,"(1741901.952, 2209304.488]"
918,-3.34,-55.15,13.65,45033.62,78.89,45112.51,0.1407,45112.51,-0.000334,45085.13145424398,-45085.13145424398,"(-127708.19, 339694.345]"
919,-91.9,-19.03,-15.97,1238314.51,59647.13,1297961.64,4.0486,1297961.64,-0.00919,1297998.3365035153,-1297998.3365035153,"(1274499.417, 1741901.952]"
920,-42.48,65.11,0.88,572428.91,12745.91,585174.81,1.8253,585174.81,-0.004248,585161.2749644389,-585161.2749644389,"(339694.345, 807096.881]"
921,-11.17,-3.65,32.42,150506.77,881.13,151387.9,0.4722,151387.9,-0.001117,151396.44410883536,-151396.44410883536,"(-127708.19, 339694.345]"
922,-51.99,-79.82,-1.15,700624.44,19094.06,719718.49,2.245,719718.49,-0.0051990000000000005,719653.4195359,-719653.4195359,"(339694.345, 807096.881]"
923,-10.85,97.67,-6.81,146261.71,832.13,147093.84,0.4588,147093.84,-0.001085,147034.6915676917,-147034.6915676917,"(-127708.19, 339694.345]"
924,75.75,26.09,14.54,-1020697.24,40524.86,-980172.38,-3.0574,980172.38,0.007575,-980200.4753404371,980200.4753404371,"(-1062513.261, -595110.726]"
925,-81.24,-8.7,-45.77,1094656.22,46610.43,1141266.65,3.5599,1141266.65,-0.008124,1141319.607046638,-1141319.607046638,"(807096.881, 1274499.417]"
926,-183.53,-4.63,15.78,2473034.9,237896.54,2710931.44,8.456,2710931.44,-0.018353,2710958.3729667175,-2710958.3729667175,"(2676707.023, 3144109.559]"
927,22.76,-11.62,89.88,-306743.27,3659.97,-303083.3,-0.9454,303083.3,0.0022760000000000002,-303031.22717111674,303031.22717111674,"(-595110.726, -127708.19]"
928,-37.8,6.18,14.44,509415.57,10094.2,519509.77,1.6205,519509.77,-0.0037799999999999995,519444.90556952497,-519444.90556952497,"(339694.345, 807096.881]"
929,-84.16,-56.89,26.17,1134057.9,50026.27,1184084.17,3.6934,1184084.17,-0.008416,1184077.6063264562,-1184077.6063264562,"(807096.881, 1274499.417]"
930,-15.39,97.96,-20.57,207314.38,1671.81,208986.19,0.6519,208986.19,-0.001539,209052.37178497942,-209052.37178497942,"(-127708.19, 339694.345]"
931,-4.72,26.67,20.13,63573.75,157.21,63730.96,0.1988,63730.96,-0.000472,63759.12458430318,-63759.12458430318,"(-127708.19, 339694.345]"
932,-49.84,69.82,-3.89,671600.17,17544.83,689145.0,2.1496,689145.0,-0.004984000000000001,689135.9668547494,-689135.9668547494,"(339694.345, 807096.881]"
933,93.53,3.06,-2.97,-1260292.17,61783.16,-1198509.01,-3.7384,1198509.01,0.009353,-1198527.32542404,1198527.32542404,"(-1529915.797, -1062513.261]"
934,-80.39,-0.33,5.32,1083308.75,45649.09,1128957.84,3.5215,1128957.84,-0.008039,1128895.562128635,-1128895.562128635,"(807096.881, 1274499.417]"
935,-110.68,-84.03,36.81,1491360.33,86515.28,1577875.61,4.9217,1577875.61,-0.011068000000000001,1577928.2802137407,-1577928.2802137407,"(1274499.417, 1741901.952]"
936,-49.47,-13.07,-45.12,666545.41,17281.73,683827.14,2.133,683827.14,-0.004947,683890.7115771731,-683890.7115771731,"(339694.345, 807096.881]"
937,72.69,-12.92,-28.66,-979441.89,37315.13,-942126.76,-2.9387,942126.76,0.007268999999999999,-942175.2613224002,942175.2613224002,"(-1062513.261, -595110.726]"
938,-97.03,14.69,31.19,1307509.56,66499.35,1374008.91,4.2858,1374008.91,-0.009703,1373970.2490546256,-1373970.2490546256,"(1274499.417, 1741901.952]"
939,-30.38,30.16,-40.65,409391.2,6519.36,415910.56,1.2973,415910.56,-0.003038,415887.68601601047,-415887.68601601047,"(339694.345, 807096.881]"
940,-143.92,-43.04,19.91,1939301.55,146291.24,2085592.79,6.5054,2085592.79,-0.014391999999999999,2085608.0553920402,-2085608.0553920402,"(1741901.952, 2209304.488]"
941,-13.5,-52.91,20.43,181846.59,1286.29,183132.88,0.5712,183132.88,-0.00135,183199.064466022,-183199.064466022,"(-127708.19, 339694.345]"
942,91.68,-55.44,0.84,-1235352.95,59362.17,-1175990.78,-3.6682,1175990.78,0.009168,-1176018.6733835873,1176018.6733835873,"(-1529915.797, -1062513.261]"
943,24.93,-28.52,-65.11,-335994.6,4391.29,-331603.31,-1.0343,331603.31,0.002493,-331540.95688567264,331540.95688567264,"(-595110.726, -127708.19]"
944,-101.56,17.24,22.12,1368520.31,72850.1,1441370.41,4.4959,1441370.41,-0.010156,1441365.6274083226,-1441365.6274083226,"(1274499.417, 1741901.952]"
945,-76.8,96.7,18.83,1034835.99,41655.34,1076491.33,3.3578,1076491.33,-0.007679999999999999,1076534.8222654974,-1076534.8222654974,"(807096.881, 1274499.417]"
946,-138.98,10.59,15.44,1872805.11,136430.92,2009236.03,6.2672,2009236.03,-0.013897999999999999,2009171.2515756348,-2009171.2515756348,"(1741901.952, 2209304.488]"
947,-98.61,24.58,-18.64,1328744.21,68676.86,1397421.07,4.3589,1397421.07,-0.009861,1397443.8848410286,-1397443.8848410286,"(1274499.417, 1741901.952]"
948,-80.24,-4.37,-16.09,1081217.58,45473.02,1126690.6,3.5144,1126690.6,-0.008024,1126704.1430436145,-1126704.1430436145,"(807096.881, 1274499.417]"
949,0.04,-7.7,23.92,-579.19,0.01,-579.17,-0.0018,579.17,4e-06,-538.9867945606112,538.9867945606112,"(-127708.19, 339694.345]"
950,57.72,6.36,3.16,-777837.53,23534.52,-754303.0,-2.3528,754303.0,0.005772,-754243.6177633173,754243.6177633173,"(-1062513.261, -595110.726]"
951,113.2,-102.17,34.7,-1525388.21,90508.3,-1434879.91,-4.4757,1434879.91,0.01132,-1434859.3474526124,1434859.3474526124,"(-1529915.797, -1062513.261]"
952,126.6,-13.08,70.43,-1705868.5,113192.78,-1592675.72,-4.9679,1592675.72,0.01266,-1592728.460300187,1592728.460300187,"(-1997318.332, -1529915.797]"
953,-143.69,-51.95,53.04,1936261.37,145832.93,2082094.3,6.4945,2082094.3,-0.014369,2082041.605630897,-2082041.605630897,"(1741901.952, 2209304.488]"
954,10.45,-89.08,-14.58,-140823.6,771.4,-140052.2,-0.4369,140052.2,0.001045,-140041.96971730219,140041.96971730219,"(-595110.726, -127708.19]"
955,25.35,-16.83,32.48,-341575.61,4538.38,-337037.22,-1.0513,337037.22,0.002535,-337051.2861027023,337051.2861027023,"(-595110.726, -127708.19]"
956,129.59,71.7,-34.51,-1746215.02,118610.48,-1627604.54,-5.0768,1627604.54,0.012959,-1627608.3552395708,1627608.3552395708,"(-1997318.332, -1529915.797]"
957,-40.28,53.42,1.46,542795.97,11460.43,554256.4,1.7288,554256.4,-0.004028,554230.429567458,-554230.429567458,"(339694.345, 807096.881]"
958,125.14,-6.86,37.35,-1686297.07,110610.36,-1575686.72,-4.9149,1575686.72,0.012514,-1575650.9184737557,1575650.9184737557,"(-1997318.332, -1529915.797]"
959,29.91,2.0,-13.41,-403095.48,6320.38,-396775.1,-1.2376,396775.1,0.002991,-396717.3283872711,396717.3283872711,"(-595110.726, -127708.19]"
960,-12.88,39.17,-20.34,173541.17,1171.47,174712.65,0.545,174712.65,-0.001288,174729.07657780524,-174729.07657780524,"(-127708.19, 339694.345]"
961,71.27,0.27,4.32,-960399.37,35878.26,-924521.11,-2.8838,924521.11,0.007127,-924484.6426423074,924484.6426423074,"(-1062513.261, -595110.726]"
962,97.61,-24.85,19.65,-1315277.89,67291.88,-1247986.01,-3.8927,1247986.01,0.009761,-1247997.146493895,1247997.146493895,"(-1529915.797, -1062513.261]"
963,133.86,-35.87,-18.39,-1803770.39,126558.16,-1677212.23,-5.2316,1677212.23,0.013386000000000002,-1677201.1612947597,1677201.1612947597,"(-1997318.332, -1529915.797]"
964,-146.07,47.41,-20.23,1968342.96,150705.53,2119048.49,6.6098,2119048.49,-0.014606999999999998,2118982.748193119,-2118982.748193119,"(1741901.952, 2209304.488]"
965,71.19,-2.07,23.5,-959322.03,35797.81,-923524.22,-2.8807,923524.22,0.0071189999999999995,-923487.1405248443,923487.1405248443,"(-1062513.261, -595110.726]"
966,-21.98,39.98,12.47,296175.27,3412.13,299587.4,0.9345,299587.4,-0.002198,299591.66799789475,-299591.66799789475,"(-127708.19, 339694.345]"
967,-145.51,87.4,7.69,1960801.02,149552.85,2110353.87,6.5826,2110353.87,-0.014551,2110283.516175897,-2110283.516175897,"(1741901.952, 2209304.488]"
968,15.12,30.8,25.81,-203781.04,1615.31,-202165.74,-0.6306,202165.74,0.0015119999999999999,-202126.60706036986,202126.60706036986,"(-595110.726, -127708.19]"
969,-32.15,27.24,-56.57,433229.45,7300.68,440530.13,1.3741,440530.13,-0.003215,440520.05633122136,-440520.05633122136,"(339694.345, 807096.881]"
970,95.72,-26.93,-38.77,-1289779.73,64708.11,-1225071.62,-3.8213,1225071.62,0.009572,-1225110.2132898953,1225110.2132898953,"(-1529915.797, -1062513.261]"
971,-47.03,99.3,-4.66,633692.72,15620.15,649312.87,2.0253,649312.87,-0.004703,649348.8053118064,-649348.8053118064,"(339694.345, 807096.881]"
972,116.58,-26.72,17.27,-1570942.54,95994.92,-1474947.62,-4.6007,1474947.62,0.011658,-1474919.2663021504,1474919.2663021504,"(-1529915.797, -1062513.261]"
973,149.33,-49.39,14.42,-2012203.39,157496.67,-1854706.72,-5.7852,1854706.72,0.014933000000000002,-1854716.616118577,1854716.616118577,"(-1997318.332, -1529915.797]"
974,-193.02,85.9,-7.15,2600934.54,263139.76,2864074.3,8.9337,2864074.3,-0.019302,2864074.5371470847,-2864074.5371470847,"(2676707.023, 3144109.559]"
975,34.21,22.51,-50.59,-461028.42,8267.67,-452760.75,-1.4123,452760.75,0.003421,-452712.27841472835,452712.27841472835,"(-595110.726, -127708.19]"
976,58.69,90.79,-8.16,-790780.75,24324.27,-766456.48,-2.3907,766456.48,0.005869,-766516.7989706291,766516.7989706291,"(-1062513.261, -595110.726]"
977,80.02,34.46,-2.45,-1078248.77,45223.65,-1033025.12,-3.2222,1033025.12,0.008002,-1033040.7420446686,1033040.7420446686,"(-1062513.261, -595110.726]"
978,-55.31,-11.57,14.05,745257.45,21604.3,766861.75,2.392,766861.75,-0.005531,766906.308615469,-766906.308615469,"(339694.345, 807096.881]"
979,10.25,-46.34,-34.35,-138167.66,742.58,-137425.09,-0.4287,137425.09,0.001025,-137376.21950739154,137376.21950739154,"(-595110.726, -127708.19]"
980,4.17,66.86,-6.91,-56189.62,122.81,-56066.8,-0.1749,56066.8,0.000417,-56067.735945986,56067.735945986,"(-127708.19, 339694.345]"
981,-35.66,-20.64,63.55,480475.4,8979.87,489455.27,1.5267,489455.27,-0.0035659999999999997,489498.1938452984,-489498.1938452984,"(339694.345, 807096.881]"
982,-77.73,-46.87,25.37,1047407.24,42673.55,1090080.79,3.4002,1090080.79,-0.007773,1090081.5529530102,-1090081.5529530102,"(807096.881, 1274499.417]"
983,-113.05,-14.04,-21.14,1523366.77,90268.58,1613635.35,5.0333,1613635.35,-0.011304999999999999,1613608.9321997736,-1613608.9321997736,"(1274499.417, 1741901.952]"
984,-16.31,68.53,23.84,219823.95,1879.65,221703.6,0.6915,221703.6,-0.0016309999999999999,221655.30940146794,-221655.30940146794,"(-127708.19, 339694.345]"
985,-170.66,-14.59,7.93,2299608.54,205700.55,2505309.09,7.8146,2505309.09,-0.017066,2505340.1881481395,-2505340.1881481395,"(2209304.488, 2676707.023]"
986,-65.22,40.44,14.82,878801.49,30040.64,908842.13,2.8349,908842.13,-0.006522,908879.3433940698,-908879.3433940698,"(807096.881, 1274499.417]"
987,56.42,93.33,-22.07,-760282.28,22484.2,-737798.09,-2.3014,737798.09,0.005642,-737774.1818747128,737774.1818747128,"(-1062513.261, -595110.726]"
988,86.23,16.13,10.79,-1161979.11,52519.95,-1109459.17,-3.4606,1109459.17,0.008623,-1109428.4050269094,1109428.4050269094,"(-1529915.797, -1062513.261]"
989,80.32,-25.01,30.45,-1082304.08,45564.46,-1036739.62,-3.2338,1036739.62,0.008032,-1036743.4897711781,1036743.4897711781,"(-1062513.261, -595110.726]"
990,-140.93,35.58,25.59,1898997.85,140273.8,2039271.65,6.3609,2039271.65,-0.014093000000000001,2039302.4940937108,-2039302.4940937108,"(1741901.952, 2209304.488]"
991,64.64,-54.45,28.49,-870971.11,29507.68,-841463.42,-2.6247,841463.42,0.006464,-841509.9391010948,841509.9391010948,"(-1062513.261, -595110.726]"
992,-43.72,8.71,20.75,589100.4,13499.15,602599.54,1.8796,602599.54,-0.004372,602625.1515500004,-602625.1515500004,"(339694.345, 807096.881]"
993,-0.94,-24.97,-5.57,12703.32,6.28,12709.6,0.0396,12709.6,-9.4e-05,12672.69598446296,-12672.69598446296,"(-127708.19, 339694.345]"
994,-52.38,-8.19,-46.04,705783.27,19376.28,725159.55,2.2619,725159.55,-0.0052380000000000005,725196.139985819,-725196.139985819,"(339694.345, 807096.881]"
995,-29.68,7.6,31.14,399998.31,6223.63,406221.94,1.2671,406221.94,-0.002968,406158.2823326704,-406158.2823326704,"(339694.345, 807096.881]"
996,81.57,-66.42,5.84,-1099154.91,46994.33,-1052160.58,-3.2819,1052160.58,0.008157,-1052157.9209951542,1052157.9209951542,"(-1062513.261, -595110.726]"
997,30.75,23.62,14.2,-414318.84,6677.24,-407641.6,-1.2715,407641.6,0.003075,-407676.40427887853,407676.40427887853,"(-595110.726, -127708.19]"
998,58.15,94.0,4.43,-783631.84,23886.46,-759745.38,-2.3698,759745.38,0.005815,-759685.9463372724,759685.9463372724,"(-1062513.261, -595110.726]"
999,-147.38,42.65,-16.19,1985996.74,153420.96,2139417.7,6.6733,2139417.7,-0.014738,2139350.03927945,-2139350.03927945,"(1741901.952, 2209304.488]"
1000,10.38,-120.08,-12.55,-139811.36,760.35,-139051.01,-0.4337,139051.01,0.001038,-139109.02141591534,139109.02141591534,"(-595110.726, -127708.19]"
