BondID,ISIN,Issuer,Sector,CreditRating,Currency,FaceValue,CouponRate,CouponFrequency,BondType,IssueDate,MaturityDate,ValuationDate,YearsToMaturity,OriginalMaturityYears,YieldToMaturity,CleanPrice,AccruedInterest,DirtyPrice,MacaulayDuration,ModifiedDuration,Convexity,DV01_Per100Face,EffectiveDuration,EffectiveConvexity,SpreadOverBenchmark_bps,OAS_bps,ZSpread_bps,KeyRateBucket,Quantity,MarketValue_LocalCcy,MarketValue_INR,PortfolioWeight,IsCallable,CallDate,IsPutable,IsFloatingRate,BenchmarkIndex,PriceChange_Up50bps,PriceChange_Dn50bps,PriceChange_Up100bps,PriceChange_Dn100bps,PriceChange_Up200bps,PriceChange_Dn200bps,CalculatedPrice,CalculatedMacaulayDuration,CalculatedModifiedDuration,CalculatedConvexity,CalculatedDV01,Price_Diff,Macaulay_Diff,Modified_Diff,Convexity_Diff,DV01_Diff,MV_Weight_Calc,DV01_Total,KRD_3M,KRD_6M,KRD_1Y,KRD_2Y,KRD_3Y,KRD_5Y,KRD_7Y,KRD_10Y,KRD_20Y,KRD_30Y,KRD_Sum,KRD_Difference,Pnl_-200bps,Pnl_-100bps,Pnl_-50bps,Pnl_50bps,Pnl_100bps,Pnl_200bps
ZTFI-0001,IN1043321819,Government of India,Government,SOV,INR,100,0.062,2,Fixed,2024-02-24,2027-02-23,2024-10-31,2.3135,3,0.0674,99.0052,0.0411,99.3134,1.9111,1.8488,4.4027,0.0183,1.8488,4.4027,0,0,8,2-3Y,100000,99005.2,99005.2,0.003088,False,,False,False,IN10YT,0.9207,-0.9098,1.8522,-1.8086,3.748,-3.5736,99.00520039031751,1.9110868658477316,1.8487828827007173,4.4026934519023,0.01830391197799734,3.9031750986850966e-07,-1.3134152268445831e-05,-1.7117299282665144e-05,-6.548097700509459e-06,3.911977997338167e-06,0.003088185270299823,1830.0,0.0,0.0,0.0,1.2692012000000001,0.5795987999999997,0.0,0.0,0.0,0.0,0.0,1.8487999999999998,-2.220446049250313e-16,3747.994314008,1852.202647302,920.6526962255001,-909.7554413744999,-1808.613627898,-3573.638236392
ZTFI-0002,IN7940265423,Government of India,Government,SOV,INR,100,0.0773,2,Fixed,2022-11-08,2045-11-02,2024-10-31,21.0048,23,0.069,109.1347,1.6378,110.3014,11.1303,10.7591,170.9441,0.1174,10.7591,170.9441,0,0,-4,20Y+,20000,21826.94,21826.94,0.000681,False,,False,False,IN10YT,6.1042,-5.6378,12.6747,-10.8091,27.215,-19.7526,109.13465440475545,11.13031231624701,10.75912258699566,170.94409294248538,0.117419312523017,-4.559524454350594e-05,1.2316247010701886e-05,2.2586995660489606e-05,-7.057514608277415e-06,1.9312523016998262e-05,0.0006808292352696425,2348.0,0.0,0.0,0.0,0.0,0.0,0.0,0.0,0.0,9.678025632,1.0810743679999995,10.7591,0.0,5443.0019258908005,2534.9416322427,1220.830983445675,-1127.551318094325,-2161.8229708373,-3950.5272802691998
ZTFI-0003,IN7816184959,Government of India,Government,SOV,INR,100,0.0555,2,Fixed,2024-02-08,2030-02-06,2024-10-31,5.2676,6,0.0674,95.019,1.367,96.2058,4.4165,4.2725,21.7752,0.0406,4.2725,21.7752,0,0,-2,5-7Y,20000,19003.8,19003.8,0.000593,False,,False,False,IN10YT,2.0557,-2.004,4.1631,-3.9562,8.5332,-7.7056,95.01903661666373,4.416548716925108,4.272563332615951,21.77523064345437,0.040597485174884984,3.6616663720678844e-05,4.871692510821646e-05,6.333261595070638e-05,3.064345436953886e-05,-2.5148251150131085e-06,0.0005927694226133958,811.9999999999999,0.0,0.0,0.0,0.0,0.0,3.7008395000000003,0.5716604999999997,0.0,0.0,0.0,4.2725,0.0,1706.637019152,832.627932288,411.14132182199995,-400.796033178,-791.2467777119999,-1541.1124008479999
ZTFI-0004,IN4752553419,Government of India,Government,SOV,INR,100,0.0681,2,Fixed,2013-10-08,2049-09-29,2024-10-31,24.9117,36,0.0667,101.6783,0.4596,103.2538,12.3379,11.9397,215.5283,0.1214,11.9397,215.5283,0,0,2,20Y+,50000,50839.15,50839.15,0.001586,False,,False,False,IN10YT,6.344,-5.7961,13.2358,-11.0444,28.6631,-19.8973,101.67834259598803,12.33786331421044,11.939675148023845,215.5283041326875,0.12140063801855727,4.2595988034577204e-05,-3.668578955995372e-05,-2.4851976155204625e-05,4.1326875077629666e-06,6.38018557277964e-07,0.0015857825062174842,6069.999999999999,0.0,0.0,0.0,0.0,0.0,0.0,0.0,0.0,6.075277551,5.864422449,11.9397,0.0,14331.539099689,6617.905771197251,3171.986940936813,-2898.0550516131875,-5522.17821390275,-9948.628870511002
ZTFI-0005,IN5030564139,Government of India,Government,SOV,INR,100,0.075,2,Fixed,2021-04-03,2043-03-29,2024-10-31,18.4066,22,0.0702,104.8627,0.8603,105.3594,10.3448,9.994,142.4173,0.1048,9.994,142.4173,0,0,2,15-20Y,200000,209725.4,209725.4,0.006542,False,,False,False,IN10YT,5.4267,-5.0533,11.2267,-9.7333,23.9468,-17.9731,104.86272545285175,10.344758530860657,9.993970177625986,142.41726651745716,0.10479949509203819,2.5452851744489635e-05,-4.1469139341998584e-05,-2.9822374013832587e-05,-3.3482542846741126e-05,-5.049079618152374e-07,0.006541786604014117,20960.0,0.0,0.0,0.0,0.0,0.0,0.0,0.0,1.5924439599999993,8.401556040000001,0.0,9.994,0.0,47893.617993884,22453.382736471,10853.33480311775,-10106.62167288225,-19466.530215528997,-35946.207910116
ZTFI-0006,IN8849696532,Government of India,Government,SOV,INR,100,0.0645,2,Fixed,2019-10-21,2026-10-19,2024-10-31,1.9658,7,0.074,98.6743,1.0118,99.9515,1.4533,1.4014,2.6741,0.0138,1.4014,2.6741,0,0,8,1-2Y,10000,9867.43,9867.43,0.000308,False,,False,False,IN10YT,0.6947,-0.6881,1.396,-1.3696,2.8184,-2.7129,98.67429033821105,1.4532865372049246,1.4014334977868126,2.67407577032624,0.013828545585031061,-9.661788951120798e-06,-1.3462795075414036e-05,3.349778681260851e-05,-2.422967376025653e-05,2.8545585031061402e-05,0.00030778637871257855,137.99999999999997,0.0,0.0,0.04792788000000001,1.35347212,0.0,0.0,0.0,0.0,0.0,0.0,1.4014,0.0,281.84162695260005,139.60148874815002,69.47091319203751,-68.8112508279625,-136.96283929185,-271.2870291274
ZTFI-0007,IN1669784801,Government of India,Government,SOV,INR,100,0.0694,2,Fixed,2013-06-15,2049-06-06,2024-10-31,24.5969,36,0.0731,95.8101,0.1935,96.5644,11.854,11.436,201.833,0.1096,11.436,201.833,0,0,9,20Y+,20000,19162.02,19162.02,0.000598,False,,False,False,IN10YT,5.7201,-5.2367,11.9237,-9.99,25.7812,-18.0462,95.81012997198758,11.853975362309587,11.435989930355106,201.83300161358414,0.1095683681585664,2.9971987572707803e-05,-2.4637690412276925e-05,-1.0069644893917484e-05,1.613584146298308e-06,-3.163184143360753e-05,0.000597704644939767,2192.0000000000005,0.0,0.0,0.0,0.0,0.0,0.0,0.0,0.0,6.178985159999998,5.257014840000002,11.436,0.0,5156.242810932,2384.745006333,1144.0284033832502,-1047.34020381675,-1997.9922080670003,-3609.2316178680003
ZTFI-0008,IN4828148932,Government of India,Government,SOV,INR,100,0.0607,2,Fixed,2018-05-28,2030-05-25,2024-10-31,5.5633,12,0.0732,94.4229,1.3938,95.3318,4.7315,4.5644,25.0647,0.0431,4.5644,25.0647,0,0,10,5-7Y,100000,94422.9,94422.9,0.002945,False,,False,False,IN10YT,2.1845,-2.1253,4.4282,-4.1915,9.093,-8.1463,94.42291054642189,4.731535527693298,4.564475716470478,25.06469569399436,0.0430991082267607,1.0546421890467172e-05,3.552769329839833e-05,7.571647047832641e-05,-4.306005639165278e-06,-8.917732393018407e-07,0.0029452534711206396,4309.999999999999,0.0,0.0,0.0,0.0,0.0,3.27883674,1.2855632599999998,0.0,0.0,0.0,4.5644,0.0,9093.014027526,4428.1729306815,2184.5029445703753,-2125.335903029625,-4191.5047645185,-8146.341362874001
ZTFI-0009,IN1543039117,Government of India,Government,SOV,INR,100,0.0733,2,Fixed,2013-03-28,2049-03-19,2024-10-31,24.3806,36,0.0663,108.3514,1.7351,108.654,12.0883,11.7004,206.5622,0.1268,11.7004,206.5622,0,0,8,20Y+,50000,54175.7,54175.7,0.00169,False,,False,False,IN10YT,6.6185,-6.059,13.7966,-11.5585,29.8314,-20.8788,108.35137458934763,12.088279189756728,11.70041057906086,206.56216473754594,0.1267755569500989,-2.5410652369828313e-05,-2.08102432726065e-05,1.0579060859328138e-05,-3.5262454048279324e-05,-2.4443049901096137e-05,0.0016898566817518889,6340.0,0.0,0.0,0.0,0.0,0.0,0.0,0.0,0.0,6.574922775999998,5.125477224000002,11.7004,0.0,14915.677561307999,6898.306191727,3309.2699486317497,-3029.50365416825,-5779.241013872999,-10439.416849891999
ZTFI-0010,IN8346578713,Government of India,Government,SOV,INR,100,0.0564,2,Fixed,2024-01-12,2047-01-06,2024-10-31,22.1821,23,0.0708,84.0622,0.3105,84.1623,12.0116,11.6009,197.3753,0.0975,11.6009,197.3753,0,0,-4,20Y+,100000,84062.2,84062.2,0.002622,False,,False,False,IN10YT,5.0834,-4.6686,10.5816,-8.9224,22.8223,-16.1856,84.06220744031518,12.011566404887041,11.600894731395634,197.37528015509892,0.09751968194038392,7.440315172857481e-06,-3.359511295819573e-05,-5.268604365227247e-06,-1.984490108952741e-05,1.968194038391713e-05,0.002622080939475884,9750.0,0.0,0.0,0.0,0.0,0.0,0.0,0.0,0.0,9.069467611000002,2.531432388999998,11.6009,0.0,22822.303908332,10581.561856983,5083.38340419575,-4668.58835560425,-8922.381662617,-16185.583130867999
ZTFI-0011,IN1051834738,Government of India,Government,SOV,INR,100,0.0538,2,Fixed,2015-12-26,2053-12-16,2024-10-31,29.1253,38,0.0676,82.5548,1.0861,82.8109,13.6417,13.1957,272.9803,0.1089,13.1957,272.9803,0,0,-2,20Y+,50000,41277.4,41277.4,0.001288,False,,False,False,IN10YT,5.7285,-5.1651,12.0205,-9.7669,26.2945,-17.2802,82.55482328150246,13.641670032118625,13.195656831223278,272.9802673874753,0.10893651177849886,2.328150246455607e-05,-2.9967881374659555e-05,-4.31687767221689e-05,-3.261252470565523e-05,3.6511778498865555e-05,0.0012875309445996162,5445.0,0.0,0.0,0.0,0.0,0.0,0.0,0.0,0.0,1.1542278790000007,12.041472121,13.1957,0.0,13147.267150644002,6010.237723561002,2864.2698988402503,-2582.571972959751,-4883.446020039001,-8640.100336556001
ZTFI-0012,IN6566701065,Government of India,Government,SOV,INR,100,0.0728,2,Fixed,2022-08-06,2030-08-04,2024-10-31,5.7577,8,0.067,102.632,0.2551,102.9659,4.6424,4.4919,24.5493,0.0461,4.4919,24.5493,0,0,9,5-7Y,50000,51316.0,51316.0,0.001601,False,,False,False,IN10YT,2.3366,-2.2736,4.7361,-4.4841,9.7242,-8.7163,102.63198209505425,4.6423662423258865,4.491887994509807,24.549344153015255,0.04610113682255197,-1.7904945750046863e-05,-3.375767411384345e-05,-1.200549019308994e-05,4.4153015256398476e-05,1.136822551969785e-06,0.0016006564840099886,2305.0000000000005,0.0,0.0,0.0,0.0,0.0,2.7901436850000008,1.7017563149999997,0.0,0.0,0.0,4.4919,0.0,4862.08118376,2368.05199794,1168.278850485,-1136.784553515,-2242.0748100600003,-4358.17243224
ZTFI-0013,IN1781080132,Government of India,Government,SOV,INR,100,0.0616,2,Fixed,2021-03-28,2053-03-20,2024-10-31,28.3833,32,0.0692,90.6521,0.2535,90.6554,13.0009,12.5661,248.1949,0.1139,12.5661,248.1949,0,0,7,20Y+,5000,4532.6,4532.6,0.000141,False,,False,False,IN10YT,5.977,-5.4145,12.5164,-10.2665,27.2827,-18.283,90.65208202044357,13.000915993034113,12.566127965430228,248.19494292138023,0.11391456630015707,-1.79795564321239e-05,1.5993034113037652e-05,2.7965430227538945e-05,4.292138024197811e-05,1.4566300157073386e-05,0.00014138154921318252,569.5,0.0,0.0,0.0,0.0,0.0,0.0,0.0,0.0,2.0315613870000027,10.534538612999999,12.566100000000002,1.7763568394002505e-15,1364.135737948,625.819458787,298.84762684674996,-270.72342175325,-513.322638413,-914.148456452
ZTFI-0014,IN7468723430,Government of India,Government,SOV,INR,100,0.0665,2,Fixed,2023-06-14,2059-06-05,2024-10-31,34.5927,36,0.0683,97.6243,0.9712,98.4603,13.7043,13.2518,292.4174,0.1294,13.2518,292.4174,0,0,0,20Y+,5000,4881.22,4881.22,0.000152,False,,False,False,IN10YT,6.8253,-6.1117,14.3643,-11.5096,31.5834,-20.1645,97.62433736606823,13.704324731504512,13.251776561915111,292.4173958485133,0.12936959057801567,3.736606822712929e-05,2.473150451187678e-05,-2.3438084888027788e-05,-4.151486677983485e-06,-3.040942198431762e-05,0.0001522557573247961,647.0,0.0,0.0,0.0,0.0,0.0,0.0,0.0,0.0,0.0,13.2518,13.2518,0.0,1579.1697561656,718.2171950214,341.26667674535,-305.58283521465,-575.4818288986,-1008.2282916744
ZTFI-0015,IN8121913619,Government of India,Government,SOV,INR,100,0.057,2,Fixed,2023-10-05,2063-09-25,2024-10-31,38.8994,40,0.0659,87.6074,0.8317,88.3524,14.6894,14.2208,343.076,0.1246,14.2208,343.076,0,0,3,20Y+,200000,175214.8,175214.8,0.005465,False,,False,False,IN10YT,6.6049,-5.8535,13.9613,-10.9557,30.9281,-18.9057,87.60744120445119,14.689350017113709,14.220775465524671,343.0759738683496,0.12458457504776548,4.120445119326632e-05,-4.998288629032288e-05,-2.453447532957398e-05,-2.613165042930632e-05,-1.5424952234527334e-05,0.005465326715147582,24920.0,0.0,0.0,0.0,0.0,0.0,0.0,0.0,0.0,0.0,14.2208,14.2208,0.0,61856.29110175999,27922.54591464,13209.873048259999,-11707.07323014,-21911.34664216,-37811.49401184
ZTFI-0016,IN5346247510,Government of India,Government,SOV,INR,100,0.0631,2,Fixed,2009-11-25,2047-11-16,2024-10-31,23.0418,38,0.0658,96.8223,0.798,97.0313,12.26,11.8695,207.9245,0.1149,11.8695,207.9245,0,0,6,20Y+,10000,9682.23,9682.23,0.000302,False,,False,False,IN10YT,5.9978,-5.4945,12.4989,-10.4857,27.011,-18.9583,96.82232849608855,12.260029740509673,11.869522451844006,207.92447300312602,0.11492348019241386,2.849608854660346e-05,2.974050967274877e-05,2.245184400528899e-05,-2.699687397011985e-05,2.3480192413855017e-05,0.00030200959211894985,1149.0,0.0,0.0,0.0,0.0,0.0,0.0,0.0,0.0,8.259035490000002,3.610464509999998,11.8695,0.0,2701.099146027,1249.89093143175,599.7808053204376,-549.4514845295625,-1048.57364826825,-1895.830013373
ZTFI-0017,IN3542784980,Government of India,Government,SOV,INR,100,0.069,2,Fixed,2019-12-31,2056-12-21,2024-10-31,32.1396,37,0.072,96.2666,0.4562,97.8014,12.9786,12.5276,259.671,0.1206,12.5276,259.671,0,0,-1,20Y+,10000,9626.66,9626.66,0.0003,False,,False,False,IN10YT,6.3424,-5.7175,13.3098,-10.81,29.1193,-19.1203,96.26660911266575,12.978641395576101,12.527646134725966,259.67097816081,0.12059940135534626,9.112665750876658e-06,4.13955761011664e-05,4.6134725966595624e-05,-2.1839189969341533e-05,-5.986446537376011e-07,0.0003002762442193389,1206.0,0.0,0.0,0.0,0.0,0.0,0.0,0.0,0.0,0.0,12.5276,12.5276,0.0,2911.931802092,1330.977679603,634.24178444075,-571.74767371925,-1081.001236717,-1912.026030548
ZTFI-0018,IN4935348740,Government of India,Government,SOV,INR,100,0.0526,2,Fixed,2012-04-26,2041-04-19,2024-10-31,16.4654,29,0.0655,87.328,1.014,88.1658,10.6158,10.2792,140.6143,0.0898,10.2792,140.6143,0,0,3,15-20Y,20000,17465.6,17465.6,0.000545,False,,False,False,IN10YT,4.6418,-4.3348,9.5906,-8.3626,20.4092,-15.4973,87.32800756800219,10.615806537895104,10.27916391953048,140.61427176312546,0.08976589045574929,7.568002189373146e-06,6.537895103519986e-06,-3.60804695187511e-05,-2.823687452746526e-05,-3.410954425071833e-05,0.0005447896540479549,1796.0,0.0,0.0,0.0,0.0,0.0,0.0,0.0,3.633286032000001,6.645913967999999,0.0,10.2792,0.0,4081.8305340159995,1918.1196111039997,928.3608915759999,-866.9630636239999,-1672.528299296,-3099.4652867839995
ZTFI-0019,IN7868011280,Government of India,Government,SOV,INR,100,0.0738,2,Fixed,2016-04-30,2055-04-21,2024-10-31,30.4695,39,0.0695,105.3902,0.5687,107.0488,12.8423,12.411,248.7361,0.1308,12.411,248.7361,0,0,-4,20Y+,5000,5269.51,5269.51,0.000164,False,,False,False,IN10YT,6.8677,-6.2123,14.3907,-11.7693,31.4028,-20.9171,105.39023527612427,12.842287650722973,12.41100521935054,248.73605369651457,0.13079987600805598,3.5276124279448595e-05,-1.2349277026757477e-05,5.219350541096901e-06,-4.630348541923013e-05,-1.2399194401768732e-07,0.00016436735811550929,654.0,0.0,0.0,0.0,0.0,0.0,0.0,0.0,0.0,0.0,12.411,12.411,0.0,1570.1412454622,719.53475441555,343.3834101288875,-310.6154759711125,-588.46301778445,-1045.8542989378
ZTFI-0020,IN3315869232,Government of India,Government,SOV,INR,100,0.0778,2,Fixed,2013-10-06,2026-10-03,2024-10-31,1.922,13,0.0653,101.7589,1.7981,103.2806,1.4451,1.3994,2.6761,0.0142,1.3994,2.6761,0,0,8,1-2Y,200000,203517.8,203517.8,0.006348,False,,False,False,IN10YT,0.7154,-0.7086,1.4376,-1.4104,2.9025,-2.7936,101.75891312997719,1.445056814873929,1.399367467073964,2.6760791838582656,0.014239811251889571,1.3129977190828868e-05,-4.3185126071154656e-05,-3.2532926035999665e-05,-2.0816141734325555e-05,3.981125188957067e-05,0.006348158199809962,2840.0000000000005,0.0,0.0,0.10915320000000009,1.2902467999999998,0.0,0.0,0.0,0.0,0.0,0.0,1.3994,0.0,5804.982983315999,2875.259792429,1430.82197140725,-1417.2061217927499,-2820.7963939709994,-5587.129389483999
ZTFI-0021,IN3421607337,Government of India,Government,SOV,INR,100,0.06,2,Fixed,2021-02-07,2037-02-03,2024-10-31,12.2601,16,0.0719,90.5399,0.4924,91.8364,8.5303,8.2343,87.5277,0.0746,8.2343,87.5277,0,0,3,10-15Y,50000,45269.95,45269.95,0.001412,False,,False,False,IN10YT,3.8267,-3.6286,7.8516,-7.0591,16.4956,-13.3257,90.53990053206546,8.530275631847694,8.234254193588198,87.52772435250186,0.07455285556432183,5.320654565821314e-07,-2.4368152306664115e-05,-4.5806411801407876e-05,2.4352501867497267e-05,-4.714443567817306e-05,0.001412067171999142,3730.0,0.0,0.0,0.0,0.0,0.0,0.0,0.0,6.373265857,1.8610341429999995,0.0,8.2343,0.0,8247.801906223,3925.78222298075,1913.3614289576874,-1814.3020638923122,-3529.54476271925,-6662.852065177
ZTFI-0022,IN8685014294,Government of India,Government,SOV,INR,100,0.0511,2,Fixed,2018-01-14,2058-01-04,2024-10-31,33.1773,40,0.0726,73.2005,0.5575,74.4579,13.6896,13.2101,289.5883,0.0967,13.2101,289.5883,0,0,-2,20Y+,20000,14640.1,14640.1,0.000457,False,,False,False,IN10YT,5.0999,-4.57,10.7298,-8.61,23.5793,-15.1001,73.20054894009183,13.689599709452237,13.210074022437746,289.5883211351444,0.09669846699816902,4.894009182976333e-05,-2.9054776362613666e-07,-2.5977562254198006e-05,2.1135144379513804e-05,-1.5330018309778204e-06,0.00045665622791243735,1934.0,0.0,0.0,0.0,0.0,0.0,0.0,0.0,0.0,0.0,13.2101,13.2101,0.0,4715.864034366,2145.9519336415,1019.980945935375,-913.990904164625,-1721.9917665585,-3020.023366034
ZTFI-0023,IN9340608835,Government of India,Government,SOV,INR,100,0.0623,2,Fixed,2015-04-22,2038-04-16,2024-10-31,13.4565,23,0.072,91.8992,1.121,92.367,8.9062,8.5967,97.1318,0.079,8.5967,97.1318,0,0,4,10-15Y,5000,4594.96,4594.96,0.000143,False,,False,False,IN10YT,4.0617,-3.8386,8.3466,-7.454,17.5859,-14.0153,91.8991543076812,8.906169572187409,8.596688776242672,97.13179750814997,0.07900284283830364,-4.5692318792589504e-05,-3.0427812591327097e-05,-1.1223757327982753e-05,-2.4918500258763743e-06,2.8428383036377403e-06,0.00014332669182645836,395.0,0.0,0.0,0.0,0.0,0.0,0.0,0.0,5.625250645,2.9714493550000003,0.0,8.5967,0.0,879.2931997856,417.33076310639996,203.0864223566,-191.9285039634,-372.69908953360004,-700.7665054944
ZTFI-0024,IN6564823662,Government of India,Government,SOV,INR,100,0.0675,2,Fixed,2018-06-14,2039-06-09,2024-10-31,14.6037,21,0.0738,94.4482,0.4842,95.1736,9.307,8.9758,109.3448,0.0848,8.9758,109.3448,0,0,5,10-15Y,20000,18889.64,18889.64,0.000589,False,,False,False,IN10YT,4.3678,-4.1096,8.9939,-7.9611,19.0204,-14.8895,94.4482118283569,9.307005398706593,8.975798436403311,109.34476971523368,0.08477481120500546,1.1828356903720305e-05,5.398706592885105e-06,-1.5635966885696462e-06,-3.0284766324939483e-05,-2.5188794994537855e-05,0.000589208526514429,1696.0,0.0,0.0,0.0,0.0,0.0,0.0,0.0,4.843610954,4.132189046,0.0,8.9758,0.0,3804.0893958143993,1798.7705025135997,873.5667024083999,-821.9296047115998,-1592.2221117263998,-2977.8958326655998
ZTFI-0025,IN7738721489,Government of India,Government,SOV,INR,100,0.0596,2,Fixed,2014-08-02,2031-07-29,2024-10-31,6.7406,17,0.0674,95.9488,0.2196,96.0177,5.4575,5.2796,33.6102,0.0507,5.2796,33.6102,0,0,10,5-7Y,10000,9594.88,9594.88,0.000299,False,,False,False,IN10YT,2.5732,-2.4925,5.227,-4.9045,10.7764,-9.4865,95.94882628361287,5.457516416880846,5.279594095850678,33.610247509606346,0.05065708567507649,2.628361286838299e-05,1.6416880846747972e-05,-5.904149322333296e-06,4.750960634680723e-05,-4.291432492350977e-05,0.00029928495762136093,507.0,0.0,0.0,0.0,0.0,0.0,0.6847641200000009,4.59483588,0.0,0.0,0.0,5.2796,0.0,1077.6397361151999,522.6955762688,257.3167151872,-249.2545692928,-490.44699269119997,-948.6454018048
ZTFI-0026,IN1769367632,Government of India,Government,SOV,INR,100,0.0687,2,Fixed,2023-06-11,2025-06-10,2024-10-31,0.6078,2,0.074,99.7445,1.3369,100.1204,0.5,0.4822,0.465,0.0048,0.4822,0.465,0,0,9,0-1Y,5000,4987.23,4987.23,0.000156,False,,False,False,IN10YT,0.2411,-0.2399,0.4833,-0.4786,0.9712,-0.9527,99.74445515911283,0.5,0.4821600771456124,0.4649566799861257,0.004809279419436492,-4.484088717049417e-05,0.0,-3.992285438764176e-05,-4.332001387430395e-05,9.27941943649254e-06,0.00015556243738306053,24.0,0.0,0.37823768,0.10396232000000001,0.0,0.0,0.0,0.0,0.0,0.0,0.0,0.4822,0.0,48.56065850999999,24.164376157499998,12.053199804375,-11.995223255624998,-23.932469962499997,-47.63303373
ZTFI-0027,IN8317278895,Government of India,Government,SOV,INR,100,0.0771,2,Fixed,2015-06-17,2045-06-09,2024-10-31,20.6051,30,0.0726,104.7616,0.8225,106.5096,10.8348,10.4553,161.9512,0.1095,10.4553,161.9512,0,0,9,20Y+,100000,104761.6,104761.6,0.003268,False,,False,False,IN10YT,5.6886,-5.2645,11.8015,-10.1048,25.2995,-18.513,104.76163262777139,10.834753663472535,10.455228855999744,161.95116112412896,0.10953068444515197,3.2627771389570626e-05,-4.6336527464774235e-05,-7.114400025542977e-05,-3.887587104145496e-05,3.068444515197388e-05,0.0032677397754162607,10950.0,0.0,0.0,0.0,0.0,0.0,0.0,0.0,0.0,9.822649796999999,0.6326502030000002,10.4553,0.0,25299.532496384,11801.452906496,5688.648117824,-5264.491446976,-10104.826223103999,-18513.025762816
ZTFI-0028,IN7743487347,Government of India,Government,SOV,INR,100,0.0522,2,Fixed,2020-12-08,2040-12-03,2024-10-31,16.0903,20,0.0685,84.3043,0.1052,84.5011,10.5395,10.1905,138.8687,0.0859,10.1905,138.8687,0,0,7,15-20Y,100000,84304.3,84304.3,0.00263,False,,False,False,IN10YT,4.4419,-4.1492,9.1764,-8.0057,19.5235,-14.8406,84.30428757373296,10.539482711076351,10.190459474088808,138.86866368262767,0.08590994260120545,-1.2426267034015837e-05,-1.7288923649161347e-05,-4.052591119219073e-05,-3.6317372320127106e-05,9.942601205445434e-06,0.002629632559531594,8590.0,0.0,0.0,0.0,0.0,0.0,0.0,0.0,3.9841797850000003,6.206320215,0.0,10.1905,0.0,19523.505092082003,9176.391118770502,4441.855202567625,-4149.174488932375,-8005.668264229501,-14840.613673918002
ZTFI-0029,IN2316658760,Government of India,Government,SOV,INR,100,0.0559,2,Fixed,2018-09-10,2046-09-03,2024-10-31,21.8398,28,0.0731,81.4967,0.0273,82.7274,11.7892,11.3735,189.5821,0.0927,11.3735,189.5821,0,0,7,20Y+,200000,162993.4,162993.4,0.005084,False,,False,False,IN10YT,4.8276,-4.4414,10.0415,-8.4965,21.6281,-15.448,81.49667594508705,11.78919241158909,11.3734913044128,189.58213384402347,0.09269017351999954,-2.405491295576212e-05,-7.588410909420418e-06,-8.695587199625265e-06,3.384402347705873e-05,-9.826480000460491e-06,0.0050841149458421084,18540.0,0.0,0.0,0.0,0.0,0.0,0.0,0.0,0.0,9.28100347,2.0924965300000005,11.3735,0.0,43256.234909628,20083.085901907,9655.285062726749,-8882.769286273251,-16993.022796093,-30895.982486372
ZTFI-0030,IN0546688937,Government of India,Government,SOV,INR,100,0.0563,2,Fixed,2017-04-19,2046-04-12,2024-10-31,21.4456,29,0.0691,85.9242,0.9559,86.4933,11.8749,11.4783,189.8718,0.0986,11.4783,189.8718,0,0,0,20Y+,200000,171848.4,171848.4,0.00536,False,,False,False,IN10YT,5.1353,-4.7274,10.6784,-9.0469,22.9882,-16.4624,85.92417043577315,11.874851103953313,11.478276645839555,189.8717581443151,0.09862613988260725,-2.9564226849743136e-05,-4.889604668711911e-05,-2.3354160445521188e-05,-4.185568491266167e-05,2.6139882607259524e-05,0.00536032145386901,19720.0,0.0,0.0,0.0,0.0,0.0,0.0,0.0,0.0,9.818996952000001,1.6593030479999988,11.478299999999999,-1.7763568394002505e-15,45976.382801424006,21356.733148956002,10270.502011539,-9454.772885661001,-18093.816645444003,-32924.716787376
ZTFI-0031,IN2980699016,Government of India,Government,SOV,INR,100,0.0539,2,Fixed,2021-09-13,2052-09-05,2024-10-31,27.8467,31,0.0677,82.8828,0.2852,83.3232,13.4021,12.9633,259.4126,0.1074,12.9633,259.4126,0,0,7,20Y+,20000,16576.56,16576.56,0.000517,False,,False,False,IN10YT,5.6409,-5.1034,11.8194,-9.6693,25.7889,-17.1885,82.88277985757125,13.402119479461762,12.963311388945943,259.4125978457859,0.10744352840751528,-2.0142428752478736e-05,1.9479461760951722e-05,1.1388945942769624e-05,-2.1542140871133597e-06,4.3528407515286416e-05,0.0005170585830263586,2148.0,0.0,0.0,0.0,0.0,0.0,0.0,0.0,0.0,2.791387389000002,10.171912610999998,12.9633,0.0,5157.7721106912,2363.8776289128004,1128.1867078482,-1020.6824946318001,-1933.8607760472003,-3437.7046992288006
ZTFI-0032,IN6417080531,Government of India,Government,SOV,INR,100,0.0723,2,Fixed,2022-01-27,2026-01-26,2024-10-31,1.2375,4,0.075,99.7445,1.5169,100.8676,0.9825,0.947,1.3611,0.0094,0.947,1.3611,0,0,2,1-2Y,10000,9974.45,9974.45,0.000311,False,,False,False,IN10YT,0.474,-0.4706,0.9514,-0.9378,1.9163,-1.862,99.74446218609376,0.9825336802012282,0.9470204146517861,1.3610728852628424,0.00944600419386939,-3.781390624624237e-05,3.368020122818116e-05,2.0414651786149207e-05,-2.711473715755197e-05,4.600419386938982e-05,0.0003111245628445988,94.0,0.0,0.0,0.7220874999999999,0.22491250000000004,0.0,0.0,0.0,0.0,0.0,0.0,0.947,0.0,191.631327779,95.13685269474999,47.3987235486875,-47.0593179513125,-93.77923030525001,-186.200838221
ZTFI-0033,IN7193745299,Government of India,Government,SOV,INR,100,0.0775,2,Fixed,2018-02-12,2027-02-10,2024-10-31,2.2779,9,0.0667,101.9913,0.2094,102.0411,1.8921,1.831,4.3464,0.0187,1.831,4.3464,0,0,4,2-3Y,20000,20398.26,20398.26,0.000636,False,,False,False,IN10YT,0.9393,-0.9282,1.8896,-1.8453,3.8236,-3.6463,101.99125657443471,1.892052287350312,1.8309888105194871,4.346410608030669,0.018674484955861204,-4.342556528058594e-05,-4.771264968783662e-05,-1.1189480512818761e-05,1.0608030668990409e-05,-2.5515044138797044e-05,0.0006362656312168054,374.0,0.0,0.0,0.0,1.3221651000000003,0.5088348999999996,0.0,0.0,0.0,0.0,0.0,1.831,0.0,764.7160806528,377.9250904632,187.85430776579997,-185.6378328342,-369.05919073679996,-729.2524817471999
ZTFI-0034,IN6631931491,Government of India,Government,SOV,INR,100,0.0727,2,Fixed,2012-12-29,2050-12-20,2024-10-31,26.1355,38,0.0686,104.9419,1.2023,105.0672,12.3334,11.9244,220.3899,0.1251,11.9244,220.3899,0,0,5,20Y+,50000,52470.95,52470.95,0.001637,False,,False,False,IN10YT,6.5459,-5.9677,13.6701,-11.3573,29.653,-20.4018,104.94191441847083,12.333442123397914,11.924434035964337,220.38987892184682,0.125137293609087,1.441847082617187e-05,4.2123397914650695e-05,3.403596433670941e-05,-2.1078153196185667e-05,3.7293609087024615e-05,0.0016366818602319725,6254.999999999999,0.0,0.0,0.0,0.0,0.0,0.0,0.0,0.0,4.60818438,7.31621562,11.9244,0.0,14826.505408280998,6835.04933297025,3272.9738236925623,-2983.8721381074374,-5678.64259062975,-10200.878438919
ZTFI-0035,IN6716572628,Government of India,Government,SOV,INR,100,0.0775,2,Fixed,2015-05-30,2034-05-25,2024-10-31,9.5633,19,0.0747,101.8808,0.9368,102.7247,6.9218,6.6726,57.1273,0.068,6.6726,57.1273,0,0,3,7-10Y,500000,509404.0,509404.0,0.015889,False,,False,False,IN10YT,3.4718,-3.3263,7.0891,-6.5071,14.7602,-12.4322,101.8808442499195,6.9217838798511515,6.6725636283329175,57.12725431511113,0.06798064157658638,4.424991951168522e-05,-1.6120148848663973e-05,-3.6371667082590875e-05,-4.568488886746991e-05,-1.9358423413620707e-05,0.015889407116311174,34000.00000000001,0.0,0.0,0.0,0.0,0.0,0.0,0.9713081400000004,5.7012918599999995,0.0,0.0,6.6726,0.0,73801.15763384,35445.53506046,17359.006591115,-16631.484712885,-32535.447547540003,-62160.80758216001
ZTFI-0036,IN3147379965,Government of India,Government,SOV,INR,100,0.0508,2,Fixed,2021-09-13,2043-09-08,2024-10-31,18.8528,22,0.0672,82.7803,0.3281,83.1355,11.5164,11.142,170.708,0.0922,11.142,170.708,0,0,3,15-20Y,500000,413901.5,413901.5,0.01291,False,,False,False,IN10YT,4.7883,-4.435,9.9299,-8.5168,21.273,-15.6205,82.78032542260885,11.51636704056901,11.14199597578271,170.7080127703596,0.0922338052732691,2.542260885718406e-05,-3.2959430990686656e-05,-4.02421729006619e-06,1.277035960356443e-05,3.3805273269099656e-05,0.012910478597639339,46100.0,0.0,0.0,0.0,0.0,0.0,0.0,0.0,1.2782102400000017,9.863789759999998,0.0,11.142,0.0,106365.06971239999,49649.71999309999,23941.656280774998,-22175.248849224998,-42584.0902669,-78102.5508076
ZTFI-0037,IN0831367837,Government of India,Government,SOV,INR,100,0.0684,2,Fixed,2017-11-03,2050-10-26,2024-10-31,25.9849,33,0.0652,103.9522,0.3789,105.1352,12.636,12.2371,227.7411,0.1272,12.2371,227.7411,0,0,4,20Y+,20000,20790.44,20790.44,0.000648,False,,False,False,IN10YT,6.6563,-6.0644,13.9044,-11.537,30.1763,-20.7066,103.95218162208319,12.635994908116553,12.237066538946884,227.74112409228377,0.12720697633781233,-1.8377916816803008e-05,-5.091883446439738e-06,-3.346105311585745e-05,2.4092283780419166e-05,6.976337812325539e-06,0.0006484985694797066,2544.0,0.0,0.0,0.0,0.0,0.0,0.0,0.0,0.0,4.913318021,7.323781979,12.2371,0.0,6035.2614014968,2780.8888169942,1331.2589375585499,-1212.8879956814499,-2307.4050494857997,-4141.3263314632
ZTFI-0038,IN9578856855,Government of India,Government,SOV,INR,100,0.07,2,Fixed,2019-11-22,2038-11-17,2024-10-31,14.0452,19,0.0674,102.3326,0.337,102.5418,9.2034,8.9034,106.108,0.0911,8.9034,106.108,0,0,0,10-15Y,200000,204665.2,204665.2,0.006384,False,,False,False,IN10YT,4.6913,-4.4198,9.654,-8.5682,20.3938,-16.0505,102.33257676580428,9.203355523969678,8.903313847315157,106.10799487307459,0.09110990477504266,-2.323419572292096e-05,-4.447603032176062e-05,-8.615268484213345e-05,-5.126925415765982e-06,9.904775042660074e-06,0.006383948075282585,18220.0,0.0,0.0,0.0,0.0,0.0,0.0,0.0,5.301796631999999,3.6016033679999993,0.0,8.903399999999998,-1.7763568394002505e-15,40787.645841920006,19307.992168880002,9382.538396420001,-8839.62302038,-17136.33066472,-32100.99982528
ZTFI-0039,IN3749894134,Government of India,Government,SOV,INR,100,0.0565,2,Fixed,2020-09-16,2033-09-13,2024-10-31,8.8679,13,0.0724,90.0369,0.3875,91.4131,6.7604,6.5242,52.2205,0.0587,6.5242,52.2205,0,0,4,7-10Y,10000,9003.69,9003.69,0.000281,False,,False,False,IN10YT,2.9959,-2.8783,6.1093,-5.6391,12.6887,-10.808,90.036914533266,6.760385193064591,6.524208833299162,52.22046205116195,0.058741963312093574,1.4533265996874434e-05,-1.4806935408451238e-05,8.833299161459252e-06,-3.79488380488624e-05,4.1963312093572236e-05,0.00028084446914248764,587.0,0.0,0.0,0.0,0.0,0.0,0.0,2.462015606666666,4.062184393333334,0.0,0.0,6.5242,0.0,1268.8729246890002,610.9276026622501,299.5865864105625,-287.8321565694376,-563.9098832977501,-1080.8020472310002
ZTFI-0040,IN2710947775,Government of India,Government,SOV,INR,100,0.0553,2,Fixed,2023-04-29,2028-04-27,2024-10-31,3.488,5,0.074,95.0504,1.1366,95.6044,2.7994,2.6995,8.8986,0.0257,2.6995,8.8986,0,0,-3,3-5Y,5000,4752.52,4752.52,0.000148,False,,False,False,IN10YT,1.2935,-1.2724,2.6082,-2.5236,5.3009,-4.9626,95.05036816265975,2.7993554523746322,2.699474881749887,8.898575038421008,0.025658608135617916,-3.1837340245033374e-05,-4.4547625367652444e-05,-2.511825011319857e-05,-2.4961578992233058e-05,-4.1391864382085e-05,0.00014824132733235544,128.50000000000003,0.0,0.0,0.0,0.0,2.040822,0.658678,0.0,0.0,0.0,0.0,2.6995,0.0,265.0467096944,130.40881612360002,64.67577338090001,-63.61850401910001,-126.17973867640002,-248.13039990560006
ZTFI-0041,IN0229413186,Government of India,Government,SOV,INR,100,0.0673,2,Fixed,2013-02-04,2029-01-31,2024-10-31,4.2519,16,0.069,99.4145,0.5003,100.4047,3.5712,3.4521,14.4356,0.0343,3.4521,14.4356,0,0,8,3-5Y,50000,49707.25,49707.25,0.00155,False,,False,False,IN10YT,1.7339,-1.698,3.5036,-3.3601,7.1508,-6.5768,99.41449257989235,3.571241486202709,3.452142567619825,14.43564372993249,0.03431930016733717,-7.420107650091268e-06,4.148620270871817e-05,4.2567619825018e-05,4.372993248935586e-05,1.930016733717177e-05,0.00155047610910448,1715.0,0.0,0.0,0.0,0.0,1.291258005,2.160841995,0.0,0.0,0.0,0.0,3.4521,0.0,3575.398750120001,1751.821676155,866.9414133512502,-849.00256389875,-1680.0662783450002,-3288.37715888
ZTFI-0042,IN9909133412,Government of India,Government,SOV,INR,100,0.0568,2,Fixed,2023-04-01,2060-03-22,2024-10-31,35.3895,37,0.065,88.7292,0.9789,89.3965,14.5069,14.0503,324.6857,0.1247,14.0503,324.6857,0,0,-4,20Y+,50000,44364.6,44364.6,0.001384,False,,False,False,IN10YT,6.5935,-5.8732,13.9072,-11.0263,30.6953,-19.1716,88.72922518624239,14.506887720163173,14.050254450521233,324.6856582622206,0.1246668191064303,2.518624238234679e-05,-1.227983682738909e-05,-4.5549478766560014e-05,-4.173777938376588e-05,-3.318089356971199e-05,0.0013838273569746187,6235.0,0.0,0.0,0.0,0.0,0.0,0.0,0.0,0.0,0.0,14.0503,14.0503,0.0,15347.629028844001,6953.586954111,3296.7365869777504,-2936.62280682225,-5513.131833489,-9585.808546356
ZTFI-0043,IN4471349361,Government of India,Government,SOV,INR,100,0.0655,2,Fixed,2015-04-04,2026-04-01,2024-10-31,1.4155,11,0.0737,99.2232,0.0977,100.5211,0.9841,0.9491,1.3657,0.0094,0.9491,1.3657,0,0,4,1-2Y,5000,4961.16,4961.16,0.000155,False,,False,False,IN10YT,0.4726,-0.4692,0.9485,-0.935,1.9106,-1.8564,99.22319673896455,0.9840833318460845,0.949108677095129,1.3656628475217525,0.009417359699406836,-3.2610354594453383e-06,-1.6668153915433415e-05,8.677095128972745e-06,-3.71524782474264e-05,1.7359699406836043e-05,0.0001547492579743354,47.0,0.0,0.0,0.55474895,0.39435105,0.0,0.0,0.0,0.0,0.0,0.0,0.9491,0.0,95.52783036240001,47.4251423706,23.627877982650002,-23.45849157735,-46.74759674940001,-92.8176478776
ZTFI-0044,IN1746488771,Government of India,Government,SOV,INR,100,0.067,2,Fixed,2013-09-09,2042-09-02,2024-10-31,17.8371,29,0.0713,95.7389,0.153,97.3501,10.3965,10.0386,141.7319,0.0961,10.0386,141.7319,0,0,-5,15-20Y,5000,4786.94,4786.94,0.000149,False,,False,False,IN10YT,4.975,-4.6358,10.2893,-8.9324,21.9355,-16.5078,95.7389420234354,10.396494700157506,10.038617969543289,141.73189987836392,0.09610866637815217,4.202343539816411e-05,-5.299842493755591e-06,1.796954328803224e-05,-1.216360772104963e-07,8.666378152166754e-06,0.0001493149612122296,480.50000000000006,0.0,0.0,0.0,0.0,0.0,0.0,0.0,2.171248794000001,7.8673512059999995,0.0,10.0386,0.0,1096.7759379571999,514.4648639093,248.75165568732498,-231.790103152675,-446.61865377069995,-825.3910974027999
ZTFI-0045,IN4902787429,Government of India,Government,SOV,INR,100,0.0624,2,Fixed,2010-04-17,2043-04-09,2024-10-31,18.4367,33,0.0699,92.3856,0.52,93.431,10.76,10.3966,151.5671,0.096,10.3966,151.5671,0,0,0,15-20Y,50000,46192.8,46192.8,0.001441,False,,False,False,IN10YT,4.9775,-4.6274,10.3051,-8.9048,22.0104,-16.4094,92.38559253473956,10.760023088364836,10.3966598273973,151.5670828420169,0.09605015785362228,-7.465260438266341e-06,2.3088364835999187e-05,5.982739730114872e-05,-1.7157983108972985e-05,5.015785362227909e-05,0.0014408528496877506,4800.0,0.0,0.0,0.0,0.0,0.0,0.0,0.0,1.625300478000002,8.771299521999998,0.0,10.3966,0.0,11005.223036976002,5152.546081644,2488.756681611,-2313.723963189,-4452.415207956001,-8204.699542224
ZTFI-0046,IN6746807154,Government of India,Government,SOV,INR,100,0.0592,2,Fixed,2011-10-20,2038-10-13,2024-10-31,13.9493,27,0.0737,87.7314,0.9733,88.5344,9.1719,8.8459,103.2946,0.0776,8.8459,103.2946,0,0,8,10-15Y,5000,4386.57,4386.57,0.000137,False,,False,False,IN10YT,3.9936,-3.767,8.2137,-7.3075,17.3337,-13.7088,87.7314167231072,9.171918662277706,8.845945568093462,103.29463472514216,0.07760673369443308,1.6723107208349575e-05,1.866227770541684e-05,4.556809346212276e-05,3.472514215729916e-05,6.733694433075366e-06,0.00013682655922253673,388.0,0.0,0.0,0.0,0.0,0.0,0.0,0.0,5.352388713000001,3.493511286999999,0.0,8.8459,0.0,866.6849899644,410.68704530610006,199.67966023402502,-188.351935395975,-365.3761459539,-685.4413925556
ZTFI-0047,IN3859770348,Government of India,Government,SOV,INR,100,0.0537,2,Fixed,2017-12-26,2037-12-21,2024-10-31,13.1389,20,0.0723,84.4923,0.0388,85.3381,9.1663,8.8465,101.3285,0.0747,8.8465,101.3285,0,0,2,10-15Y,5000,4224.61,4224.61,0.000132,False,,False,False,IN10YT,3.8443,-3.6303,7.9027,-7.0465,16.6615,-13.2369,84.49233734523814,9.166287927751238,8.846487407953711,101.32847807116094,0.07474603983932264,3.734523814102886e-05,-1.2072248761541005e-05,-1.2592046289228165e-05,-2.1928839061047256e-05,4.603983932263689e-05,0.00013177467824681264,373.5,0.0,0.0,0.0,0.0,0.0,0.0,0.0,6.069672115,2.776827885,0.0,8.8465,0.0,833.074926177,395.13379336925,192.2159792548125,-181.5141443951875,-352.32645393075,-661.845568423
ZTFI-0048,IN2480861317,Government of India,Government,SOV,INR,100,0.077,2,Fixed,2019-05-10,2030-05-07,2024-10-31,5.514,11,0.0725,102.0116,1.3579,102.8114,4.5965,4.4357,24.0883,0.0452,4.4357,24.0883,0,0,10,5-7Y,100000,102011.6,102011.6,0.003182,False,,False,False,IN10YT,2.2932,-2.2317,4.6478,-4.4021,9.5413,-8.5584,102.01158200368359,4.596538393730485,4.435742720125921,24.088288765651576,0.04524971322413679,-1.799631641574706e-05,3.839373048553085e-05,4.272012592121399e-05,-1.1234348423982965e-05,4.97132241367923e-05,0.0031819613567743658,4519.999999999999,0.0,0.0,0.0,0.0,0.0,3.2957250999999994,1.1399749000000003,0.0,0.0,0.0,4.4357,0.0,9541.314287256,4647.792842414,2293.1803459035,-2231.7481952965,-4402.064239986,-8558.399877544001
ZTFI-0049,IN3782639821,Government of India,Government,SOV,INR,100,0.0579,2,Fixed,2019-05-30,2047-05-23,2024-10-31,22.5572,28,0.0733,83.1493,1.1877,83.5587,11.9011,11.4803,196.3436,0.0955,11.4803,196.3436,0,0,4,20Y+,20000,16629.86,16629.86,0.000519,False,,False,False,IN10YT,4.977,-4.5688,10.3621,-8.7295,22.3567,-15.8264,83.14926810973097,11.901088014706371,11.480333781610351,196.3435803962637,0.09545813515963207,-3.1890269028167495e-05,-1.198529362866907e-05,3.378161035172411e-05,-1.9603736319595555e-05,-4.186484036793059e-05,0.0005187211247403996,1910.0,0.0,0.0,0.0,0.0,0.0,0.0,0.0,0.0,8.544557683999997,2.935742316000002,11.4803,0.0,4471.3489511392,2072.4161465748,995.3934910387001,-913.7643265413,-1745.8994885852003,-3165.2823191808
ZTFI-0050,IN9727875588,Government of India,Government,SOV,INR,100,0.0608,2,Fixed,2011-09-26,2033-09-20,2024-10-31,8.8871,22,0.0753,91.0169,0.8691,91.3719,6.6623,6.4206,51.0209,0.0584,6.4206,51.0209,0,0,8,7-10Y,10000,9101.69,9101.69,0.000284,False,,False,False,IN10YT,2.98,-2.8639,6.076,-5.6116,12.6164,-10.7589,91.01694266216333,6.662280050457926,6.420546475649714,51.02093268015904,0.05843785104339649,4.266216332382555e-05,-1.9949542074293447e-05,-5.352435028616043e-05,3.2680159044673474e-05,3.785104339648626e-05,0.0002839013000613624,584.0,0.0,0.0,0.0,0.0,0.0,0.0,2.381828579999999,4.038771420000001,0.0,0.0,6.4206,0.0,1261.6414993442002,607.60192890605,297.99625926151253,-286.3868488784875,-561.1642873739501,-1075.8909332158
ZTFI-0051,IN5766270289,Government of India,Government,SOV,INR,100,0.0595,2,Fixed,2018-03-21,2026-03-19,2024-10-31,1.3799,8,0.0696,99.0404,1.3543,99.0632,0.9855,0.9524,1.3737,0.0094,0.9524,1.3737,0,0,-1,1-2Y,100000,99040.4,99040.4,0.003089,False,,False,False,IN10YT,0.4733,-0.4699,0.9501,-0.9365,1.9137,-1.8593,99.04037784294792,0.9854859616648307,0.9523443773336208,1.3736988771890715,0.009432054696772876,-2.2157052086413387e-05,-1.4038335169330729e-05,-5.56226663792625e-05,-1.1228109284555643e-06,3.205469677287562e-05,0.0030892832340584393,940.0,0.0,0.0,0.5905832400000001,0.3618167599999999,0.0,0.0,0.0,0.0,0.0,0.0,0.9523999999999999,-1.1102230246251565e-16,1913.7318986960001,950.0633594740001,473.3310322685,-469.92973733150006,-936.458179726,-1859.3111797040003
ZTFI-0052,IN2174596158,Government of India,Government,SOV,INR,100,0.0608,2,Fixed,2015-04-03,2037-03-28,2024-10-31,12.4052,22,0.0743,89.4013,1.326,89.4559,8.4692,8.1658,86.4589,0.073,8.1658,86.4589,0,0,-3,10-15Y,50000,44700.65,44700.65,0.001394,False,,False,False,IN10YT,3.7468,-3.5535,7.6868,-6.9139,16.1466,-13.0548,89.4013124239429,8.469206506925342,8.165845352095012,86.45894625166547,0.07300372915282481,1.242394289135973e-05,6.506925341653869e-06,4.535209501099757e-05,4.625166546645687e-05,3.7291528248162287e-06,0.0013943094797326584,3650.0,0.0,0.0,0.0,0.0,0.0,0.0,0.0,6.201761784,1.9640382160000007,0.0,8.1658,0.0,8073.2851610570015,3843.4041291142503,1873.3924517035628,-1776.7732259964378,-3456.9272262857507,-6527.377549743001
ZTFI-0053,IN4316117240,Government of India,Government,SOV,INR,100,0.0513,2,Fixed,2023-03-01,2028-02-28,2024-10-31,3.3265,5,0.0689,95.3024,0.3132,95.8309,2.8133,2.7196,9.0027,0.0259,2.7196,9.0027,0,0,0,3-5Y,10000,9530.24,9530.24,0.000297,False,,False,False,IN10YT,1.3066,-1.2852,2.6347,-2.5489,5.3553,-5.0121,95.30239001527312,2.8133160798156167,2.7196249986133854,9.002694092371604,0.02591867623131395,-9.984726887068973e-06,1.60798156167985e-05,2.4998613385562862e-05,-5.9076283971393195e-06,1.8676231313949354e-05,0.0002972686969009929,259.0,0.0,0.0,0.0,0.0,2.2756253,0.44397469999999967,0.0,0.0,0.0,0.0,2.7196,0.0,535.5283924096,263.4743016224,130.66467716559998,-128.51972987439999,-254.89451245759997,-501.2092357503999
ZTFI-0054,IN2196937923,Government of India,Government,SOV,INR,100,0.0631,2,Fixed,2017-09-04,2035-08-31,2024-10-31,10.8309,18,0.072,93.5206,0.7339,93.9743,7.7283,7.4597,70.7442,0.0698,7.4597,70.7442,0,0,0,10-15Y,500000,467603.0,467603.0,0.014586,False,,False,False,IN10YT,3.5709,-3.4055,7.3072,-6.6456,15.2759,-12.6295,93.52058587367196,7.728343090735585,7.459790628123152,70.74415441760412,0.06976439900370046,-1.4126328039765212e-05,4.309073558506071e-05,9.062812315185909e-05,-4.558239588448032e-05,-3.560099629953961e-05,0.01458554396080214,34900.0,0.0,0.0,0.0,0.0,0.0,0.0,0.0,6.839873527,0.6198264729999997,0.0,7.4597,0.0,76379.60201252,36535.79099863,17854.3929974075,-17027.387993592496,-33227.77098337,-63147.52195148
ZTFI-0055,IN7594647436,Government of India,Government,SOV,INR,100,0.0743,2,Fixed,2022-09-04,2030-09-02,2024-10-31,5.8371,8,0.071,101.4812,0.5496,102.7801,4.6213,4.4629,24.3035,0.0453,4.4629,24.3035,0,0,-5,5-7Y,100000,101481.2,101481.2,0.003165,False,,False,False,IN10YT,2.2953,-2.2337,4.6523,-4.4057,9.5513,-8.5647,101.48120530811408,4.621251476258767,4.462821319419378,24.30348892050655,0.04528924865694265,5.308114083391047e-06,-4.852374123309744e-05,-7.868058062232564e-05,-1.1079493450694144e-05,-1.0751343057349705e-05,0.0031654170392297616,4530.0,0.0,0.0,0.0,0.0,0.0,2.5949532049999995,1.867946795000001,0.0,0.0,0.0,4.4629,0.0,9551.27861844,4652.32189201,2295.3315917025,-2233.6728830975003,-4405.68705759,-8564.73928076
ZTFI-0056,IN6409097439,Government of India,Government,SOV,INR,100,0.0729,2,Fixed,2015-02-10,2031-02-06,2024-10-31,6.2669,16,0.0715,100.6735,1.377,102.0722,4.9694,4.7979,28.1467,0.0483,4.7979,28.1467,0,0,-1,5-7Y,200000,201347.0,201347.0,0.00628,False,,False,False,IN10YT,2.4505,-2.3797,4.9719,-4.6885,10.2272,-9.0937,100.67345742021246,4.969397594011059,4.797873612368872,28.146741224157118,0.04830185248223786,-4.2579787546515036e-05,-2.405988941411863e-06,-2.6387631128166333e-05,4.122415711904637e-05,1.852482237857389e-06,0.0062804462757416624,9660.0,0.0,0.0,0.0,0.0,0.0,1.758670245000001,3.0392297549999996,0.0,0.0,0.0,4.7979,0.0,20454.30614698,9943.790393245,4901.05452656125,-4759.37318643875,-9377.065032755,-18187.404705020002
ZTFI-0057,IN1047095214,Government of India,Government,SOV,INR,100,0.0593,2,Fixed,2021-10-15,2049-10-08,2024-10-31,24.9363,28,0.0664,91.4652,1.2994,92.0076,12.7049,12.2967,226.3196,0.1125,12.2967,226.3196,0,0,3,20Y+,100000,91465.2,91465.2,0.002853,False,,False,False,IN10YT,5.8824,-5.3648,12.2822,-10.2122,26.6345,-18.3543,91.46524556896813,12.70488748695325,12.296639069834738,226.31963874729283,0.11247151121954022,4.5568968133125054e-05,-1.2513046749873524e-05,-6.093016526165229e-05,3.874729281960754e-05,-2.84887804597872e-05,0.0028529964424598643,11250.0,0.0,0.0,0.0,0.0,0.0,0.0,0.0,0.0,6.226679979000001,6.070020020999999,12.2967,0.0,26634.475992384,12282.219622296,5882.3552176739995,-5364.846030725999,-10212.182874503998,-18354.329001215996
ZTFI-0058,IN4745171236,Government of India,Government,SOV,INR,100,0.0776,2,Fixed,2019-01-13,2056-01-04,2024-10-31,31.1759,37,0.0733,105.2365,0.513,105.4763,12.5144,12.072,240.7139,0.127,12.072,240.7139,0,0,6,20Y+,5000,5261.82,5261.82,0.000164,False,,False,False,IN10YT,6.6687,-6.0354,13.9707,-11.4376,30.4747,-20.3419,105.23654868987406,12.514381468432456,12.071944695347952,240.71391264084838,0.12704097957134516,4.868987404904601e-05,-1.8531567544499694e-05,-5.53046520472833e-05,1.2640848382261538e-05,4.097957134516217e-05,0.00016412749046483432,635.0,0.0,0.0,0.0,0.0,0.0,0.0,0.0,0.0,0.0,12.072,12.072,0.0,1523.7324634595998,698.5365710649,333.435870366225,-301.77104003377497,-571.8772497350999,-1017.0951781403999
ZTFI-0059,IN4965137098,Government of India,Government,SOV,INR,100,0.0593,2,Fixed,2014-12-13,2030-12-09,2024-10-31,6.1054,16,0.0717,94.0386,1.3482,94.4866,5.1029,4.9263,29.2043,0.0463,4.9263,29.2043,0,0,8,5-7Y,50000,47019.3,47019.3,0.001467,False,,False,False,IN10YT,2.3506,-2.282,4.7699,-4.4953,9.8145,-8.716,94.03859291384205,5.1028690411346265,4.9262625294537115,29.20431131169391,0.046325879659401145,-7.086157950197958e-06,-3.095886537352044e-05,-3.747054628888691e-05,1.1311693910442955e-05,2.5879659401144284e-05,0.001466633163508669,2315.0,0.0,0.0,0.0,0.0,0.0,2.203533989999999,2.7227660100000013,0.0,0.0,0.0,4.9263,0.0,4907.256700398,2384.9700630495004,1175.3204597373751,-1140.991316162625,-2247.6534887505,-4357.990403202
ZTFI-0060,IN2004711382,Government of India,Government,SOV,INR,100,0.0611,2,Fixed,2014-08-14,2039-08-08,2024-10-31,14.768,25,0.0728,89.6271,0.6402,90.7609,9.5262,9.1916,113.3344,0.0824,9.1916,113.3344,0,0,-1,10-15Y,100000,89627.1,89627.1,0.002796,False,,False,False,IN10YT,4.2461,-3.9921,8.7461,-7.7303,18.5079,-14.4448,89.6270609935265,9.526180408776034,9.191605952118906,113.33436900481402,0.08238166272990224,-3.9006473500080574e-05,-1.959122396577584e-05,5.9521189061939594e-06,-3.0995185980486895e-05,-1.8337270097756875e-05,0.002795662147439622,8240.0,0.0,0.0,0.0,0.0,0.0,0.0,0.0,4.809045119999999,4.38255488,0.0,9.191599999999998,-1.7763568394002505e-15,18507.895767648002,8746.056203712,4246.055181828,-3992.109341772,-7730.272843488,-14444.762326752001
ZTFI-0061,IN1796405377,Government of India,Government,SOV,INR,100,0.0771,2,Fixed,2022-11-23,2047-11-17,2024-10-31,23.0445,25,0.0722,105.4588,1.738,106.7017,11.3982,11.0011,184.3055,0.116,11.0011,184.3055,0,0,-4,20Y+,100000,105458.8,105458.8,0.003289,False,,False,False,IN10YT,6.0438,-5.5579,12.5735,-10.6298,27.0906,-19.3159,105.45875308481861,11.398203065556435,11.001064632329346,184.30550925988177,0.11601585587309513,-4.691518138599804e-05,3.065556436254724e-06,-3.536767065348556e-05,9.259881778689305e-06,1.5855873095119155e-05,0.0032894869439533984,11600.000000000002,0.0,0.0,0.0,0.0,0.0,0.0,0.0,0.0,7.651815105000001,3.349284894999999,11.0011,0.0,27090.583466279997,12573.45988997,6043.7719841925,-5557.8560626075005,-10629.796203630001,-19315.928720919997
ZTFI-0062,IN4317139005,Government of India,Government,SOV,INR,100,0.0569,2,Fixed,2017-04-04,2027-04-02,2024-10-31,2.4175,10,0.0672,98.1021,1.0884,98.3968,1.9176,1.8553,4.4239,0.0182,1.8553,4.4239,0,0,1,2-3Y,500000,490510.5,490510.5,0.0153,False,,False,False,IN10YT,0.9155,-0.9046,1.8418,-1.7984,3.727,-3.5534,98.10206046490495,1.9176363406511903,1.855298317193489,4.423922629373363,0.018200858769375206,-3.9535095041287605e-05,3.634065119029195e-05,-1.6828065110274792e-06,2.2629373363614036e-05,8.587693752053205e-07,0.015300078188089124,9100.0,0.0,0.0,0.0,1.08071225,0.7745877499999999,0.0,0.0,0.0,0.0,0.0,1.8552999999999997,-2.220446049250313e-16,18634.87649319,9208.9397765475,4577.345270761875,-4523.096035738125,-8991.9428364525,-17766.88873281
ZTFI-0063,IN5290422842,Government of India,Government,SOV,INR,100,0.0531,2,Fixed,2024-01-27,2027-01-26,2024-10-31,2.2368,3,0.0688,97.1125,0.3159,97.5423,1.9225,1.8586,4.4321,0.018,1.8586,4.4321,0,0,0,2-3Y,500000,485562.5,485562.5,0.015146,False,,False,False,IN10YT,0.9078,-0.8971,1.8265,-1.7834,3.6959,-3.5238,97.1125211572884,1.9224526499351375,1.85851957650342,4.432061035874174,0.018048552169442303,2.1157288401241203e-05,-4.7350064862561325e-05,-8.04234965801065e-05,-3.8964125826268514e-05,4.8552169442304255e-05,0.015145739418838181,8999.999999999998,0.0,0.0,0.0,1.4184835199999999,0.44011648000000025,0.0,0.0,0.0,0.0,0.0,1.8586,0.0,18479.74156125,9132.2677028125,4539.233081953125,-4485.431543046875,-8917.0615471875,-17618.91693875
ZTFI-0064,IN0268117758,Government of India,Government,SOV,INR,100,0.0669,2,Fixed,2017-01-12,2047-01-05,2024-10-31,22.1793,30,0.0749,91.4377,1.2163,92.9576,11.3562,10.9463,180.1098,0.1001,10.9463,180.1098,0,0,4,20Y+,5000,4571.89,4571.89,0.000143,False,,False,False,IN10YT,5.2104,-4.7987,10.8325,-9.1856,23.3119,-16.7243,91.43770919794724,11.356153980022661,10.946218111738071,180.1098148194493,0.1000897108518409,9.197947235861648e-06,-4.601997733821861e-05,-8.188826192956355e-05,1.4819449290826014e-05,-1.0289148159092765e-05,0.00014260708887443345,500.5,0.0,0.0,0.0,0.0,0.0,0.0,0.0,0.0,8.560772840999999,2.3855271590000013,10.9463,0.0,1165.5940288444003,541.6249047461001,260.51942495402506,-239.933370115975,-459.28068539390006,-836.2171514356
ZTFI-0065,IN0076617711,Government of India,Government,SOV,INR,100,0.0592,2,Fixed,2023-09-05,2034-09-02,2024-10-31,9.8371,11,0.0679,93.9816,0.8663,95.0356,7.3223,7.0819,62.3182,0.0666,7.0819,62.3182,0,0,7,7-10Y,200000,187963.2,187963.2,0.005863,False,,False,False,IN10YT,3.4011,-3.2546,6.9485,-6.3628,14.4827,-12.14,93.98155168444046,7.322321645356618,7.0818914312651655,62.31818033590133,0.06655671455710432,-4.831555953899169e-05,2.1645356617305822e-05,-8.568734834568659e-06,-1.9664098665828078e-05,-4.328544289568248e-05,0.0058629767486800665,13320.000000000002,0.0,0.0,0.0,0.0,0.0,0.0,0.3845471700000009,6.697352829999999,0.0,0.0,7.0819,0.0,28965.437379648003,13897.042275312002,6802.102034028001,-6509.263826772001,-12725.689446288003,-24280.026063552006
ZTFI-0066,IN8478961183,Government of India,Government,SOV,INR,100,0.0623,2,Fixed,2018-05-04,2034-04-30,2024-10-31,9.4949,16,0.0737,92.5959,0.6479,92.744,6.9315,6.6852,55.7209,0.0619,6.6852,55.7209,0,0,8,7-10Y,50000,46297.95,46297.95,0.001444,False,,False,False,IN10YT,3.1596,-3.0306,6.4482,-5.9322,13.4123,-11.3485,92.59588729170852,6.9314972329179545,6.685149474772585,55.720867489103846,0.061901734729426665,-1.270829147870245e-05,-2.767082045274094e-06,-5.052522741522125e-05,-3.2510896154747115e-05,1.7347294266681357e-06,0.001444132704495094,3095.0,0.0,0.0,0.0,0.0,0.0,0.0,1.1255648400000016,5.559635159999998,0.0,0.0,6.6852,0.0,6706.173795231,3224.0987255077503,1579.8023197269374,-1515.3082336730627,-2966.1223812922503,-5674.268418369
ZTFI-0067,IN4527111161,Government of India,Government,SOV,INR,100,0.0712,2,Fixed,2012-07-28,2037-07-22,2024-10-31,12.7228,25,0.0708,100.3282,1.7028,101.328,8.4861,8.196,88.7139,0.0822,8.196,88.7139,0,0,-2,10-15Y,100000,100328.2,100328.2,0.003129,False,,False,False,IN10YT,4.2227,-4.0002,8.6679,-7.7779,18.2259,-14.6657,100.32820390850503,8.48610795709281,8.195970597926221,88.71389919397282,0.08222870093768539,3.908505036065435e-06,7.95709281042889e-06,-2.9402073778328486e-05,-8.060271738941083e-07,2.8700937685394168e-05,0.0031294524877046328,8219.999999999998,0.0,0.0,0.0,0.0,0.0,0.0,0.0,5.96439312,2.2316068799999997,0.0,8.196,0.0,18225.899724396,8667.924567099,4222.70595977475,-4000.1933122252503,-7777.873976901,-14665.697363603998
ZTFI-0068,IN5604945198,Government of India,Government,SOV,INR,100,0.0561,2,Fixed,2021-01-31,2053-01-23,2024-10-31,28.23,32,0.0661,87.3205,0.7802,87.4816,13.5165,13.0841,264.8212,0.1143,13.0841,264.8212,0,0,3,20Y+,500000,436602.5,436602.5,0.013619,False,,False,False,IN10YT,6.0016,-5.4235,12.5813,-10.2689,27.4751,-18.2253,87.32048929655454,13.516509761152163,13.08408088781004,264.821219305608,0.11425083451192705,-1.0703445454396388e-05,9.761152162113262e-06,-1.911218995864772e-05,1.9305608020658838e-05,-4.916548807294696e-05,0.013618571645490121,57150.0,0.0,0.0,0.0,0.0,0.0,0.0,0.0,0.0,2.315885699999999,10.7682143,13.0841,0.0,137375.3349996,62906.58760114999,30008.0238259125,-27117.483876587496,-51344.42780384999,-91126.6958104
ZTFI-0069,IN3689980940,Government of India,Government,SOV,INR,100,0.0551,2,Fixed,2010-12-25,2031-12-20,2024-10-31,7.1348,21,0.0687,92.5416,1.1982,93.3217,5.8495,5.6552,38.4933,0.0523,5.6552,38.4933,0,0,7,7-10Y,10000,9254.16,9254.16,0.000289,False,,False,False,IN10YT,2.6612,-2.5722,5.4115,-5.0553,11.1793,-9.7544,92.541561343865,5.849507205019803,5.655249388524003,38.49333033026861,0.05233456082029491,-3.8656135004089265e-05,7.205019803002699e-06,4.9388524002935696e-05,3.0330268614875422e-05,3.456082029491131e-05,0.0002886571675123914,522.9999999999999,0.0,0.0,0.0,0.0,0.0,0.0,5.401093013333333,0.25410698666666715,0.0,0.0,5.6552,0.0,1117.9271440655998,541.1524141763999,266.1234176241,-257.21783869589996,-505.5300984636,-975.4378812144
ZTFI-0070,IN2018366752,Government of India,Government,SOV,INR,100,0.0605,2,Fixed,2013-01-29,2035-01-24,2024-10-31,10.2313,22,0.071,92.5721,1.3361,92.8074,7.538,7.2796,66.5795,0.0674,7.2796,66.5795,0,0,-4,10-15Y,5000,4628.61,4628.61,0.000144,False,,False,False,IN10YT,3.4465,-3.2924,7.047,-6.4307,14.7104,-12.2451,92.57213316528981,7.537970754882319,7.279546841991616,66.57948215359225,0.06738831796398127,3.3165289806902365e-05,-2.924511768132021e-05,-5.315800838445739e-05,-1.7846407743604686e-05,-1.1682036018728637e-05,0.0001443763077491128,337.0,0.0,0.0,0.0,0.0,0.0,0.0,0.0,7.111222852000001,0.16837714799999942,0.0,7.2796,0.0,735.5226950189999,352.35282053475,172.3242785236875,-164.62001503631248,-321.53576658525,-612.254479221
ZTFI-0071,IN1476797643,Government of India,Government,SOV,INR,100,0.0715,2,Fixed,2021-07-29,2030-07-27,2024-10-31,5.7358,9,0.0662,102.4104,1.2128,103.2803,4.6546,4.5055,24.6582,0.0461,4.5055,24.6582,0,0,4,5-7Y,200000,204820.8,204820.8,0.006389,False,,False,False,IN10YT,2.3386,-2.2755,4.7404,-4.4878,9.7333,-8.7231,102.4103747602581,4.654613119921387,4.505481676431504,24.65817209044989,0.04614080669588262,-2.5239741901827983e-05,1.3119921386639533e-05,-1.8323568495404174e-05,-2.7909550109228576e-05,4.080669588261976e-05,0.006388801574170103,9220.000000000002,0.0,0.0,0.0,0.0,0.0,2.847926549999999,1.6575734500000003,0.0,0.0,0.0,4.5055,0.0,19466.504738112,9480.726756527998,4677.231975132,-4550.9691688679995,-8975.675531472,-17446.299837887997
ZTFI-0072,IN3690034324,Government of India,Government,SOV,INR,100,0.0582,2,Fixed,2024-04-09,2033-04-07,2024-10-31,8.4326,9,0.0728,91.2634,0.188,92.0383,6.4248,6.1992,47.0204,0.0566,6.1992,47.0204,0,0,2,7-10Y,10000,9126.34,9126.34,0.000285,False,,False,False,IN10YT,2.8824,-2.7752,5.8722,-5.443,12.1734,-10.457,91.26340202235079,6.4247992913521665,6.199150223226714,47.020353459140395,0.05657555390192853,2.022350784613991e-06,-7.086478337470226e-07,-4.977677328632524e-05,-4.6540859607091534e-05,-2.4446098071465028e-05,0.0002846701866139161,566.0,0.0,0.0,0.0,0.0,0.0,0.0,3.2388753599999984,2.960324640000002,0.0,0.0,6.1992,0.0,1217.3449700272001,587.2162771468,288.2440866067,-277.5159826733,-544.3038614132,-1045.6953070928002
ZTFI-0073,IN8516060715,Government of India,Government,SOV,INR,100,0.0664,2,Fixed,2018-06-23,2056-06-13,2024-10-31,31.6167,38,0.0717,93.4117,0.1912,93.4463,13.0366,12.5854,260.4158,0.1176,12.5854,260.4158,0,0,5,20Y+,20000,18682.34,18682.34,0.000583,False,,False,False,IN10YT,6.1822,-5.574,12.9725,-10.5399,28.3776,-18.6473,93.41171507708825,13.036587877430732,12.58540124287371,260.41577184901166,0.11756239150301513,1.5077088249881854e-05,-1.2122569268413486e-05,1.2428737097280873e-06,-2.8150988327979576e-05,-3.760849698486446e-05,0.0005827423933564418,2352.0,0.0,0.0,0.0,0.0,0.0,0.0,0.0,0.0,0.0,12.5854,12.5854,0.0,5675.5297401144,2594.5060442086,1236.43831564215,-1114.8089027178498,-2107.9883925114,-3729.4591333255994
ZTFI-0074,IN9751613696,Government of India,Government,SOV,INR,100,0.0649,2,Fixed,2011-09-21,2038-09-14,2024-10-31,13.87,27,0.0728,93.2813,0.5404,93.5541,9.0219,8.705,100.8387,0.0812,8.705,100.8387,0,0,-2,10-15Y,10000,9328.13,9328.13,0.000291,False,,False,False,IN10YT,4.1776,-3.9425,8.5905,-7.6498,18.1215,-14.359,93.2812601971158,9.02191003946292,8.705046352241336,100.838685724498,0.0812017693811378,-3.980288420279976e-05,1.0039462919664288e-05,4.635224133586746e-05,-1.4275501996507955e-05,1.769381137800563e-06,0.00029096445101309715,811.9999999999999,0.0,0.0,0.0,0.0,0.0,0.0,0.0,5.336165000000001,3.3688349999999994,0.0,8.705,0.0,1812.1547335261998,859.0455416315499,417.76481453288744,-394.2489019671125,-764.98189136845,-1435.9001324738
ZTFI-0075,IN8355231243,Government of India,Government,SOV,INR,100,0.0549,2,Fixed,2016-09-26,2027-09-24,2024-10-31,2.8966,11,0.0719,96.1725,1.3056,97.0344,2.3669,2.2848,6.4947,0.022,2.2848,6.4947,0,0,9,2-3Y,10000,9617.25,9617.25,0.0003,False,,False,False,IN10YT,1.1065,-1.0909,2.2286,-2.1661,4.5196,-4.2698,96.17250926128929,2.3669383957004952,2.2847998414020902,6.494714353635018,0.021973493390743483,9.261289292794572e-06,3.8395700495463814e-05,-1.58597909916125e-07,1.4353635018338196e-05,-2.6506609256515823e-05,0.00029998272606682246,219.99999999999997,0.0,0.0,0.0,0.23624832000000037,2.0485516799999997,0.0,0.0,0.0,0.0,0.0,2.2848,0.0,451.96208671500005,222.85798567875003,110.64822841968751,-109.08669958031251,-216.61187032125005,-426.9776252850001
ZTFI-0076,IN9799552717,Government of India,Government,SOV,INR,100,0.0626,2,Fixed,2012-10-17,2033-10-12,2024-10-31,8.9473,21,0.0712,94.5856,0.794,95.0714,6.6594,6.4305,51.1685,0.0608,6.4305,51.1685,0,0,9,7-10Y,20000,18917.12,18917.12,0.00059,False,,False,False,IN10YT,3.1017,-2.9807,6.3243,-5.8403,13.1326,-11.1967,94.58563617061029,6.6594145999923615,6.4304891850061425,51.16845799218321,0.06082319104520353,3.6170610286490046e-05,1.4599992361752356e-05,-1.0814993857799493e-05,-4.200781679486454e-05,2.3191045203527216e-05,0.0005900656868578032,1216.0,0.0,0.0,0.0,0.0,0.0,0.0,2.2564624499999995,4.174037550000001,0.0,0.0,6.4305,0.0,2626.522934144,1264.863434336,620.332208984,-596.133192616,-1168.067368864,-2239.338672256
ZTFI-0077,IN0541199867,Government of India,Government,SOV,INR,100,0.0665,2,Fixed,2022-12-27,2026-12-26,2024-10-31,2.152,4,0.0735,98.7197,0.3129,99.7255,1.9048,1.8373,4.3575,0.0181,1.8373,4.3575,0,0,-1,2-3Y,200000,197439.4,197439.4,0.006159,False,,False,False,IN10YT,0.9123,-0.9015,1.8353,-1.7923,3.7136,-3.5415,98.71974519036189,1.9048208730820628,1.8373000946053173,4.357519506648975,0.01813777971776647,4.5190361888103325e-05,2.0873082062777826e-05,9.460531735783206e-08,1.9506648975209373e-05,3.777971776646946e-05,0.006158559821674365,3620.0,0.0,0.0,0.0,1.5580303999999996,0.27926960000000023,0.0,0.0,0.0,0.0,0.0,1.8373,0.0,7427.1766295,3670.5712054749997,1824.53132541875,-1803.02277078125,-3584.5369869250003,-7083.0397553
ZTFI-0078,IN7151820377,Government of India,Government,SOV,INR,100,0.0649,2,Fixed,2020-05-02,2032-04-29,2024-10-31,7.4935,12,0.0746,94.7843,0.6632,95.3333,5.6944,5.4896,36.8728,0.052,5.4896,36.8728,0,0,-4,7-10Y,50000,47392.15,47392.15,0.001478,False,,False,False,IN10YT,2.6453,-2.558,5.378,-5.0285,11.1056,-9.7076,94.78434488239212,5.694388517725936,5.489625487058648,36.87276857726216,0.05203305554405367,4.488239211752898e-05,-1.148227406400082e-05,2.54870586475775e-05,-3.142273784106919e-05,3.3055544053674224e-05,0.0014782631574688982,2600.0,0.0,0.0,0.0,0.0,0.0,0.0,4.5865608,0.9030392,0.0,0.0,5.4896,0.0,5552.775186504,2689.013529826,1322.6632490565,-1278.9762173435001,-2514.265402974,-4853.782679096
ZTFI-0079,IN5151864492,Government of India,Government,SOV,INR,100,0.0595,2,Fixed,2014-09-20,2053-09-10,2024-10-31,28.8597,39,0.0746,82.2688,1.4394,83.3078,12.6784,12.2225,240.0864,0.1006,12.2225,240.0864,0,0,7,20Y+,20000,16453.76,16453.76,0.000513,False,,False,False,IN10YT,5.2745,-4.7808,11.0429,-9.0677,24.0609,-16.1603,82.26879901153228,12.678433505706694,12.222533023914675,240.08637757573024,0.10055331127562524,-9.884677183435997e-07,3.350570669446995e-05,3.302391467485677e-05,-2.242426975840317e-05,-4.6688724374757684e-05,0.000513228186732095,2011.9999999999998,0.0,0.0,0.0,0.0,0.0,0.0,0.0,0.0,1.3937316749999995,10.828768325,12.2225,0.0,4812.1864329728,2208.5770162432,1054.9094580608,-956.1513579391999,-1813.5446157567999,-3232.0568310271997
ZTFI-0080,IN9148652816,Government of India,Government,SOV,INR,100,0.0645,2,Fixed,2023-08-11,2026-08-10,2024-10-31,1.7741,3,0.0669,99.6628,0.551,100.8982,1.4535,1.4065,2.6931,0.014,1.4065,2.6931,0,0,1,1-2Y,10000,9966.28,9966.28,0.000311,False,,False,False,IN10YT,0.7042,-0.6975,1.4152,-1.3883,2.8572,-2.7498,99.66280566612363,1.4535391350652298,1.4064919783881464,2.693092103738937,0.01401749367130596,5.666123627179331e-06,3.913506522978949e-05,-8.021611853648025e-06,-7.896261062789733e-06,1.7493671305959108e-05,0.0003108697229608518,140.00000000000003,0.0,0.0,0.31772835,1.08877165,0.0,0.0,0.0,0.0,0.0,0.0,1.4064999999999999,-2.220446049250313e-16,285.71949413360005,141.5177376334,70.42336645835002,-69.75236174165,-138.83371876660001,-274.98341866640004
ZTFI-0081,IN2214188805,State of Gujarat,Government,SOV,INR,100,0.0799,2,Fixed,2022-11-23,2034-11-20,2024-10-31,10.0534,12,0.0738,104.2612,0.3612,105.6452,7.1375,6.8835,61.3486,0.0718,6.8835,61.3486,0,0,0,10-15Y,10000,10426.12,10426.12,0.000325,False,,False,False,IN10YT,3.6684,-3.5085,7.4966,-6.857,15.6329,-13.0744,104.26119620126406,7.137459046440653,6.883459394773511,61.34863176385888,0.07176777105019154,-3.798735946247689e-06,-4.095355934730094e-05,-4.060522648874354e-05,3.17638588853697e-05,-3.222894980846325e-05,0.0003252131222438659,718.0,0.0,0.0,0.0,0.0,0.0,0.0,0.0,6.846742109999999,0.036757889999999925,0.0,6.883499999999999,-8.881784197001252e-16,1563.2895134864002,749.6633634716,366.8363334179,-350.8456367821,-685.7005769284,-1307.4383673135999
ZTFI-0082,IN0653794738,State of AP,Government,SOV,INR,100,0.0691,2,Fixed,2013-05-12,2028-05-08,2024-10-31,3.5181,15,0.079,97.0235,0.6354,98.6597,3.1622,3.042,11.3024,0.0295,3.042,11.3024,0,0,9,3-5Y,10000,9702.35,9702.35,0.000303,False,,False,False,IN10YT,1.4894,-1.462,3.0063,-2.8966,6.1222,-5.6836,97.02348547578971,3.1622377395916947,3.042075747562958,11.302369000708529,0.02951527921099268,-1.4524210286026573e-05,3.773959169484087e-05,7.574756295802842e-05,-3.099929147154512e-05,1.5279210992681647e-05,0.0003026371782218862,294.99999999999994,0.0,0.0,0.0,0.0,2.2539699,0.7880301,0.0,0.0,0.0,0.0,3.042,0.0,612.222942128,300.628479032,148.943491508,-146.201995492,-289.66249496800003,-568.359005872
ZTFI-0083,IN4688623924,State of AP,Government,SOV,INR,100,0.0659,2,Fixed,2016-06-22,2026-06-20,2024-10-31,1.6345,10,0.0755,98.6622,1.172,99.5122,1.4523,1.3995,2.6678,0.0138,1.3995,2.6678,0,0,-2,1-2Y,5000,4933.11,4933.11,0.000154,False,,False,False,IN10YT,0.6937,-0.6871,1.3939,-1.3676,2.8142,-2.7089,98.6622475440872,1.4523124878469416,1.3994820408064963,2.66780717922007,0.013807604354355489,4.7544087195205975e-05,1.2487846941633407e-05,-1.795919350366937e-05,7.179220069986059e-06,7.604354355488993e-06,0.00015387431810418806,68.99999999999999,0.0,0.0,0.5115172499999999,0.88798275,0.0,0.0,0.0,0.0,0.0,0.0,1.3995,0.0,140.7098590716,69.6969019929,34.683944110725,-34.354930339275,-68.3808469071,-135.4456387284
ZTFI-0084,IN1247826137,State of Rajasthan,Government,SOV,INR,100,0.08,2,Fixed,2023-07-04,2026-07-03,2024-10-31,1.6701,3,0.074,100.8373,0.4716,102.8264,1.4433,1.3918,2.6494,0.014,1.3918,2.6494,0,0,6,1-2Y,20000,20167.46,20167.46,0.000629,False,,False,False,IN10YT,0.7051,-0.6984,1.4168,-1.3901,2.8603,-2.7535,100.83729031270883,1.4433036397608467,1.3918067885832661,2.6493577367767354,0.014034602519956977,-9.687291168347656e-06,3.639760846718687e-06,6.788583266192916e-06,-4.2263223264615846e-05,3.460251995697668e-05,0.000629066482481333,280.00000000000006,0.0,0.0,0.4591548200000001,0.9326451799999999,0.0,0.0,0.0,0.0,0.0,0.0,1.3918,0.0,572.0677502648,283.3622917062,141.01324999655,-139.67745828345,-278.01912485379995,-550.6950828552
ZTFI-0085,IN0515220472,State of Gujarat,Government,SOV,INR,100,0.0779,2,Fixed,2020-04-19,2030-04-17,2024-10-31,5.4593,10,0.0701,103.2427,0.037,103.6627,4.2497,4.1058,20.5911,0.0424,4.1058,20.5911,0,0,-1,5-7Y,5000,5162.14,5162.14,0.000161,False,,False,False,IN10YT,2.146,-2.0929,4.3452,-4.1326,8.9031,-8.0527,103.24265881843345,4.249736534828644,4.105827288371232,20.59110088091058,0.0423896525900725,-4.118156654442373e-05,3.653482864418578e-05,2.7288371232003783e-05,8.809105800366979e-07,-1.0347409927502493e-05,0.0001610182567302074,212.0,0.0,0.0,0.0,0.0,0.0,3.1629030300000007,0.9428969699999997,0.0,0.0,0.0,4.1058,0.0,445.1531164308001,217.26185116770003,107.30224882192502,-104.64489529807501,-206.63243707230004,-402.63546004920005
ZTFI-0086,IN1434103697,State of Kerala,Government,SOV,INR,100,0.0661,2,Fixed,2018-12-20,2028-12-17,2024-10-31,4.1287,10,0.0702,98.5914,0.9503,99.7788,3.5761,3.4548,14.4461,0.0341,3.4548,14.4461,0,0,4,3-5Y,100000,98591.4,98591.4,0.003075,False,,False,False,IN10YT,1.7209,-1.6853,3.4773,-3.3349,7.0971,-6.5274,98.59142704975093,3.5760841553448453,3.4548199742487156,14.446138076251211,0.03406156314611646,2.704975094047768e-05,-1.584465515458433e-05,1.997424871547082e-05,3.807625121154956e-05,-3.8436853883536126e-05,0.0030752779577056352,3409.9999999999995,0.0,0.0,0.0,0.0,1.5050836199999995,1.9497163800000006,0.0,0.0,0.0,0.0,3.4548,0.0,7097.123619108,3477.348748377,1720.8711088942503,-1685.2645783057499,-3334.9226260230002,-6527.419129692
ZTFI-0087,IN0953962185,State of Kerala,Government,SOV,INR,100,0.0662,2,Fixed,2018-11-24,2029-11-21,2024-10-31,5.0568,11,0.0779,95.2302,0.9171,95.8764,4.3178,4.1559,20.8995,0.0396,4.1559,20.8995,0,0,10,5-7Y,100000,95230.2,95230.2,0.00297,False,,False,False,IN10YT,2.0037,-1.954,4.0572,-3.8582,8.3134,-7.5173,95.23022684721653,4.317797832208721,4.155924570199453,20.899537041668843,0.039576963958001476,2.6847216531677986e-05,-2.1677912789286324e-06,2.4570199452789154e-05,3.704166884332949e-05,-2.303604199852677e-05,0.0029704348956186765,3960.0000000000005,0.0,0.0,0.0,0.0,0.0,4.03787244,0.11802755999999992,0.0,0.0,0.0,4.1559,0.0,8313.39647658,4057.1850600450002,2003.71423546125,-1953.9576463387498,-3858.1587035549996,-7517.29105062
ZTFI-0088,IN6540515319,State of Maharashtra,Government,SOV,INR,100,0.0775,2,Fixed,2023-05-27,2031-05-25,2024-10-31,6.5626,8,0.0735,102.038,1.5762,102.3772,5.2417,5.0559,31.5799,0.0516,5.0559,31.5799,0,0,9,5-7Y,20000,20407.6,20407.6,0.000637,False,,False,False,IN10YT,2.6197,-2.5392,5.3201,-4.9978,10.9623,-9.6734,102.03801596564722,5.2416575186261065,5.055854852786213,31.579924420963714,0.05158893981885946,1.5965647222060397e-05,-4.248137389328832e-05,-4.514721378701125e-05,2.4420963715243715e-05,-1.1060181140540304e-05,0.0006365569659186655,1032.0,0.0,0.0,0.0,0.0,0.0,1.1057253300000007,3.9501746699999996,0.0,0.0,0.0,5.0559,0.0,2192.469690248,1064.0113467620001,523.9497987905,-507.83804960950005,-999.564350038,-1934.681703352
ZTFI-0089,IN2217043030,State of AP,Government,SOV,INR,100,0.0704,2,Fixed,2021-03-30,2028-03-28,2024-10-31,3.4059,7,0.0799,97.5096,0.8332,97.5741,2.7526,2.6469,8.6482,0.0258,2.6469,8.6482,0,0,1,3-5Y,100000,97509.6,97509.6,0.003042,False,,False,False,IN10YT,1.301,-1.2799,2.6231,-2.5388,5.3306,-4.9933,97.50957963039113,2.752614524496991,2.646871988554249,8.648170059618103,0.02580953749393823,-2.0369608876080747e-05,1.452449699090863e-05,-2.801144575093062e-05,-2.9940381896409463e-05,9.537493938231029e-06,0.003041534287419526,2580.0,0.0,0.0,0.0,0.0,2.109711645,0.537188355,0.0,0.0,0.0,0.0,2.6469,0.0,5330.619709344,2623.145728536,1301.031832734,-1279.949769666,-2538.817476264,-4993.306700256
ZTFI-0090,IN5054156676,State of Rajasthan,Government,SOV,INR,100,0.0708,2,Fixed,2022-05-09,2027-05-08,2024-10-31,2.5161,5,0.075,99.0585,0.9191,100.4765,2.3339,2.2495,6.3532,0.0223,2.2495,6.3532,0,0,8,2-3Y,500000,495292.5,495292.5,0.015449,False,,False,False,IN10YT,1.122,-1.1063,2.2598,-2.1969,4.5825,-4.3308,99.05851502004923,2.333889401675606,2.2495319534222706,6.353159785300036,0.02228352947961607,1.5020049232816746e-05,-1.0598324393651382e-05,3.195342227080289e-05,-4.021469996384752e-05,-1.647052038393146e-05,0.015449239060069321,11150.0,0.0,0.0,0.0,1.0885330500000003,1.1609669499999995,0.0,0.0,0.0,0.0,0.0,2.2495,0.0,22912.5480372,11298.939403049999,5610.136047637499,-5531.4687398625,-10984.270171949998,-21653.871112799996
ZTFI-0091,IN6928451154,State of Karnataka,Government,SOV,INR,100,0.0702,2,Fixed,2016-06-12,2028-06-09,2024-10-31,3.6057,12,0.0717,99.5429,0.617,99.6172,3.1625,3.053,11.3822,0.0304,3.053,11.3822,0,0,6,3-5Y,50000,49771.45,49771.45,0.001552,False,,False,False,IN10YT,1.5337,-1.5054,3.0957,-2.9824,6.3047,-5.8515,99.5428603949921,3.162489630959506,3.0530382110918626,11.38221444925475,0.03039081564272937,-3.960500789901289e-05,-1.0369040494229154e-05,3.8211091862638824e-05,1.444925475091452e-05,-9.184357270628635e-06,0.0015524786452778654,1520.0,0.0,0.0,0.0,0.0,2.12839895,0.9246010500000001,0.0,0.0,0.0,0.0,3.053,0.0,3152.3464566380003,1547.8477984095,766.842541727375,-752.679826772625,-1491.1969385905,-2925.743017362
ZTFI-0092,IN4016582029,State of Kerala,Government,SOV,INR,100,0.0765,2,Fixed,2024-01-09,2034-01-06,2024-10-31,9.1828,10,0.0707,103.8139,1.2339,104.5065,6.7155,6.4862,53.3654,0.0673,6.4862,53.3654,0,0,-4,7-10Y,500000,519069.5,519069.5,0.016191,False,,False,False,IN10YT,3.436,-3.2975,7.0106,-6.4566,14.5752,-12.3591,103.8139334617422,6.715520348129007,6.486232045326708,53.36544367588706,0.0673361261970967,3.346174219132081e-05,2.0348129007530247e-05,3.204532670775251e-05,4.367588705633807e-05,3.612619709669751e-05,0.01619089486372326,33650.0,0.0,0.0,0.0,0.0,0.0,0.0,1.7668408799999993,4.719359120000001,0.0,0.0,6.4862,0.0,72875.84211706,35052.903483765,17180.19734819125,-16487.68856080875,-32282.868334235,-61795.701518940004
ZTFI-0093,IN7557192856,State of Tamil Nadu,Government,SOV,INR,100,0.0703,2,Fixed,2022-11-02,2029-10-31,2024-10-31,4.9993,7,0.0711,99.6965,0.327,100.6064,3.9338,3.7988,17.4969,0.0379,3.7988,17.4969,0,0,-2,3-5Y,200000,199393.0,199393.0,0.006219,False,,False,False,IN10YT,1.9154,-1.8718,3.8745,-3.7001,7.9234,-7.2257,99.6964625932456,3.9338070180304827,3.7987610622668946,17.496915488539567,0.03787230401449694,-3.740675440155883e-05,7.0180304825306905e-06,-3.893773310537085e-05,1.5488539567343196e-05,-2.7695985503062293e-05,0.006219496810277567,7580.000000000001,0.0,0.0,0.0,0.0,0.0013295800000002753,3.79747042,0.0,0.0,0.0,0.0,3.7988,0.0,15846.83444434,7748.979253085,3830.88013427125,-3743.66114972875,-7400.103314915001,-14451.330691660001
ZTFI-0094,IN4739473121,State of Rajasthan,Government,SOV,INR,100,0.0727,2,Fixed,2018-07-21,2032-07-17,2024-10-31,7.7098,14,0.0709,101.0333,1.7585,102.8264,5.9206,5.7179,40.5352,0.0578,5.7179,40.5352,0,0,6,7-10Y,200000,202066.6,202066.6,0.006303,False,,False,False,IN10YT,2.9397,-2.8373,5.9818,-5.5722,12.373,-10.7349,101.03325747692423,5.920624395055405,5.7179239896232605,40.53521897794928,0.05777004866770888,-4.2523075762801454e-05,2.4395055405079802e-05,2.398962326033427e-05,1.897794927430141e-05,-2.9951332291118515e-05,0.006302892148488829,11559.999999999998,0.0,0.0,0.0,0.0,0.0,0.0,4.365044859999999,1.3528551400000008,0.0,0.0,5.7179,0.0,24746.094251664,11963.506623616,5879.368186254001,-5674.597935146,-11144.425619184,-21469.770233936
ZTFI-0095,IN8844225831,State of Karnataka,Government,SOV,INR,100,0.0817,2,Fixed,2022-05-23,2037-05-19,2024-10-31,12.5476,15,0.0779,103.0014,0.7371,104.1703,8.1279,7.8232,82.7369,0.0806,7.8232,82.7369,0,0,9,10-15Y,5000,5150.07,5150.07,0.000161,False,,False,False,IN10YT,4.1355,-3.9225,8.4841,-7.6319,17.8204,-14.4116,103.0014131681441,8.127867797536974,7.823155876160521,82.73690080117474,0.08057961106792041,1.3168144093356204e-05,-3.220246302682028e-05,-4.4123839479048854e-05,8.011747354430554e-07,-2.038893207959025e-05,0.00016064176745275005,403.0,0.0,0.0,0.0,0.0,0.0,0.0,0.0,5.830161568000001,1.9930384319999994,0.0,7.823200000000001,8.881784197001252e-16,891.0207177965999,424.20531756914994,206.77639845228748,-196.12387778771247,-381.59523491084997,-720.5803871633999
ZTFI-0096,IN9114678669,State of Tamil Nadu,Government,SOV,INR,100,0.0663,2,Fixed,2019-11-04,2027-11-02,2024-10-31,3.0034,8,0.0745,97.8313,0.8575,98.044,2.7664,2.6671,8.7523,0.0261,2.6671,8.7523,0,0,0,3-5Y,200000,195662.6,195662.6,0.006103,False,,False,False,IN10YT,1.3153,-1.2939,2.6521,-2.5664,5.3898,-5.0473,97.83134804207853,2.7664106109893964,2.6670625316841616,8.752280819015416,0.02609223227871803,4.804207853226217e-05,1.0610989396475645e-05,-3.746831583839594e-05,-1.918098458375539e-05,-7.767721281970452e-06,0.006103137605586032,5220.000000000001,0.0,0.0,0.0,0.0,2.66256593,0.004534070000000093,0.0,0.0,0.0,0.0,2.6671,0.0,10779.533963996,5304.142093299,2630.6648244747503,-2587.85238012525,-5132.892315901,-10094.534854404
ZTFI-0097,IN6801824225,State of Tamil Nadu,Government,SOV,INR,100,0.0809,2,Fixed,2022-08-10,2028-08-08,2024-10-31,3.77,6,0.0794,100.4507,1.7109,100.9575,3.1182,2.9991,11.0827,0.0301,2.9991,11.0827,0,0,3,3-5Y,20000,20090.14,20090.14,0.000627,False,,False,False,IN10YT,1.5202,-1.4924,3.0683,-2.957,6.2479,-5.8026,100.45065358686819,3.1182403816910913,2.9991732054353095,11.082741176116706,0.030126890870619937,-4.641313181252826e-05,4.0381691091440075e-05,7.32054353096423e-05,4.117611670473309e-05,2.689087061993889e-05,0.0006266547052706452,601.9999999999999,0.0,0.0,0.0,0.0,1.8444464999999999,1.1546535,0.0,0.0,0.0,0.0,2.9991,0.0,1249.5773763956001,613.6560384689,304.04485680222496,-298.478531937775,-591.3907390111,-1160.5161785644
ZTFI-0098,IN4981829922,State of Tamil Nadu,Government,SOV,INR,100,0.0762,2,Fixed,2012-08-13,2026-08-10,2024-10-31,1.7741,14,0.0734,100.391,0.0785,102.0365,1.4457,1.3945,2.6569,0.014,1.3945,2.6569,0,0,-3,1-2Y,100000,100391.0,100391.0,0.003131,False,,False,False,IN10YT,0.7033,-0.6966,1.4133,-1.3866,2.8533,-2.7466,100.39095892546759,1.4457358171732835,1.3945556257097362,2.656915346012838,0.014000077653990587,-4.1074532418861054e-05,3.581717328349221e-05,5.562570973616232e-05,1.534601283825765e-05,7.765399058674849e-08,0.003131411354864891,1400.0,0.0,0.0,0.31501755,1.07948245,0.0,0.0,0.0,0.0,0.0,0.0,1.3944999999999999,-2.220446049250313e-16,2853.2507595800002,1413.288937395,703.31035809875,-696.6421369012501,-1386.616052605,-2746.55922042
ZTFI-0099,IN9439690784,State of Maharashtra,Government,SOV,INR,100,0.0759,2,Fixed,2021-06-09,2028-06-07,2024-10-31,3.6003,7,0.078,99.3674,0.7706,100.228,3.1373,3.0195,11.1909,0.03,3.0195,11.1909,0,0,-4,3-5Y,200000,198734.8,198734.8,0.006199,False,,False,False,IN10YT,1.5141,-1.4863,3.056,-2.9448,6.2232,-5.7784,99.36744869909558,3.1373002953485276,3.0195383015866484,11.190851089864877,0.030004381727786546,4.869909557214669e-05,2.9534852741264217e-07,3.83015866485259e-05,-4.891013512242637e-05,4.3817277865475235e-06,0.006198966135677533,6000.0,0.0,0.0,0.0,0.0,2.113197075,0.9063029249999998,0.0,0.0,0.0,0.0,3.0195,0.0,12446.398826664,6111.998349666,3028.1989089165,-2972.5983770834996,-5889.596222333999,-11556.790317336
ZTFI-0100,IN7677359255,State of Tamil Nadu,Government,SOV,INR,100,0.0775,2,Fixed,2017-07-06,2025-07-04,2024-10-31,0.6735,8,0.0713,100.2993,0.9978,100.505,0.5,0.4828,0.4662,0.0048,0.4828,0.4662,0,0,2,0-1Y,20000,20059.86,20059.86,0.000626,False,,False,False,IN10YT,0.2427,-0.2415,0.4866,-0.4819,0.9778,-0.9591,100.29932892386424,0.5,0.48278858687780624,0.4661696392389381,0.00484233712759447,2.892386423525295e-05,0.0,-1.1413122193770775e-05,-3.036076106188723e-05,4.233712759447051e-05,0.0006257102069010174,96.0,0.0,0.3152684,0.1675316,0.0,0.0,0.0,0.0,0.0,0.0,0.0,0.4828,0.0,195.5683895064,97.31659941660001,48.54140087415,-48.30760320585,-96.38140874339999,-191.8276268136
ZTFI-0101,IN1473210469,State of AP,Government,SOV,INR,100,0.0721,2,Fixed,2021-01-30,2026-01-29,2024-10-31,1.2457,5,0.0793,99.3207,0.5637,100.6962,0.9825,0.945,1.3555,0.0094,0.945,1.3555,0,0,10,1-2Y,200000,198641.4,198641.4,0.006196,False,,False,False,IN10YT,0.471,-0.4676,0.9453,-0.9318,1.9041,-1.8502,99.32066524363525,0.9825438487707159,0.9450717537351184,1.3554681141676237,0.009386515528394099,-3.475636475513966e-05,4.384877071583748e-05,7.175373511847383e-05,-3.188583237623277e-05,-1.3484471605901271e-05,0.006196052788658931,1880.0,0.0,0.0,0.7128135,0.23218650000000002,0.0,0.0,0.0,0.0,0.0,0.0,0.9450000000000001,1.1102230246251565e-16,3808.17414354,1890.624150885,941.9463452212499,-935.21488477875,-1863.6983091149998,-3700.47077646
ZTFI-0102,IN7470168733,State of AP,Government,SOV,INR,100,0.0749,2,Fixed,2024-03-26,2027-03-26,2024-10-31,2.3984,3,0.0749,100.0,1.2251,100.8812,1.8943,1.8259,4.3191,0.0183,1.8259,4.3191,0,0,-5,2-3Y,500000,500000.0,500000.0,0.015596,False,,False,False,IN10YT,0.9183,-0.9076,1.8475,-1.8043,3.7382,-3.5654,100.0,1.8942882543790918,1.8259079997870662,4.319136785260988,0.018259079997870662,0.0,-1.17456209083322e-05,7.99978706611526e-06,3.6785260988381197e-05,-4.092000212933822e-05,0.015596076116708128,9150.0,0.0,0.0,0.0,1.09846144,0.7274385600000002,0.0,0.0,0.0,0.0,0.0,1.8259,0.0,18690.91,9237.4775,4591.744375,-4537.755625000001,-9021.522500000001,-17827.09
ZTFI-0103,IN6245650609,State of Karnataka,Government,SOV,INR,100,0.0746,2,Fixed,2020-06-19,2028-06-17,2024-10-31,3.6277,8,0.0707,101.1908,0.8399,102.2163,3.1467,3.0393,11.3152,0.0308,3.0393,11.3152,0,0,-2,3-5Y,100000,101190.8,101190.8,0.003156,False,,False,False,IN10YT,1.5521,-1.5234,3.1327,-3.0182,6.38,-5.922,101.19078023420438,3.1467345925617383,3.03929549675157,11.315218708325432,0.03075486826785952,-1.976579561357994e-05,3.459256173821146e-05,-4.503248429710283e-06,1.870832543104939e-05,-4.5131732140480524e-05,0.0031563588382211775,3080.0,0.0,0.0,0.0,0.0,2.085415695,0.9538843049999999,0.0,0.0,0.0,0.0,3.0393,0.0,6379.9827968320005,3132.741691408,1552.058418952,-1523.433565448,-3018.2422773920002,-5921.985140768
ZTFI-0104,IN1655852398,State of Tamil Nadu,Government,SOV,INR,100,0.0718,2,Fixed,2024-03-30,2027-03-30,2024-10-31,2.4093,3,0.0714,100.0733,1.4431,101.0055,1.8985,1.8331,4.3466,0.0183,1.8331,4.3466,0,0,-1,2-3Y,20000,20014.66,20014.66,0.000624,False,,False,False,IN10YT,0.9227,-0.9118,1.8562,-1.8127,3.7559,-3.5819,100.07333967305375,1.8984558361680035,1.8330171248122076,4.346612803082745,0.018343614535785643,3.9673053748856546e-05,-4.41638319965687e-05,-8.287518779237502e-05,1.280308274509423e-05,4.3614535785642394e-05,0.000624300321620067,366.0,0.0,0.0,0.0,1.08281217,0.75028783,0.0,0.0,0.0,0.0,0.0,1.8331,0.0,751.1766091512,371.23851851780006,184.53181274445,-182.35691971555,-362.53894640219994,-716.3783206888
ZTFI-0105,IN5952694958,State of Tamil Nadu,Government,SOV,INR,100,0.0791,2,Fixed,2019-06-10,2030-06-07,2024-10-31,5.5989,11,0.0756,101.5514,1.6131,102.2798,4.573,4.4064,23.8472,0.0447,4.4064,23.8472,0,0,-2,5-7Y,50000,50775.7,50775.7,0.001584,False,,False,False,IN10YT,2.2677,-2.2071,4.5958,-4.3537,9.4339,-8.4652,101.55143611456603,4.572956174342003,4.40639446361727,23.847157199674616,0.04474756858676066,3.6114566029255e-05,-4.382565799776472e-05,-5.536382730042533e-06,-4.2800325385172755e-05,4.7568586760665665e-05,0.0015838033641582736,2235.0,0.0,0.0,0.0,0.0,0.0,3.086903519999999,1.3194964800000009,0.0,0.0,0.0,4.4064,0.0,4716.932544208,2297.923358452,1133.825950813,-1103.554493987,-2176.8375311479995,-4232.589234992
ZTFI-0106,IN9409749930,State of Kerala,Government,SOV,INR,100,0.0749,2,Fixed,2022-03-29,2027-03-28,2024-10-31,2.4038,5,0.0772,99.5812,1.5751,99.8579,1.894,1.8236,4.3088,0.0182,1.8236,4.3088,0,0,2,2-3Y,500000,497906.0,497906.0,0.015531,False,,False,False,IN10YT,0.9133,-0.9026,1.8374,-1.7945,3.7177,-3.5461,99.58118106739454,1.894037071180143,1.8236443974389978,4.308833120059095,0.018160066294391247,-1.8932605456711826e-05,3.7071180143177784e-05,4.4397438997645366e-05,3.312005909528182e-05,-3.9933705608754394e-05,0.015530759749931355,9100.0,0.0,0.0,0.0,1.0872303200000002,0.7363696799999999,0.0,0.0,0.0,0.0,0.0,1.8236,0.0,18588.703106560002,9187.082684640001,4566.72412516,-4513.089690840001,-8972.54494736,-17730.55215744
ZTFI-0107,IN9130756263,State of Maharashtra,Government,SOV,INR,100,0.072,2,Fixed,2015-10-12,2030-10-08,2024-10-31,5.9357,15,0.0747,98.8003,1.3245,98.9124,4.6312,4.4645,24.2943,0.0441,4.4645,24.2943,0,0,-1,5-7Y,500000,494001.5,494001.5,0.015409,False,,False,False,IN10YT,2.2355,-2.1755,4.531,-4.2909,9.3019,-8.3418,98.80025082091483,4.631245346013966,4.464496405276875,24.294328118509355,0.04410933646304279,-4.917908516688385e-05,4.534601396599669e-05,-3.5947231253885548e-06,2.8118509355579135e-05,9.336463042790288e-06,0.01540896999153598,22050.0,0.0,0.0,0.0,0.0,0.0,2.3757836750000005,2.0887163249999996,0.0,0.0,0.0,4.4645,0.0,46509.678063290005,22654.7679995725,11177.366241768126,-10877.330725731876,-21454.625935427503,-41709.10980671
ZTFI-0108,IN8578652785,State of Gujarat,Government,SOV,INR,100,0.0743,2,Fixed,2015-01-29,2028-01-26,2024-10-31,3.2361,13,0.0772,99.2364,1.4928,99.7275,2.7427,2.6408,8.6278,0.0262,2.6408,8.6278,0,0,10,3-5Y,200000,198472.8,198472.8,0.006191,False,,False,False,IN10YT,1.321,-1.2996,2.6634,-2.5778,5.4125,-5.07,99.23641354234996,2.7426941941208263,2.64076082622841,8.627791330599218,0.02620596334180403,1.3542349961426225e-05,-5.80587917387021e-06,-3.917377159012858e-05,-8.669400783034575e-06,5.9633418040272446e-06,0.006190793791792377,5240.0,0.0,0.0,0.0,0.0,2.32905356,0.31174643999999996,0.0,0.0,0.0,0.0,2.6408,0.0,10825.016129567999,5326.888883592,2642.039646498,-2599.230055902,-5155.650521208,-10140.062680031999
ZTFI-0109,IN3484344375,State of Gujarat,Government,SOV,INR,100,0.0732,2,Fixed,2015-01-02,2025-12-30,2024-10-31,1.1636,11,0.078,99.5467,0.5267,100.5962,0.9823,0.9454,1.3567,0.0094,0.9454,1.3567,0,0,7,1-2Y,20000,19909.34,19909.34,0.000621,False,,False,False,IN10YT,0.4722,-0.4689,0.9479,-0.9344,1.9092,-1.8552,99.54668783654975,0.982306704630833,0.9454347494040742,1.3567252598714303,0.009411489786875402,-1.216345025056853e-05,6.704630833076486e-06,3.4749404074219115e-05,2.5259871430316494e-05,1.1489786875401586e-05,0.0006210151641468436,188.0,0.0,0.0,0.79073256,0.15466743999999996,0.0,0.0,0.0,0.0,0.0,0.0,0.9454,0.0,381.8480010356,189.5734504389,94.449087699725,-93.77381266027501,-186.8723502811,-371.0436004044001
ZTFI-0110,IN5240415747,State of Kerala,Government,SOV,INR,100,0.0686,2,Fixed,2021-08-16,2032-08-13,2024-10-31,7.7837,11,0.0756,96.048,0.2354,97.1039,5.9498,5.7331,40.6528,0.0551,5.7331,40.6528,0,0,2,7-10Y,20000,19209.6,19209.6,0.000599,False,,False,False,IN10YT,2.8021,-2.7045,5.7018,-5.3113,11.794,-10.2321,96.04801155717152,5.949775152787583,5.733065285014052,40.65276488168062,0.05506495207530485,1.1557171518461473e-05,-2.4847212416467812e-05,-3.471498594809219e-05,-3.5118319381410856e-05,-3.504792469515017e-05,0.0005991887675430329,1102.0000000000002,0.0,0.0,0.0,0.0,0.0,0.0,4.235423176666668,1.4976768233333326,0.0,0.0,5.7331,0.0,2358.795960576,1140.351778944,560.4143391360001,-540.891238464,-1062.259376256,-2046.4263498240002
ZTFI-0111,IN8330165712,TCS,Banking,AAA,INR,100,0.0701,2,Fixed,2015-07-17,2025-07-14,2024-10-31,0.7009,10,0.0771,99.663,0.8337,100.8031,0.5,0.4814,0.4636,0.0048,0.4814,0.4636,79,79,83,0-1Y,200000,199326.0,199326.0,0.006217,False,,False,False,IN10YT,0.2405,-0.2393,0.4821,-0.4775,0.9688,-0.9503,99.66299167107987,0.5,0.48144046988589856,0.4635698520879096,0.004798179754035909,-8.328920131361883e-06,0.0,4.046988589856415e-05,-3.01479120904391e-05,-1.8202459640907082e-06,0.006217406936077929,960.0,0.0,0.28797348,0.19342651999999996,0.0,0.0,0.0,0.0,0.0,0.0,0.0,0.48139999999999994,-5.551115123125783e-17,1937.5922347199996,964.17574068,480.93277616999995,-478.62258783,-954.9349873199999,-1900.6292212800001
ZTFI-0112,IN0193802620,SBI,NBFC,AAA,INR,100,0.0899,2,Fixed,2018-10-28,2026-10-26,2024-10-31,1.9849,8,0.0774,101.7387,1.9705,101.7595,1.437,1.3835,2.6251,0.0141,1.3835,2.6251,75,75,73,1-2Y,200000,203477.4,203477.4,0.006347,False,,False,False,IN10YT,0.7071,-0.7004,1.4209,-1.3942,2.8685,-2.7617,101.73872017518386,1.436988891985786,1.383449400198119,2.6251187095956032,0.014075037140328237,2.0175183863102575e-05,-1.1108014214000761e-05,-5.059980188093505e-05,1.8709595603016993e-05,-2.4962859671762497e-05,0.006346898036859732,2820.0,0.0,0.0,0.02089084999999985,1.3626091500000002,0.0,0.0,0.0,0.0,0.0,0.0,1.3835,0.0,5737.049362548,2841.817255137,1414.23177103425,-1400.87805796575,-2788.4024028629997,-5523.389953452
ZTFI-0113,IN7887287431,SBI,NBFC,AAA,INR,100,0.0766,2,Fixed,2019-02-25,2028-02-23,2024-10-31,3.3128,9,0.0843,97.9958,0.565,99.2873,2.7334,2.6228,8.5303,0.0257,2.6228,8.5303,67,67,68,3-5Y,5000,4899.79,4899.79,0.000153,False,,False,False,IN10YT,1.2956,-1.2747,2.612,-2.5284,5.3077,-4.9733,97.99582725411817,2.7334460600080717,2.622891196092762,8.530253397538925,0.025703239255865373,2.7254118165842556e-05,4.606000807161337e-05,9.119609276231344e-05,-4.6602461075906376e-05,3.239255865372659e-06,0.00015283499559177064,128.50000000000003,0.0,0.0,0.0,0.0,2.2125940799999997,0.4102059200000002,0.0,0.0,0.0,0.0,2.6228,0.0,265.38271996739996,130.60152605185,64.7783045429625,-63.73338757703749,-126.42185818815,-248.66404851259998
ZTFI-0114,IN6685161227,ICICI Bank,Infrastructure,AAA,INR,100,0.0765,2,Fixed,2024-04-22,2029-04-21,2024-10-31,4.4709,5,0.08,98.8218,0.6304,99.9358,3.5172,3.3819,13.9893,0.0334,3.3819,13.9893,68,68,63,3-5Y,50000,49410.9,49410.9,0.001541,False,,False,False,IN10YT,1.6883,-1.6537,3.4112,-3.2729,6.9606,-6.4076,98.82176964688367,3.517168522041377,3.38189280965517,13.98931766352158,0.03342046322061954,-3.035311632970661e-05,-3.147795862279423e-05,-7.190344829766104e-06,1.7663521580502106e-05,2.046322061954181e-05,0.0015412323147901072,1670.0,0.0,0.0,0.0,0.0,0.8946816449999995,2.4872183550000004,0.0,0.0,0.0,0.0,3.3819,0.0,3480.2992348740004,1705.5884222685004,844.1539123421251,-826.8733147578752,-1636.4660319315,-3203.809673526
ZTFI-0115,IN5301742684,Infosys,Infrastructure,AAA,INR,100,0.0838,2,Fixed,2022-07-01,2028-06-29,2024-10-31,3.6605,6,0.0779,101.7775,1.5665,103.0465,3.109,2.9924,11.0531,0.0305,2.9924,11.0531,50,50,58,3-5Y,10000,10177.75,10177.75,0.000317,False,,False,False,IN10YT,1.5369,-1.5087,3.1018,-2.9893,6.3162,-5.8662,101.77749700715478,3.10898285019279,2.992427787855806,11.053091105408335,0.03045618102226211,-2.992845224980556e-06,-1.714980720990411e-05,2.778785580614951e-05,-8.894591665864482e-06,-4.3818977737888204e-05,0.0003174659273936523,305.0,0.0,0.0,0.0,0.0,2.0041599000000003,0.9882400999999997,0.0,0.0,0.0,0.0,2.9924,0.0,631.617119705,310.18377542625,153.6856916065625,-150.8732993934375,-298.93420657375,-586.6188442949999
ZTFI-0116,IN7833918785,IRFC,Infrastructure,AAA,INR,100,0.0716,2,Fixed,2024-03-18,2027-03-18,2024-10-31,2.3765,3,0.0821,98.099,0.2682,98.6863,1.8976,1.8228,4.2995,0.0179,1.8228,4.2995,32,32,41,2-3Y,100000,98099.0,98099.0,0.00306,False,,False,False,IN10YT,0.8993,-0.8888,1.8092,-1.7671,3.6607,-3.4919,98.09901135782974,1.897573025378781,1.8227491718733788,4.299478238051147,0.017880989171408134,1.1357829734492952e-05,-2.697462121892258e-05,-5.082812662116076e-05,-2.176194885272764e-05,-1.901082859186512e-05,0.003059918941945901,1790.0,0.0,0.0,0.0,1.1365158,0.6862842000000001,0.0,0.0,0.0,0.0,0.0,1.8228,0.0,3660.6524741,1809.237404525,899.34649413125,-888.8020778687501,-1767.0597394750002,-3491.9418139000004
ZTFI-0117,IN3971870728,HDFC Bank,Infrastructure,AAA,INR,100,0.0783,2,Fixed,2023-10-11,2025-10-10,2024-10-31,0.9418,2,0.0837,99.7408,1.5982,101.2007,0.5,0.4799,0.4606,0.0048,0.4837,0.3946,66,48,72,0-1Y,20000,19948.16,19948.16,0.000622,True,2025-04-20,False,False,IN10YT,0.2399,-0.2388,0.481,-0.4764,0.9665,-0.9481,99.74084561117243,0.5000000000000001,0.47991553486586375,0.46063784121117596,0.004786718126945936,4.561117243895296e-05,1.1102230246251565e-16,1.55348658637533e-05,3.784121117594852e-05,-1.3281873054063476e-05,0.0006222260434965448,96.0,0.0,0.055860360000000026,0.42403963999999994,0.0,0.0,0.0,0.0,0.0,0.0,0.0,0.4799,0.0,193.3000641792,96.1906259648,47.98046145120001,-47.7507583888,-95.2718137152,-189.62481518080003
ZTFI-0118,IN8017046226,IRFC,Banking,AAA,INR,100,0.0775,2,Fixed,2021-03-13,2029-03-11,2024-10-31,4.3587,8,0.0869,96.8802,0.2577,98.547,3.5058,3.3598,13.837,0.0325,3.2317,13.8222,44,17,51,3-5Y,50000,48440.1,48440.1,0.001511,True,2027-01-04,False,False,IN10YT,1.6442,-1.6107,3.322,-3.188,6.7781,-6.2419,96.8802071917479,3.5057903975752995,3.359806792443624,13.8370238680921,0.03254987781761803,7.1917478976502025e-06,-9.602424700272394e-06,6.7924436240041075e-06,2.386809210008778e-05,4.987781761802562e-05,0.0015109509734019067,1625.0,0.0,0.0,0.0,0.0,1.0773198700000004,2.2824801299999997,0.0,0.0,0.0,0.0,3.3598,0.0,3389.0340923400004,1661.003762985,822.12356069625,-805.3669191037501,-1593.9771966150001,-3120.92782686
ZTFI-0119,IN3004786863,NABARD,Banking,AAA,INR,100,0.075,2,Fixed,2023-05-28,2030-05-26,2024-10-31,5.5661,7,0.0775,98.8975,1.153,100.6529,4.6005,4.4289,24.0074,0.0438,4.6012,21.273,68,45,65,5-7Y,200000,197795.0,197795.0,0.00617,True,2027-08-12,False,False,IN10YT,2.2197,-2.1604,4.4988,-4.2614,9.235,-8.2853,98.89752064236603,4.600536892949635,4.428916383104341,24.0074418884962,0.04380088494213747,2.06423660387145e-05,3.689294963482581e-05,1.638310434159962e-05,4.18884961987942e-05,8.849421374718114e-07,0.006169651751008568,8760.0,0.0,0.0,0.0,0.0,0.0,3.1752998550000004,1.253600144999999,0.0,0.0,0.0,4.4289,0.0,18469.994246599996,8997.569939149998,4439.4281735375,-4320.714581462499,-8522.71557085,-16570.5767734
ZTFI-0120,IN0790306738,HDFC Bank,Infrastructure,AAA,INR,100,0.0743,2,Fixed,2024-03-12,2026-03-12,2024-10-31,1.3607,2,0.0879,98.7247,1.0701,99.7974,0.982,0.9407,1.3433,0.0093,0.9407,1.3433,72,72,77,1-2Y,10000,9872.47,9872.47,0.000308,False,,False,False,IN10YT,0.466,-0.4627,0.9353,-0.9221,1.8839,-1.8309,98.72467820091501,0.9819771529538706,0.9406361923021894,1.3432848731396017,0.009286400538916766,-2.1799084990448137e-05,-2.284704612942612e-05,-6.38076978105584e-05,-1.5126860398284592e-05,-1.359946108323365e-05,0.00030794358715983494,93.0,0.0,0.0,0.60138951,0.33931049,0.0,0.0,0.0,0.0,0.0,0.0,0.9407,0.0,188.3929883702,93.53340973754999,46.6009337568875,-46.2693915331125,-92.20724084245,-183.0883127898
ZTFI-0121,IN2836440892,TCS,NBFC,AAA,INR,100,0.0825,2,Fixed,2020-06-12,2028-06-10,2024-10-31,3.6085,8,0.0756,102.0876,0.7861,103.1693,3.1151,3.0016,11.1073,0.0306,3.0016,11.1073,80,80,88,3-5Y,20000,20417.52,20417.52,0.000637,False,,False,False,IN10YT,1.5463,-1.518,3.121,-3.0076,6.3553,-5.9017,102.08764917439915,3.11511823455098,3.001655650945249,11.107319893668425,0.030643196903605133,4.917439915175237e-05,1.8234550979823183e-05,5.5650945249396955e-05,1.9893668424586508e-05,4.319690360513398e-05,0.000636866392068821,612.0,0.0,0.0,0.0,0.0,2.0883632000000003,0.9132367999999996,0.0,0.0,0.0,0.0,3.0016,0.0,1271.0612646191998,624.1914563147999,309.26093415869997,-303.59134616129995,-601.5131043252,-1180.3478566607998
ZTFI-0122,IN4628733427,Bajaj Finance,Banking,AAA,INR,100,0.0883,2,Fixed,2020-08-15,2030-08-13,2024-10-31,5.7823,10,0.0804,103.4567,0.5629,104.1858,4.493,4.3194,23.1603,0.0447,4.3194,23.1603,28,28,25,5-7Y,100000,103456.7,103456.7,0.003227,False,,False,False,IN10YT,2.2643,-2.2044,4.5885,-4.3489,9.4166,-8.4582,103.45665873411653,4.493014328470325,4.319375435945323,23.160274748501788,0.04468681504211212,-4.1265883467644926e-05,1.4328470324898035e-05,-2.4564054676545766e-05,-2.5251498211531498e-05,-1.3184957887879545e-05,0.0032270371359668752,4470.0,0.0,0.0,0.0,0.0,0.0,2.6298666899999996,1.6895333100000005,0.0,0.0,0.0,4.3194,0.0,9416.635041402002,4588.5131102505,2264.305452512625,-2204.403247287375,-4348.904289349501,-8458.199757798
ZTFI-0123,IN1830469901,LIC Housing,NBFC,AAA,INR,100,0.0738,2,Fixed,2022-05-20,2032-05-17,2024-10-31,7.5428,10,0.0777,97.8144,0.0283,99.5435,5.8705,5.651,39.8104,0.0553,5.651,39.8104,39,39,37,7-10Y,20000,19562.88,19562.88,0.00061,False,,False,False,IN10YT,2.8124,-2.7151,5.7222,-5.3328,11.8338,-10.2762,97.81437577365898,5.870501400801167,5.650961544786222,39.810407053041715,0.0552745276024216,-2.422634102572374e-05,1.4008011675059606e-06,-3.845521377776606e-05,7.053041713334096e-06,-2.5472397578399364e-05,0.0006102083310840543,1106.0,0.0,0.0,0.0,0.0,0.0,0.0,4.6285457333333335,1.0224542666666663,0.0,0.0,5.651,0.0,2366.7579131904,1144.4386526976,562.4842503744,-543.0140984256001,-1066.5580449024,-2055.2354820096
ZTFI-0124,IN3936385467,IRFC,NBFC,AAA,INR,100,0.0807,2,Fixed,2022-06-27,2029-06-25,2024-10-31,4.6489,7,0.0797,100.372,1.5366,101.0181,3.8629,3.7149,16.9243,0.0373,3.6046,15.1801,49,24,45,3-5Y,50000,50186.0,50186.0,0.001565,True,2027-02-26,False,False,IN10YT,1.8856,-1.8431,3.8137,-3.6438,7.7972,-7.1177,100.37202082151146,3.862904656285653,3.7148671984282857,16.92426473723523,0.03728687277897938,2.0821511455437758e-05,4.656285653048542e-06,-3.280157171436926e-05,-3.526276476861767e-05,-1.3127221020620139e-05,0.0015654093519862282,1865.0,0.0,0.0,0.0,0.0,0.6521506949999996,3.0627493050000005,0.0,0.0,0.0,0.0,3.7149,0.0,3898.5920119600005,1906.82785999,942.7968934975,-921.5628205025,-1821.8915680100001,-3558.84684404
ZTFI-0125,IN2048996423,Power Finance Corp,Banking,AAA,INR,100,0.0766,2,Fixed,2020-05-07,2028-05-05,2024-10-31,3.5099,8,0.0782,99.5182,0.6464,100.98,3.1346,3.0166,11.1755,0.03,3.0166,11.1755,61,61,71,3-5Y,100000,99518.2,99518.2,0.003104,False,,False,False,IN10YT,1.5149,-1.4871,3.0577,-2.9465,6.2266,-5.7817,99.51823455267372,3.1346007006748424,3.016649697502495,11.17550199762206,0.030021165215930554,3.4552673724874694e-05,7.006748425908427e-07,4.9697502495060775e-05,1.9976220606565676e-06,2.116521593055476e-05,0.0031041868443955653,3000.0,0.0,0.0,0.0,0.0,2.24751783,0.76908217,0.0,0.0,0.0,0.0,3.0166,0.0,6226.56517122,3057.674303405,1514.93508115125,-1487.13094004875,-2946.457738995,-5781.69891358
ZTFI-0126,IN7725228728,IRFC,Infrastructure,AAA,INR,100,0.0898,2,Fixed,2023-10-24,2025-10-23,2024-10-31,0.9774,2,0.0859,100.187,0.1089,100.2013,0.5,0.4794,0.4597,0.0048,0.4794,0.4597,80,80,79,0-1Y,5000,5009.35,5009.35,0.000156,False,,False,False,IN10YT,0.2407,-0.2396,0.4826,-0.478,0.9698,-0.9514,100.18696965338702,0.5,0.479409367659044,0.4596666835984889,0.0048030571769206104,-3.0346612973630727e-05,0.0,9.367659044023924e-06,-3.3316401511107596e-05,3.05717692061086e-06,0.00015625240779046373,24.0,0.0,0.021668879999999956,0.45773112000000005,0.0,0.0,0.0,0.0,0.0,0.0,0.0,0.4794,0.0,48.490207439,24.12996380975,12.0361969274375,-11.9786269725625,-23.89968399025,-47.569088160999996
ZTFI-0127,IN1203875099,REC Ltd,Banking,AAA,INR,100,0.0883,2,Fixed,2024-03-17,2033-03-15,2024-10-31,8.3696,9,0.0819,103.7027,1.1826,104.3356,5.944,5.7102,41.7331,0.0592,5.7115,39.8417,20,2,28,7-10Y,50000,51851.35,51851.35,0.001617,True,2029-01-05,False,False,IN10YT,3.0149,-2.9067,6.138,-5.7052,12.7088,-10.9777,103.70273867931299,5.944039369211327,5.710206416457397,41.73305723324581,0.05921640438108177,3.867931299339489e-05,3.9369211327411335e-05,6.416457396518638e-06,-4.27667541913479e-05,1.640438108176795e-05,0.0016173552027081478,2960.0,0.0,0.0,0.0,0.0,0.0,0.0,3.1033033599999995,2.6068966400000004,0.0,0.0,5.7102,0.0,6354.415090337,3069.0116664342504,1507.4568635335627,-1453.3589241664376,-2852.6199089657503,-5488.848060463
ZTFI-0128,IN1182339845,NHAI,Banking,AAA,INR,100,0.0753,2,Fixed,2023-10-13,2031-10-11,2024-10-31,6.9432,8,0.0875,94.0481,1.3125,94.6128,5.2117,4.9932,30.9369,0.047,4.9932,30.9369,56,56,53,5-7Y,50000,47024.05,47024.05,0.001467,False,,False,False,IN10YT,2.3844,-2.3116,4.8415,-4.5505,9.9739,-8.8101,94.04807471492684,5.2116942883513415,4.9932400367438,30.936850929520528,0.046960461204524497,-2.5285073164127425e-05,-5.711648658923707e-06,4.0036743800264674e-05,-4.907047947355636e-05,-3.9538795475503596e-05,0.0014667813262317778,2350.0,0.0,0.0,0.0,0.0,0.0,0.1418068799999999,4.85139312,0.0,0.0,0.0,4.9932,0.0,4986.965395689001,2420.7437812222497,1192.1871614555625,-1155.8177031444375,-2275.26594797775,-4405.0540627109995
ZTFI-0129,IN0166687002,REC Ltd,Infrastructure,AAA,INR,100,0.0717,2,Fixed,2019-10-28,2027-10-26,2024-10-31,2.9843,8,0.0793,98.3066,1.6476,98.7185,2.3312,2.2423,6.3171,0.022,2.2423,6.3171,26,26,36,2-3Y,500000,491533.0,491533.0,0.015332,False,,False,False,IN10YT,1.1099,-1.0944,2.2354,-2.1733,4.5329,-4.2845,98.30664289426798,2.3311785139828904,2.2422724128147844,6.317081572804666,0.022043027335825166,4.289426797754459e-05,-2.1486017109495492e-05,-2.758718521578274e-05,-1.842719533406978e-05,4.302733582516732e-05,0.015331972163747792,10999.999999999998,0.0,0.0,0.0,0.03520410999999961,2.2070958900000006,0.0,0.0,0.0,0.0,0.0,2.2423,0.0,22664.301540860004,11176.897614715,5549.63551842875,-5472.008940571251,-10866.391303285001,-21422.27629514
ZTFI-0130,IN1489025039,Infosys,Banking,AAA,INR,100,0.0729,2,Fixed,2017-11-02,2025-10-31,2024-10-31,0.9993,8,0.0789,99.7114,1.5481,100.9453,0.5,0.481,0.4628,0.0048,0.481,0.4628,35,35,40,0-1Y,100000,99711.4,99711.4,0.00311,False,,False,False,IN10YT,0.2404,-0.2392,0.4819,-0.4773,0.9685,-0.95,99.71138582904422,0.49999999999999994,0.4810236182596565,0.4627674426472235,0.0047963531593171495,-1.4170955779491123e-05,-5.551115123125783e-17,2.3618259656521534e-05,-3.255735277646332e-05,-3.6468406828501013e-06,0.0031102131682070613,480.0,0.0,0.0006734000000000326,0.48032659999999994,0.0,0.0,0.0,0.0,0.0,0.0,0.0,0.481,0.0,968.452955184,481.9191557959999,240.38274744899996,-239.229086551,-477.304512204,-949.9943808159999
ZTFI-0131,IN2185016315,Bajaj Finance,Infrastructure,AAA,INR,100,0.0821,2,Fixed,2017-07-22,2025-07-20,2024-10-31,0.7173,8,0.0792,100.1395,0.9248,100.6078,0.5,0.481,0.4626,0.0048,0.481,0.4626,37,37,44,0-1Y,200000,200279.0,200279.0,0.006247,False,,False,False,IN10YT,0.2414,-0.2403,0.484,-0.4794,0.9726,-0.9541,100.13947672181608,0.5,0.48095421315890724,0.46263391031060713,0.004816250323288577,-2.3278183917341266e-05,0.0,-4.5786841092743114e-05,3.391031060712146e-05,1.6250323288577104e-05,0.0062471330571563745,960.0,0.0,0.27195739999999996,0.20904260000000005,0.0,0.0,0.0,0.0,0.0,0.0,0.0,0.481,0.0,1945.2137930800002,967.9744432699999,482.8291083175,-480.5128816825,-958.7095367300001,-1908.1541669199999
ZTFI-0132,IN9619431142,Bajaj Finance,Banking,AAA,INR,100,0.0776,2,Fixed,2022-02-12,2026-02-11,2024-10-31,1.2813,4,0.0791,99.8585,0.8628,101.3355,0.9813,0.944,1.3534,0.0094,0.9065,1.1681,25,6,33,1-2Y,5000,4992.93,4992.93,0.000156,True,2025-06-21,False,False,IN10YT,0.473,-0.4696,0.9494,-0.9359,1.9124,-1.8583,99.85845163590491,0.9813116258886495,0.9439773227729782,1.3534484147746157,0.009426411383151645,-4.836409509323403e-05,1.1625888649557936e-05,-2.2677227021761226e-05,4.841477461581256e-05,2.6411383151644582e-05,0.00015574023265079104,47.0,0.0,0.0,0.6784527999999999,0.2655472000000001,0.0,0.0,0.0,0.0,0.0,0.0,0.944,0.0,95.6180046924,47.47113077310001,23.651097493275,-23.482161706725005,-46.7953876269,-92.91503210760001
ZTFI-0133,IN8861015819,LIC Housing,Infrastructure,AAA,INR,100,0.082,2,Fixed,2019-02-26,2026-02-24,2024-10-31,1.3169,7,0.0752,100.6435,1.4859,101.7905,0.9804,0.9449,1.3568,0.0095,0.9449,1.3568,44,44,46,1-2Y,50000,50321.75,50321.75,0.00157,False,,False,False,IN10YT,0.4772,-0.4738,0.9578,-0.9442,1.9293,-1.8747,100.6434842519568,0.980369189332463,0.9448430891793205,1.3567896240383603,0.009509230056638916,-1.5748043196595063e-05,-3.08106675370734e-05,-5.691082067948994e-05,-1.03759616396637e-05,9.230056638916476e-06,0.0015696436866519145,475.0,0.0,0.0,0.64546119,0.29943880999999994,0.0,0.0,0.0,0.0,0.0,0.0,0.9449,0.0,964.6357415799998,478.90404326999993,238.59856475499998,-236.891650995,-472.07638822999996,-937.32512142
ZTFI-0134,IN2622444721,Power Finance Corp,Infrastructure,AAA,INR,100,0.0733,2,Fixed,2022-03-25,2028-03-23,2024-10-31,3.3922,6,0.0813,97.9076,0.4519,99.053,2.7439,2.6367,8.5992,0.0258,2.6367,8.5992,43,43,44,3-5Y,5000,4895.38,4895.38,0.000153,False,,False,False,IN10YT,1.3013,-1.2802,2.6236,-2.5394,5.3314,-4.9947,97.90757508996401,2.743862993596889,2.636681875363368,8.59919001727666,0.02581511287004861,-2.4910035989478274e-05,-3.700640311121717e-05,-1.812463663197761e-05,-9.982723339518884e-06,1.51128700486107e-05,0.00015269743820042127,129.0,0.0,0.0,0.0,0.0,2.11964313,0.5170568699999998,0.0,0.0,0.0,0.0,2.6367,0.0,266.5722392592,131.1813020448,65.0644466262,-64.0120378338,-126.97166687519999,-249.7336985808
ZTFI-0135,IN2406596575,LIC Housing,Banking,AAA,INR,100,0.0786,2,Fixed,2023-06-08,2027-06-07,2024-10-31,2.5982,4,0.0828,99.0688,0.3491,99.8513,2.317,2.2249,6.2438,0.022,2.2249,6.2438,32,32,37,2-3Y,200000,198137.6,198137.6,0.00618,False,,False,False,IN10YT,1.1098,-1.0944,2.2351,-2.1733,4.5321,-4.2847,99.06878278024021,2.3169604325689575,2.22485157726998,6.243818524305702,0.022041333762683447,-1.721975978341561e-05,-3.956743104271965e-05,-4.842273001992581e-05,1.8524305701816957e-05,4.133376268344868e-05,0.006180338182363737,4399.999999999999,0.0,0.0,0.0,0.8939648200000003,1.3309351799999996,0.0,0.0,0.0,0.0,0.0,2.2249,0.0,9064.153234176,4470.220039744,2219.6458755359995,-2188.717586864,-4346.506885055999,-8569.300615424
ZTFI-0136,IN7935646519,Infosys,Infrastructure,AAA,INR,100,0.074,2,Fixed,2022-09-19,2032-09-16,2024-10-31,7.8768,10,0.085,93.9904,1.7445,94.3782,5.8285,5.5909,39.157,0.0525,5.5909,39.157,80,80,84,7-10Y,5000,4699.52,4699.52,0.000147,False,,False,False,IN10YT,2.6735,-2.5814,5.4389,-5.0709,11.2459,-9.7737,93.99041254387353,5.8285315827308875,5.5909175853533695,39.15700298921875,0.052549265034616044,1.2543873538106709e-05,3.158273088743613e-05,1.7585353369042878e-05,2.9892187569657835e-06,4.9265034616045866e-05,0.00014658814326398438,262.5,0.0,0.0,0.0,0.0,0.0,0.0,3.9568662933333334,1.6340337066666673,0.0,0.0,5.5909,0.0,562.2947482880002,271.94641891200007,133.67297064800002,-129.07249303200004,-253.54450844800007,-488.6871064320001
ZTFI-0137,IN6724342661,IRFC,Banking,AAA,INR,100,0.079,2,Fixed,2019-09-06,2028-09-03,2024-10-31,3.8412,9,0.0819,99.1327,0.0726,101.0453,3.1234,3.0005,11.0819,0.0297,3.0005,11.0819,64,64,61,3-5Y,500000,495663.5,495663.5,0.015461,False,,False,False,IN10YT,1.501,-1.4735,3.0294,-2.9195,6.1687,-5.7292,99.13274926077145,3.1234196288939198,3.000547220225678,11.081876734049278,0.02974524952277369,4.926077144773444e-05,1.9628893919598767e-05,4.722022567804629e-05,-2.3265950721551576e-05,4.52495227736896e-05,0.015460811348547918,14850.0,0.0,0.0,0.0,0.0,1.7384897,1.2620103000000003,0.0,0.0,0.0,0.0,3.0005,0.0,30843.34530313,15147.027984532502,7504.8528255081255,-7367.530491991876,-14597.738650467501,-28646.187966870006
ZTFI-0138,IN5290965610,HDFC Bank,Banking,AAA,INR,100,0.072,2,Fixed,2022-04-17,2027-04-16,2024-10-31,2.4559,5,0.0817,98.243,0.8024,98.947,1.8971,1.8226,4.2997,0.0179,1.8226,4.2997,64,64,63,2-3Y,100000,98243.0,98243.0,0.003064,False,,False,False,IN10YT,0.9006,-0.89,1.8117,-1.7695,3.6656,-3.4967,98.2430217794586,1.8971192871221596,1.8226634838085791,4.29973428425608,0.017906396833643014,2.1779458606374646e-05,1.9287122159594716e-05,6.348380857912339e-05,3.428425608031915e-05,6.396833643014521e-06,0.0030644106118675133,1790.0,0.0,0.0,0.0,0.9916766599999997,0.8309233400000003,0.0,0.0,0.0,0.0,0.0,1.8226,0.0,3665.6369214200004,1811.697689355,900.5686518387499,-890.0082661612499,-1769.4561466449998,-3496.6707505799995
ZTFI-0139,IN7146112545,SBI,Banking,AAA,INR,100,0.0791,2,Fixed,2022-04-02,2027-04-01,2024-10-31,2.4148,5,0.0795,99.9274,0.8947,100.0602,1.8887,1.8165,4.2829,0.0182,1.8165,4.2829,48,48,44,2-3Y,5000,4996.37,4996.37,0.000156,False,,False,False,IN10YT,0.9129,-0.9022,1.8366,-1.7938,3.716,-3.5448,99.92735930179657,1.8886857843507188,1.8164806774231488,4.282889814395984,0.01815161173176338,-4.069820343488573e-05,-1.4215649281279497e-05,-1.932257685122174e-05,-1.0185604015333638e-05,-4.838826823662032e-05,0.00015584753365447396,91.0,0.0,0.0,0.0,1.0630157999999998,0.7534842000000002,0.0,0.0,0.0,0.0,0.0,1.8165,0.0,185.79791271460002,91.82900870364999,45.6470174384125,-45.1120436115875,-89.68911339635001,-177.23833148539998
ZTFI-0140,IN1051238282,NHAI,Infrastructure,AAA,INR,100,0.0766,2,Fixed,2017-08-18,2025-08-16,2024-10-31,0.7912,8,0.078,99.9326,1.2265,100.7601,0.5,0.4812,0.4632,0.0048,0.4812,0.4632,60,60,55,0-1Y,50000,49966.3,49966.3,0.001559,False,,False,False,IN10YT,0.241,-0.2399,0.4832,-0.4786,0.971,-0.9525,99.93262752646777,0.5,0.48123195380173245,0.46316838671966554,0.004809077359310287,2.752646777537393e-05,0.0,3.1953801732431675e-05,-3.1613280334463756e-05,9.077359310287816e-06,0.0015585564361405466,240.0,0.0,0.20094911999999998,0.28025088000000004,0.0,0.0,0.0,0.0,0.0,0.0,0.0,0.4812,0.0,485.50454923200004,241.59505510800005,120.508222677,-119.92961292300002,-239.280616092,-476.24679316800007
ZTFI-0141,IN3796603341,IRFC,Infrastructure,AAA,INR,100,0.0815,2,Fixed,2022-08-27,2032-08-24,2024-10-31,7.8138,10,0.0792,101.2822,1.7576,102.3574,5.7682,5.5485,38.7699,0.0562,5.5485,38.7699,27,27,32,7-10Y,50000,50641.1,50641.1,0.00158,False,,False,False,IN10YT,2.8589,-2.7607,5.816,-5.4233,12.0246,-10.4539,101.28219822080374,5.76824220126619,5.5485207784399675,38.76992965621217,0.05619663813142051,-1.7791962676483308e-06,4.220126619003395e-05,2.077843996772799e-05,2.9656212170436902e-05,-3.361868579493388e-06,0.0015796049004676558,2810.0,0.0,0.0,0.0,0.0,0.0,0.0,4.0433769,1.5051230999999992,0.0,0.0,5.548499999999999,-8.881784197001252e-16,6012.312943578,2907.9889526445,1429.452596536125,-1380.368836963875,-2711.6539143555,-5226.972790421999
ZTFI-0142,IN9691557924,Power Finance Corp,NBFC,AAA,INR,100,0.0884,2,Fixed,2022-12-28,2025-12-27,2024-10-31,1.1554,3,0.0791,100.8776,1.5325,102.0065,0.9789,0.9417,1.349,0.0095,0.934,1.1745,39,18,46,1-2Y,10000,10087.76,10087.76,0.000315,True,2025-05-29,False,False,IN10YT,0.4767,-0.4733,0.9568,-0.9432,1.9271,-1.8727,100.87759985738957,0.978925748905807,0.9416822172149555,1.3490328396545677,0.009499464190102969,-1.4261043190799683e-07,2.5748905806977085e-05,-1.7782785044495597e-05,3.283965456768456e-05,-5.358098970308089e-07,0.00031465894561416715,95.0,0.0,0.0,0.79535982,0.14634018,0.0,0.0,0.0,0.0,0.0,0.0,0.9417,0.0,192.71454948800002,95.676855332,47.668322813,-47.328113107,-94.316016508,-187.271194192
ZTFI-0143,IN7828274225,Bajaj Finance,Banking,AAA,INR,100,0.0868,2,Fixed,2023-06-21,2025-06-20,2024-10-31,0.6352,2,0.0874,99.9713,0.8332,101.1899,0.5,0.4791,0.459,0.0048,0.4791,0.459,28,28,38,0-1Y,50000,49985.65,49985.65,0.001559,False,,False,False,IN10YT,0.2401,-0.2389,0.4813,-0.4767,0.9671,-0.9487,99.97125610807703,0.5,0.4790648653827728,0.45900629048842845,0.004789271634956263,-4.3891922970829e-05,0.0,-3.513461722720601e-05,6.29048842842872e-06,-1.0728365043736338e-05,0.0015591600042862634,240.0,0.0,0.34955136000000003,0.12954864,0.0,0.0,0.0,0.0,0.0,0.0,0.0,0.4791,0.0,483.55118097,240.6284198175,120.02741724187501,-119.453831908125,-238.33407848250002,-474.37381563
ZTFI-0144,IN7677219034,Bajaj Finance,Infrastructure,AAA,INR,100,0.0707,2,Fixed,2022-03-09,2027-03-08,2024-10-31,2.3491,5,0.0772,98.8164,1.3538,99.788,1.8992,1.8286,4.3248,0.0181,1.8286,4.3248,56,56,54,2-3Y,50000,49408.2,49408.2,0.001541,False,,False,False,IN10YT,0.9088,-0.8981,1.8283,-1.7856,3.6994,-3.5284,98.81638127741931,1.8992047939552672,1.828620059652674,4.324752303150097,0.01806976170261759,-1.8722580691132862e-05,4.793955267201611e-06,2.005965267404264e-05,-4.769684990257872e-05,-3.0238297382412238e-05,0.001541148095979077,905.0,0.0,0.0,0.0,1.19023574,0.6383642599999999,0.0,0.0,0.0,0.0,0.0,1.8286,0.0,1849.6928070719998,914.162374368,454.410179892,-449.068165308,-892.794316032,-1764.220573728
ZTFI-0145,IN4858078361,Power Finance Corp,Banking,AAA,INR,100,0.0847,2,Fixed,2023-02-22,2028-02-21,2024-10-31,3.3073,5,0.088,99.1462,1.7294,100.0759,2.7098,2.5956,8.4001,0.0257,2.5956,8.4001,36,36,34,3-5Y,50000,49573.1,49573.1,0.001546,False,,False,False,IN10YT,1.2971,-1.2763,2.6151,-2.5318,5.3134,-4.9803,99.14619817628447,2.7098492407396186,2.5956410351912056,8.40005636011768,0.025734794046956347,-1.823715521709346e-06,4.9240739618650053e-05,4.103519120546295e-05,-4.363988231936844e-05,3.479404695634625e-05,0.0015462916818823674,1285.0000000000002,0.0,0.0,0.0,0.0,2.19678606,0.3988139400000002,0.0,0.0,0.0,0.0,2.5956,0.0,2656.722566662,1307.5403334655002,648.5649292663751,-638.154454333625,-1265.8984337345,-2490.1549677380003
ZTFI-0146,IN3959629233,NHAI,Banking,AAA,INR,100,0.0861,2,Fixed,2021-02-21,2028-02-20,2024-10-31,3.3046,7,0.0828,100.861,0.6299,102.0938,2.7084,2.6007,8.4355,0.0262,2.6007,8.4355,40,40,38,3-5Y,10000,10086.1,10086.1,0.000315,False,,False,False,IN10YT,1.3222,-1.3009,2.6656,-2.5806,5.4163,-5.076,100.86102426797417,2.708422749566616,2.6007516320017436,8.435452733751266,0.026231447347030132,2.4267974168878936e-05,2.2749566615853922e-05,5.1632001743850964e-05,-4.726624873363505e-05,3.1447347030130746e-05,0.0003146071666414597,262.0,0.0,0.0,0.0,0.0,2.2046133899999996,0.3960866100000002,0.0,0.0,0.0,0.0,2.6007,0.0,541.6346647099999,266.5632675275,132.218117556875,-130.091085143125,-258.0551378725,-507.60214609
ZTFI-0147,IN0422325367,ICICI Bank,NBFC,AAA,INR,100,0.0728,2,Fixed,2021-03-13,2027-03-12,2024-10-31,2.36,6,0.0799,98.7112,1.3994,99.4444,1.8963,1.8235,4.3047,0.018,1.8235,4.3047,60,60,63,2-3Y,5000,4935.56,4935.56,0.000154,False,,False,False,IN10YT,0.9053,-0.8947,1.8212,-1.7788,3.685,-3.515,98.71123533554066,1.8963221626053421,1.8234743618494564,4.304708371456442,0.017999740686084655,3.533554065882072e-05,2.2162605342046504e-05,-2.563815054346108e-05,8.37145644183579e-06,-2.593139153440893e-07,0.00015395073887715995,90.0,0.0,0.0,0.0,1.16704,0.6564599999999997,0.0,0.0,0.0,0.0,0.0,1.8234999999999997,-2.220446049250313e-16,184.2490942264,91.0622418566,45.26554461415,-44.734391985849996,-88.93763134339999,-175.7506521736
ZTFI-0148,IN7759017518,IRFC,NBFC,AAA,INR,100,0.078,2,Fixed,2018-07-26,2026-07-24,2024-10-31,1.7276,8,0.0814,99.5289,1.0673,99.7836,1.4443,1.3878,2.6329,0.0138,1.3878,2.6329,73,73,83,1-2Y,20000,19905.78,19905.78,0.000621,False,,False,False,IN10YT,0.6939,-0.6874,1.3944,-1.3682,2.8149,-2.7101,99.5288605950039,1.4442579998452145,1.387775535548395,2.632919068643165,0.01381237178147531,-3.94049960874554e-05,-4.200015478539321e-05,-2.4464451604977455e-05,1.9068643165365273e-05,1.2371781475310414e-05,0.0006209041200848926,275.99999999999994,0.0,0.0,0.37803671999999994,1.00976328,0.0,0.0,0.0,0.0,0.0,0.0,1.3878,0.0,562.9868153123999,278.87291124809997,138.781331522025,-137.471083317975,-273.6319184319,-542.0228440476
ZTFI-0149,IN0017012770,NHAI,NBFC,AAA,INR,100,0.0898,2,Fixed,2022-12-02,2030-11-30,2024-10-31,6.0808,8,0.084,102.6904,0.3569,104.7844,4.7855,4.5926,26.3858,0.0472,4.5926,26.3858,76,76,79,5-7Y,10000,10269.04,10269.04,0.00032,False,,False,False,IN10YT,2.3919,-2.3242,4.8516,-4.5807,9.9742,-8.8904,102.69035873487348,4.785490175982234,4.592600936643219,26.385834099023413,0.04716158377100081,-4.1265126512257666e-05,-9.824017765502902e-06,9.366432189850116e-07,3.409902341289239e-05,-3.841622899918712e-05,0.0003203134589710409,472.0,0.0,0.0,0.0,0.0,0.0,2.11075896,2.48184104,0.0,0.0,0.0,4.5926,0.0,997.4232292064002,485.16377282160005,239.19492596540002,-232.42100507460003,-458.06808925840005,-889.0404949536
ZTFI-0150,IN5415206436,HDFC Bank,Infrastructure,AAA,INR,100,0.0831,2,Fixed,2024-05-01,2027-05-01,2024-10-31,2.4969,3,0.0812,100.3444,1.4127,100.3637,1.8837,1.8102,4.2606,0.0182,1.8102,4.2606,57,57,62,2-3Y,10000,10034.44,10034.44,0.000313,False,,False,False,IN10YT,0.9136,-0.9029,1.8378,-1.7951,3.7184,-3.5474,100.34435298661343,1.8836991602266766,1.810204843577433,4.2606188253568815,0.018164383380201127,-4.7013386563321546e-05,-8.397733233245219e-07,4.843577432911417e-06,1.882535688135789e-05,-3.561661979887415e-05,0.0003129957800570814,182.0,0.0,0.0,0.0,0.9107116199999998,0.8994883800000002,0.0,0.0,0.0,0.0,0.0,1.8102,0.0,371.8374127728,183.7810696332,91.3561256283,-90.2873072517,-179.50579612680002,-354.7363187472
ZTFI-0151,IN2713611155,HDFC Bank,NBFC,AAA,INR,100,0.0876,2,Fixed,2023-03-10,2027-03-09,2024-10-31,2.3518,4,0.0856,100.3606,1.4829,100.5104,1.8778,1.8007,4.2248,0.0181,1.8007,4.2248,28,28,23,2-3Y,500000,501803.0,501803.0,0.015652,False,,False,False,IN10YT,0.9089,-0.8983,1.8284,-1.786,3.6992,-3.5296,100.36060692517827,1.8778460434099697,1.8007729606923377,4.224842338902198,0.01807266672695332,6.925178269057142e-06,4.604340996983147e-05,7.296069233775349e-05,4.233890219751402e-05,-2.733327304667993e-05,0.015652315567184976,9050.0,0.0,0.0,0.0,1.1672137400000002,0.6334862599999997,0.0,0.0,0.0,0.0,0.0,1.8007,0.0,18495.936704879998,9141.96748672,4544.48352693,-4491.483094069999,-8929.965755279998,-17647.92977912
ZTFI-0152,IN2753269731,Power Finance Corp,Infrastructure,AAA,INR,100,0.0879,2,Fixed,2022-01-29,2026-01-28,2024-10-31,1.243,4,0.0827,100.4894,0.6911,100.7967,0.979,0.9401,1.3445,0.0094,0.9401,1.3445,42,42,45,1-2Y,50000,50244.7,50244.7,0.001567,False,,False,False,IN10YT,0.474,-0.4707,0.9515,-0.9379,1.9164,-1.8624,100.48943765446204,0.9790003649868532,0.940126148736595,1.344510811062583,0.009447274801079555,3.7654462033742675e-05,3.6498685318520074e-07,2.6148736594899802e-05,1.0811062582938291e-05,4.727480107955505e-05,0.0015672403313223297,470.0,0.0,0.0,0.7116556999999999,0.2284443000000001,0.0,0.0,0.0,0.0,0.0,0.0,0.9400999999999999,-1.1102230246251565e-16,958.21164923,475.7281246575001,237.01963733937504,-235.330787360625,-468.9727247425,-931.1900495700002
ZTFI-0153,IN3899940438,REC Ltd,Banking,AAA,INR,100,0.0821,2,Fixed,2021-05-06,2026-05-05,2024-10-31,1.5086,5,0.0788,100.4584,1.9595,101.4742,1.4418,1.3871,2.6334,0.0139,1.3871,2.6334,70,70,68,1-2Y,5000,5022.92,5022.92,0.000157,False,,False,False,IN10YT,0.7,-0.6934,1.4067,-1.3802,2.8398,-2.734,100.45841194816825,1.4417745424279993,1.3871219380681155,2.6333820266699846,0.013934806707678826,1.194816825034195e-05,-2.5457572000675555e-05,2.1938068115456844e-05,-1.797333001540835e-05,3.480670767882707e-05,0.00015667568529627117,69.49999999999999,0.0,0.0,0.6816209400000001,0.7054790599999999,0.0,0.0,0.0,0.0,0.0,0.0,1.3871,0.0,141.99131814560002,70.3342911964,35.0018036291,-34.6711196909,-69.0115554436,-136.7003751344
ZTFI-0154,IN9180552696,TCS,NBFC,AAA,INR,100,0.0773,2,Fixed,2022-01-18,2026-01-17,2024-10-31,1.2129,4,0.0874,99.0525,0.0267,99.4694,0.9813,0.9402,1.3427,0.0093,0.9799,1.3324,24,12,31,1-2Y,500000,495262.5,495262.5,0.015448,True,2025-06-09,False,False,IN10YT,0.4673,-0.464,0.9379,-0.9246,1.8892,-1.836,99.05254813257008,0.9813070361175737,0.9402194463136665,1.3426981194256586,0.009313113196116284,4.813257008606797e-05,7.036117573799849e-06,1.9446313666460213e-05,-1.880574341361907e-06,1.311319611628503e-05,0.015448303295502319,4649.999999999999,0.0,0.0,0.74003142,0.2001685800000001,0.0,0.0,0.0,0.0,0.0,0.0,0.9402000000000001,1.1102230246251565e-16,9445.913841750002,4689.7074729375,2336.541374484375,-2319.9166505156254,-4623.208577062501,-9179.91825825
ZTFI-0155,IN8666188924,NABARD,NBFC,AAA,INR,100,0.0717,2,Fixed,2023-04-25,2026-04-24,2024-10-31,1.4784,3,0.0776,99.4426,0.7004,100.5796,0.9826,0.9459,1.3579,0.0094,0.9459,1.3579,29,29,26,1-2Y,500000,497213.0,497213.0,0.015509,False,,False,False,IN10YT,0.472,-0.4686,0.9474,-0.9339,1.9083,-1.8542,99.44264389956184,0.98264779935062,0.9459451283698691,1.3578799108836297,0.009406728454901021,4.38995618452509e-05,4.779935061993701e-05,4.5128369869140705e-05,-2.0089116370414217e-05,6.728454901020614e-06,0.015509143588433597,4700.0,0.0,0.0,0.49338144000000006,0.4525185599999999,0.0,0.0,0.0,0.0,0.0,0.0,0.9459,0.0,9541.30864054,4736.896043635,2360.00845265875,-2343.1293143412504,-4669.3794903650005,-9271.24242746
ZTFI-0156,IN6303161799,Infosys,Infrastructure,AAA,INR,100,0.0711,2,Fixed,2023-12-23,2027-12-22,2024-10-31,3.1403,4,0.0842,96.5898,1.694,97.5194,2.749,2.6379,8.5973,0.0255,2.6379,8.5973,20,20,23,3-5Y,200000,193179.6,193179.6,0.006026,False,,False,False,IN10YT,1.2844,-1.2636,2.5895,-2.5064,5.262,-4.9298,96.58975055571811,2.7489560386935517,2.637900430566694,8.597261941976896,0.02547941445792584,-4.9444281884802876e-05,-4.396130644845897e-05,4.305666938542174e-07,-3.805802310452577e-05,-2.0585542074159913e-05,0.006025687491590459,5099.999999999999,0.0,0.0,0.0,0.0,2.452851315,0.18504868499999982,0.0,0.0,0.0,0.0,2.6379,0.0,10523.933931816002,5178.925817154001,2568.7026213885006,-2527.1820470115003,-5012.8435196460005,-9859.604741784002
ZTFI-0157,IN2410564814,ICICI Bank,NBFC,AAA,INR,100,0.0842,2,Fixed,2023-05-06,2026-05-05,2024-10-31,1.5086,3,0.0816,100.3602,0.3513,100.6913,1.4403,1.3838,2.6228,0.0139,1.3838,2.6228,51,51,49,1-2Y,5000,5018.01,5018.01,0.000157,False,,False,False,IN10YT,0.6977,-0.6911,1.4019,-1.3756,2.8302,-2.7249,100.36021476715192,1.4403332728510152,1.3838713228776087,2.622768203972906,0.013888562317409944,1.4767151910177745e-05,3.3272851015286875e-05,7.132287760880374e-05,-3.179602709391105e-05,-1.1437682590055218e-05,0.00015652253182880512,69.49999999999999,0.0,0.0,0.6799993200000001,0.7038006799999998,0.0,0.0,0.0,0.0,0.0,0.0,1.3838,0.0,141.5106920856,70.0972842114,34.884126647849996,-34.55509573215,-68.7811605486,-136.2461974344
ZTFI-0158,IN1380003075,Power Finance Corp,Infrastructure,AAA,INR,100,0.0777,2,Fixed,2023-10-19,2027-10-18,2024-10-31,2.9624,4,0.0875,97.8414,1.387,99.1151,2.3176,2.2205,6.2182,0.0217,2.2205,6.2182,55,55,57,2-3Y,5000,4892.07,4892.07,0.000153,False,,False,False,IN10YT,1.0939,-1.0787,2.203,-2.1421,4.4668,-4.2235,97.84139785462415,2.3175935901414624,2.220448948638527,6.218231277324175,0.021725182899962402,-2.145375844975206e-06,-6.40985853772591e-06,-5.105136147287581e-05,3.127732417418372e-05,2.5182899962401806e-05,0.00015259419217652866,108.5,0.0,0.0,0.0,0.08349079999999967,2.1370092,0.0,0.0,0.0,0.0,0.0,2.2205,0.0,223.34080263479996,110.1494078337,54.69445554592499,-53.933958804075,-107.10742086629999,-211.1728547652
ZTFI-0159,IN6541951802,SBI,Banking,AAA,INR,100,0.0745,2,Fixed,2015-07-05,2025-07-02,2024-10-31,0.668,10,0.0874,99.382,0.5258,100.9555,0.5,0.4791,0.459,0.0048,0.4791,0.459,76,76,81,0-1Y,5000,4969.1,4969.1,0.000155,False,,False,False,IN10YT,0.2386,-0.2375,0.4784,-0.4739,0.9614,-0.9432,99.38200632365621,0.5,0.4790648653827728,0.4590062904884284,0.0047610427480912244,6.3236562084512116e-06,0.0,-3.513461722720601e-05,6.290488428373209e-06,-3.8957251908775144e-05,0.00015499692366306874,24.0,0.0,0.31812239999999997,0.16097760000000005,0.0,0.0,0.0,0.0,0.0,0.0,0.0,0.4791,0.0,48.070079580000005,23.920998945,11.931989261250003,-11.87496883875,-23.692917255000005,-47.157752820000006
ZTFI-0160,IN7053494937,HDFC Bank,Infrastructure,AAA,INR,100,0.0774,2,Fixed,2016-05-10,2025-05-08,2024-10-31,0.5175,9,0.0851,99.6307,1.5402,99.922,0.5,0.4796,0.46,0.0048,0.4796,0.46,77,77,85,0-1Y,200000,199261.4,199261.4,0.006215,False,,False,False,IN10YT,0.2395,-0.2383,0.4801,-0.4755,0.9648,-0.9465,99.63071315524434,0.5000000000000001,0.479593304877464,0.4600194761665761,0.004778222298942226,1.3155244332097027e-05,1.1102230246251565e-16,-6.6951225360378785e-06,1.9476166576104514e-05,-2.17777010577732e-05,0.00621539192304365,960.0,0.0,0.46281400000000006,0.016785999999999964,0.0,0.0,0.0,0.0,0.0,0.0,0.0,0.4796,0.0,1929.6473976000002,960.2406866,478.97459025000006,-476.68308415,-951.0746622000003,-1892.9833000000003
ZTFI-0161,IN8505064138,Tata Motors Finance,NBFC,AA+,INR,100,0.0997,2,Fixed,2022-05-15,2027-05-14,2024-10-31,2.5325,5,0.0859,103.0465,2.2365,104.342,2.2774,2.1836,6.0808,0.0225,2.2275,5.5084,95,78,92,2-3Y,10000,10304.65,10304.65,0.000321,True,2026-02-05,False,False,IN10YT,1.1329,-1.1172,2.2815,-2.2188,4.6256,-4.3749,103.0464662729081,2.2774355313513457,2.183647855938775,6.080803508764697,0.02250171951389031,-3.372709188909084e-05,3.553135134559682e-05,4.7855938774876705e-05,3.5087646974574227e-06,1.7195138903094986e-06,0.0003214242115120728,225.0,0.0,0.0,0.0,1.0208329999999997,1.1627670000000006,0.0,0.0,0.0,0.0,0.0,2.1836,0.0,462.55677794400003,228.145363186,113.2894251465,-111.72291225350001,-221.87931161400002,-437.492571656
ZTFI-0162,IN2619906234,L&T Finance,NBFC,AA-,INR,100,0.0852,2,Fixed,2021-07-23,2025-07-22,2024-10-31,0.7228,4,0.0909,99.7274,0.5793,99.8865,0.5,0.4783,0.4575,0.0048,0.4783,0.4575,101,101,102,0-1Y,500000,498637.0,498637.0,0.015554,False,,False,False,IN10YT,0.2391,-0.2379,0.4793,-0.4747,0.9631,-0.9449,99.72739011908747,0.5,0.47826294896934335,0.45747089671370544,0.004769591569137093,-9.880912529069974e-06,0.0,-3.705103065665405e-05,-2.9103286294573927e-05,-3.0408430862906982e-05,0.015553561213213982,2400.0,0.0,0.26516952,0.21313048,0.0,0.0,0.0,0.0,0.0,0.0,0.0,0.4783,0.0,4815.586827499999,2396.387092375,1195.3419658437501,-1189.6388051562499,-2373.574449625,-4724.3362565
ZTFI-0163,IN1212775618,Muthoot Finance,NBFC,AA-,INR,100,0.0872,2,Fixed,2023-06-07,2026-06-06,2024-10-31,1.5962,3,0.092,99.3415,1.8015,100.8607,1.438,1.3748,2.5911,0.0137,1.3116,2.5273,75,56,80,1-2Y,500000,496707.5,496707.5,0.015493,True,2025-08-18,False,False,IN10YT,0.6861,-0.6797,1.3786,-1.3529,2.783,-2.68,99.34149074989107,1.4379842590498506,1.3747459455543505,2.5910709915325496,0.013656931163373777,-9.250108931269097e-06,-1.574095014933441e-05,-5.405444564954287e-05,-2.9008467450353237e-05,-4.3068836626223433e-05,0.015493375955479605,6850.0,0.0,0.0,0.55514424,0.8196557600000001,0.0,0.0,0.0,0.0,0.0,0.0,1.3748,0.0,13914.87318065,6893.0856501625,3430.455090040625,-3398.279619959375,-6764.3837698375,-13400.06565935
ZTFI-0164,IN3568044206,Muthoot Finance,NBFC,AA+,INR,100,0.0971,2,Fixed,2020-08-06,2026-08-05,2024-10-31,1.7604,6,0.0887,101.156,0.3393,101.185,1.432,1.3712,2.5847,0.0139,1.3712,2.5847,73,73,75,1-2Y,50000,50578.0,50578.0,0.001578,False,,False,False,IN10YT,0.6968,-0.6903,1.4001,-1.374,2.8264,-2.7218,101.15598172041415,1.4320403309547167,1.3712264384111807,2.584748313745996,0.013870775653847,-1.8279585859204417e-05,4.033095471678294e-05,2.6438411180773613e-05,4.8313745995898216e-05,-2.922434615299993e-05,0.0015776366756617274,695.0,0.0,0.0,0.32853952000000003,1.04266048,0.0,0.0,0.0,0.0,0.0,0.0,1.3712,0.0,1413.1968633200001,700.06198383,348.3968799575,-345.12865604250004,-686.9890881700001,-1360.90528068
ZTFI-0165,IN6519941013,Muthoot Finance,NBFC,AA+,INR,100,0.098,2,Fixed,2021-02-05,2026-02-04,2024-10-31,1.2621,5,0.0864,101.0889,0.1241,103.353,0.9768,0.9363,1.3356,0.0095,0.93,1.2804,102,78,112,1-2Y,500000,505444.5,505444.5,0.015766,True,2025-06-18,False,False,IN10YT,0.4749,-0.4716,0.9532,-0.9397,1.92,-1.866,101.0889394124732,0.9767675577720476,0.9363185944900764,1.3356429356331918,0.00946514536691794,3.941247319971808e-05,-3.244222795240059e-05,1.8594490076351278e-05,4.293563319190952e-05,-3.485463308205983e-05,0.01576590178954296,4750.0,0.0,0.0,0.69089577,0.24540423,0.0,0.0,0.0,0.0,0.0,0.0,0.9363,0.0,9599.968041839998,4766.230437210001,2374.6768226775,-2357.8000308225,-4698.72326979,-9329.93937216
ZTFI-0166,IN6253244720,Tata Motors Finance,NBFC,AA,INR,100,0.0923,2,Fixed,2023-02-08,2029-02-06,2024-10-31,4.2683,6,0.0894,100.9576,0.2024,101.8414,3.4371,3.29,13.4312,0.0332,3.29,13.4312,130,130,138,3-5Y,50000,50478.8,50478.8,0.001575,False,,False,False,IN10YT,1.6777,-1.6438,3.3893,-3.2537,6.9142,-6.3718,100.95757680182831,3.4371233234459857,3.290057742362387,13.431242631456758,0.03321562572070006,-2.319817168938698e-05,2.3323445985656832e-05,5.774236238709207e-05,4.26314567576469e-05,1.5625720700060408e-05,0.0015745424141601725,1660.0,0.0,0.0,0.0,0.0,1.2036465,2.0863535,0.0,0.0,0.0,0.0,3.29,0.0,3457.1032117120003,1694.652062928,838.8511457320001,-821.901374268,-1626.852977072,-3185.9068682879997
ZTFI-0167,IN8380657875,Shriram Transport,NBFC,AA-,INR,100,0.0983,2,Fixed,2022-09-23,2028-09-21,2024-10-31,3.8905,6,0.0891,102.7151,0.072,104.7074,3.0518,2.9216,10.6598,0.03,2.9216,10.6598,100,100,103,3-5Y,5000,5135.76,5135.76,0.00016,False,,False,False,IN10YT,1.5141,-1.4868,3.0557,-2.9462,6.2208,-5.7829,102.7151119389002,3.0517652810132763,2.9216076597705003,10.65976136021056,0.03000932578148752,1.193890018669208e-05,-3.4718986723802914e-05,7.65977050010136e-06,-3.863978944096402e-05,9.325781487521528e-06,0.00016019540775428988,150.0,0.0,0.0,0.0,0.0,1.6207576000000004,1.3008423999999998,0.0,0.0,0.0,0.0,2.9216,0.0,311.04196320960006,152.78367288240003,75.7075092606,-74.33885489940002,-147.30905543760002,-289.14349343040004
ZTFI-0168,IN8593213348,Tata Motors Finance,NBFC,AA,INR,100,0.0963,2,Fixed,2024-01-01,2030-12-30,2024-10-31,6.1629,7,0.0999,98.4042,1.9197,99.2584,4.6818,4.4591,25.2162,0.0439,4.4591,25.2162,133,133,133,5-7Y,10000,9840.42,9840.42,0.000307,False,,False,False,IN10YT,2.225,-2.163,4.512,-4.2639,9.2722,-8.2796,98.40416471891209,4.681754670420758,4.459026306415313,25.216192311184066,0.04387867591424546,-3.5281087917837795e-05,-4.532957924219261e-05,-7.369358468700682e-05,-7.688815934159265e-06,-2.1324085754538535e-05,0.000306943878680754,439.00000000000006,0.0,0.0,0.0,0.0,0.0,1.866356305000001,2.5927436949999993,0.0,0.0,0.0,4.4591,0.0,927.2159362008001,451.20106816020007,222.49880909505004,-216.29535912495004,-426.3872682798,-827.9607366792001
ZTFI-0169,IN9559059929,Muthoot Finance,NBFC,AA+,INR,100,0.099,2,Fixed,2022-03-02,2027-03-01,2024-10-31,2.3299,5,0.0876,102.0506,0.5416,103.3536,1.8644,1.7862,4.1759,0.0182,1.697,4.1245,71,42,72,2-3Y,5000,5102.53,5102.53,0.000159,True,2025-12-30,False,False,IN10YT,0.9167,-0.9061,1.8441,-1.8015,3.7309,-3.5604,102.05064407981155,1.864449202576646,1.7862130701060028,4.175938236080553,0.018228419426809517,4.4079811544861514e-05,4.9202576645868135e-05,1.3070106002821547e-05,3.823608055242289e-05,2.8419426809516563e-05,0.00015915889253557343,91.0,0.0,0.0,0.0,1.1969326200000003,0.5892673799999998,0.0,0.0,0.0,0.0,0.0,1.7862,0.0,186.54431272539998,92.20677361135,45.837041117837494,-45.3043497421625,-90.07600810864999,-178.0212507146
ZTFI-0170,IN2500292185,Muthoot Finance,NBFC,AA,INR,100,0.0992,2,Fixed,2022-03-23,2026-03-22,2024-10-31,1.3881,4,0.0949,100.4012,0.8001,102.8213,0.9764,0.9322,1.3242,0.0094,0.9322,1.3242,72,72,80,1-2Y,100000,100401.2,100401.2,0.003132,False,,False,False,IN10YT,0.4696,-0.4663,0.9426,-0.9293,1.8985,-1.8453,100.40122239179998,0.9764180681842858,0.9321858496198251,1.3241891690054644,0.009359259879816907,2.2391799973320303e-05,1.8068184285735533e-05,-1.4150380174937638e-05,-1.083099453569325e-05,-4.074012018309356e-05,0.003131729514817672,940.0,0.0,0.0,0.5704131800000001,0.3617868199999999,0.0,0.0,0.0,0.0,0.0,0.0,0.9321999999999999,-1.1102230246251565e-16,1898.4702266079998,942.587549852,469.63188406300003,-466.308102337,-929.292422948,-1845.2897189920002
ZTFI-0171,IN5289539264,IIFL Finance,NBFC,AA-,INR,100,0.0947,2,Fixed,2023-12-15,2027-12-14,2024-10-31,3.1184,4,0.0959,99.6935,2.354,101.9786,2.6801,2.5575,8.2122,0.0255,2.5575,8.2122,133,133,129,3-5Y,200000,199387.0,199387.0,0.006219,False,,False,False,IN10YT,1.2851,-1.2646,2.5906,-2.5087,5.2631,-4.9356,99.69345170651619,2.6801210684547474,2.5574894493580302,8.212243718617014,0.025496495090949946,-4.8293483814632054e-05,2.1068454747474874e-05,-1.0550641969864216e-05,4.3718617014576466e-05,-3.5049090500519076e-06,0.006219309657364167,5099.999999999999,0.0,0.0,0.0,0.0,2.4060960000000002,0.1514039999999998,0.0,0.0,0.0,0.0,2.5575,0.0,10526.12623428,5181.19282107,2570.1288365175,-2529.1936884825,-5017.45222893,-9871.16386572
ZTFI-0172,IN5939172513,Muthoot Finance,NBFC,AA-,INR,100,0.0869,2,Fixed,2023-10-31,2027-10-30,2024-10-31,2.9952,4,0.0983,97.5264,1.5844,98.2558,2.2974,2.1898,6.0818,0.0214,2.1898,6.0818,150,150,145,2-3Y,5000,4876.32,4876.32,0.000152,False,,False,False,IN10YT,1.0752,-1.0604,2.1653,-2.106,4.3899,-4.1526,97.52638901599994,2.297391576805867,2.1897646445273478,6.081820572981175,0.021355983857565694,-1.0984000056168952e-05,-8.423194133300171e-06,-3.535547265220984e-05,2.0572981174638016e-05,-4.401614243430482e-05,0.00015210291577885234,106.99999999999999,0.0,0.0,0.0,0.010511039999999815,2.17928896,0.0,0.0,0.0,0.0,0.0,2.1898,0.0,219.49467131519998,108.2644955088,53.7615377172,-53.020117642799995,-105.2988152112,-207.6319501248
ZTFI-0173,IN3154100676,Mahindra Finance,NBFC,AA+,INR,100,0.0994,2,Fixed,2022-05-13,2027-05-12,2024-10-31,2.527,5,0.0907,101.9078,1.96,103.3443,2.2766,2.1778,6.0502,0.0222,2.234,5.3474,108,83,117,2-3Y,100000,101907.8,101907.8,0.003179,True,2026-02-04,False,False,IN10YT,1.1174,-1.102,2.2502,-2.1885,4.562,-4.3154,101.90777879832652,2.276633050693397,2.1778667916902443,6.050220399388493,0.022194156725979047,-2.1201673476411997e-05,3.3050693396763364e-05,6.679169024437215e-05,2.039938849307532e-05,-5.843274020953665e-06,0.0031787236113725373,2220.0000000000005,0.0,0.0,0.0,1.0300993999999997,1.1477006000000003,0.0,0.0,0.0,0.0,0.0,2.1778,0.0,4562.008651112,2250.176196978,1117.3810663445,-1101.9670020555,-2188.519939822,-4315.383622488
ZTFI-0174,IN4054115262,L&T Finance,NBFC,AA+,INR,100,0.0946,2,Fixed,2019-08-18,2025-08-16,2024-10-31,0.7912,6,0.0997,99.7571,2.1125,101.4233,0.5,0.4763,0.4536,0.0048,0.4763,0.4536,136,136,144,0-1Y,20000,19951.42,19951.42,0.000622,False,,False,False,IN10YT,0.2381,-0.237,0.4774,-0.4729,0.9593,-0.9412,99.75710815830834,0.5,0.47625851312092204,0.453644342640303,0.004751017200471893,8.158308347105958e-06,0.0,-4.148687907795656e-05,4.434264030300783e-05,-4.898279952810641e-05,0.0006223277299128257,96.0,0.0,0.19890287999999998,0.27739712,0.0,0.0,0.0,0.0,0.0,0.0,0.0,0.47629999999999995,-5.551115123125783e-17,191.86721974239998,95.48111166559998,47.6274312814,-47.40118217859999,-94.5761152544,-188.24723409759997
ZTFI-0175,IN6201533688,Muthoot Finance,NBFC,AA-,INR,100,0.0853,2,Fixed,2023-06-11,2027-06-10,2024-10-31,2.6064,4,0.0864,99.7573,1.0469,99.8735,2.3034,2.208,6.1728,0.022,2.208,6.1728,133,133,128,2-3Y,50000,49878.65,49878.65,0.001556,False,,False,False,IN10YT,1.109,-1.0936,2.2334,-2.1719,4.5284,-4.2821,99.75733537190077,2.3033951976535567,2.2080092002047134,6.172831919762597,0.0220265114289064,3.5371900764857855e-05,-4.802346443177896e-06,9.20020471317784e-06,3.191976259753204e-05,2.6511428906399875e-05,0.0015558224439972878,1099.9999999999998,0.0,0.0,0.0,0.8690688000000004,1.3389311999999998,0.0,0.0,0.0,0.0,0.0,2.208,0.0,2264.2193701440005,1116.715138536,554.5089326340001,-546.8116593660001,-1085.9260454640003,-2141.062997856
ZTFI-0176,IN4973103241,Sundaram Finance,NBFC,AA+,INR,100,0.0895,2,Fixed,2024-01-10,2026-01-09,2024-10-31,1.191,2,0.091,99.8596,1.4362,100.7267,0.9786,0.936,1.3331,0.0093,0.936,1.3331,144,144,150,1-2Y,50000,49929.8,49929.8,0.001557,False,,False,False,IN10YT,0.469,-0.4657,0.9413,-0.928,1.896,-1.8427,99.85964991728572,0.9785686776972222,0.935981518600882,1.3330683507253485,0.009346678677653352,4.9917285721789995e-05,-3.1322302777803124e-05,-1.848139911808655e-05,-3.16492746514907e-05,4.667867765335322e-05,0.001557417922584027,465.0,0.0,0.0,0.757224,0.17877600000000007,0.0,0.0,0.0,0.0,0.0,0.0,0.936,0.0,947.998139276,470.6709988190001,234.50348170475002,-232.83944629525004,-464.014857181,-921.3735727240002
ZTFI-0177,IN2704774349,Sundaram Finance,NBFC,AA,INR,100,0.0812,2,Fixed,2020-05-01,2027-04-30,2024-10-31,2.4942,7,0.0863,99.0812,1.5356,99.5431,1.8854,1.8074,4.245,0.0179,1.8074,4.245,129,129,125,2-3Y,20000,19816.24,19816.24,0.000618,False,,False,False,IN10YT,0.9007,-0.8901,1.8118,-1.7698,3.6657,-3.4975,99.08120725973032,1.885371680916642,1.8073831001453693,4.244990724263568,0.017907769954323728,7.259730324449265e-06,-2.831908335787503e-05,-1.6899854630603173e-05,-9.275736432279302e-06,7.7699543237289e-06,0.0006181111747739125,358.0,0.0,0.0,0.0,0.9141829199999996,0.8932170800000003,0.0,0.0,0.0,0.0,0.0,1.8074,0.0,733.1414312800001,362.3647187,180.130860115,-178.02786164500003,-353.95272482,-699.49345576
ZTFI-0178,IN6879374160,Sundaram Finance,NBFC,AA-,INR,100,0.09,2,Fixed,2020-05-02,2026-05-01,2024-10-31,1.4976,6,0.0952,99.5149,0.389,101.7297,0.9784,0.9339,1.3275,0.0093,0.978,1.2894,78,54,77,1-2Y,100000,99514.9,99514.9,0.003104,True,2025-07-31,False,False,IN10YT,0.4663,-0.463,0.936,-0.9228,1.8852,-1.8323,99.51490422808268,0.9784176416619818,0.9339610936063208,1.3274539729822308,0.00929430487829884,4.2280826875185085e-06,1.764166198170436e-05,6.109360632089444e-05,-4.6027017769123546e-05,-5.695121701159572e-06,0.003104083910293195,930.0,0.0,0.0,0.46919135999999995,0.46470864,0.0,0.0,0.0,0.0,0.0,0.0,0.9339,0.0,1885.1605081499997,935.9749525875,466.336150921875,-463.03350017812494,-922.7643496124999,-1832.31809625
ZTFI-0179,IN1632945116,Tata Motors Finance,NBFC,AA,INR,100,0.0911,2,Fixed,2022-09-15,2028-09-13,2024-10-31,3.8686,6,0.0891,100.5902,1.419,101.7803,3.0758,2.9446,10.7763,0.0296,2.9446,10.7763,61,61,69,3-5Y,50000,50295.1,50295.1,0.001569,False,,False,False,IN10YT,1.4945,-1.4674,3.0162,-2.9078,6.1408,-5.7072,100.59024172584782,3.075821312618787,2.9446377029522637,10.776302594318892,0.029620181833501347,4.172584782224931e-05,2.13126187871282e-05,3.770295226379616e-05,2.594318891269154e-06,2.0181833501345392e-05,0.001568812415794894,1480.0,0.0,0.0,0.0,0.0,1.6657602200000001,1.2788397799999998,0.0,0.0,0.0,0.0,2.9446,0.0,3070.378046426,1508.0892689065001,747.269695876625,-733.719818723375,-1453.8897602934999,-2853.580011974
ZTFI-0180,IN2299911914,L&T Finance,NBFC,AA,INR,100,0.0973,2,Fixed,2021-09-14,2025-09-13,2024-10-31,0.8679,4,0.089,100.3973,1.1507,100.8162,0.5,0.4787,0.4583,0.0048,0.4787,0.4583,122,122,129,0-1Y,200000,200794.6,200794.6,0.006263,False,,False,False,IN10YT,0.2409,-0.2397,0.4829,-0.4783,0.9704,-0.952,100.39731929152704,0.5,0.47869794159885115,0.45830343858195416,0.004805999008689663,1.9291527038944878e-05,0.0,-2.0584011488633536e-06,3.4385819541737916e-06,5.99900868966316e-06,0.006263215730847924,960.0,0.0,0.12647254,0.35222746,0.0,0.0,0.0,0.0,0.0,0.0,0.0,0.4787,0.0,1940.8123334360002,965.8049584590001,481.75217716475004,-479.4515730352501,-956.6025419410001,-1904.0026673640002
ZTFI-0181,IN9606530745,Muthoot Finance,NBFC,AA-,INR,100,0.0804,2,Fixed,2023-05-28,2027-05-27,2024-10-31,2.5681,4,0.0976,96.2643,1.9547,96.7225,2.31,2.2025,6.1313,0.0212,2.2025,6.1313,149,149,153,2-3Y,500000,481321.5,481321.5,0.015013,False,,False,False,IN10YT,1.0675,-1.0527,2.1497,-2.0907,4.3585,-4.1224,96.26426662932076,2.309964913749253,2.202483708761683,6.131304270977001,0.021202047898696993,-3.3370679247468615e-05,-3.508625074699623e-05,-1.6291238317034384e-05,4.270977000508935e-06,2.047898696993372e-06,0.015013453501216262,10600.0,0.0,0.0,0.0,0.9512597500000004,1.2512402499999997,0.0,0.0,0.0,0.0,0.0,2.2025,0.0,21792.437377590002,10748.662363147501,5337.442100161876,-5263.663937338126,-10453.5497118525,-20611.986772410004
ZTFI-0182,IN4691373678,IIFL Finance,NBFC,AA,INR,100,0.0973,2,Fixed,2023-10-27,2025-10-26,2024-10-31,0.9856,2,0.0874,100.4743,0.33,102.5451,0.5,0.4791,0.459,0.0048,0.4791,0.459,150,150,145,0-1Y,20000,20094.86,20094.86,0.000627,False,,False,False,IN10YT,0.2413,-0.2401,0.4837,-0.4791,0.972,-0.9535,100.47427421672893,0.5,0.4790648653827728,0.45900629048842845,0.004813369465206905,-2.5783271070167757e-05,0.0,-3.513461722720601e-05,6.29048842842872e-06,1.336946520690517e-05,0.000626801932229187,96.0,0.0,0.013798079999999971,0.46530192000000004,0.0,0.0,0.0,0.0,0.0,0.0,0.0,0.4791,0.0,194.393656668,96.735651297,48.25253138925001,-48.021942870749996,-95.813297223,-190.70424037200002
ZTFI-0183,IN3030705345,Muthoot Finance,NBFC,AA+,INR,100,0.0965,2,Fixed,2022-05-09,2028-05-07,2024-10-31,3.5154,6,0.0988,99.3331,1.1792,100.4093,3.0504,2.9068,10.5568,0.0289,2.9068,10.5568,63,63,73,3-5Y,200000,198666.2,198666.2,0.006197,False,,False,False,IN10YT,1.4568,-1.4306,2.9398,-2.835,5.9846,-5.5651,99.33311771032959,3.0503695418210186,2.9067748635611004,10.556772290460001,0.0288739009679542,1.7710329586861917e-05,-3.04581789811742e-05,-2.513643889967554e-05,-2.770953999942094e-05,-2.609903204579822e-05,0.006196826354034321,5779.999999999999,0.0,0.0,0.0,0.0,2.15771764,0.7490823600000002,0.0,0.0,0.0,0.0,2.9068,0.0,11969.114071232001,5879.693068608,2913.6305425520004,-2861.198559048,-5669.965134592,-11130.202335168
ZTFI-0184,IN2414060293,Cholamandalam,NBFC,AA,INR,100,0.0971,2,Fixed,2022-12-26,2029-12-24,2024-10-31,5.1472,7,0.0881,103.5774,2.0989,105.9251,4.0955,3.9227,19.2284,0.0406,3.9227,19.2284,112,112,107,5-7Y,200000,207154.8,207154.8,0.006462,False,,False,False,IN10YT,2.0564,-2.0066,4.1626,-3.9634,8.5244,-7.7277,103.57741371606855,4.09552228423965,3.9227261953351378,19.228448420973162,0.04063058340290871,1.3716068551161698e-05,2.228423965000559e-05,2.6195335137924047e-05,4.8420973161711345e-05,3.058340290871403e-05,0.006461604057482897,8119.999999999999,0.0,0.0,0.0,0.0,0.0,3.63398928,0.28871071999999953,0.0,0.0,0.0,3.9227,0.0,17048.773750464,8325.224107416,4112.821361754,-4013.2399778459994,-7926.898571784,-15455.471607935997
ZTFI-0185,IN2903494466,IIFL Finance,NBFC,AA+,INR,100,0.097,2,Fixed,2023-04-30,2028-04-28,2024-10-31,3.4908,5,0.092,101.2853,0.9631,101.5334,2.6761,2.5584,8.2256,0.0259,2.5584,8.2256,126,126,132,3-5Y,200000,202570.6,202570.6,0.006319,False,,False,False,IN10YT,1.3061,-1.2852,2.6329,-2.5496,5.3492,-5.0159,101.28531795207567,2.6761393789950763,2.558450649134872,8.225625019815022,0.025913348746231992,1.7952075666016754e-05,3.937899507633347e-05,5.0649134872404744e-05,2.501981502156525e-05,1.3348746231992697e-05,0.006318612993214471,5180.0,0.0,0.0,0.0,0.0,1.9305686399999997,0.6278313600000001,0.0,0.0,0.0,0.0,2.5584,0.0,10698.385406272,5265.879466768,2612.111424292,-2570.454806108,-5099.252994032,-10031.879515328
ZTFI-0186,IN1715454443,Mahindra Finance,NBFC,AA,INR,100,0.083,2,Fixed,2022-07-15,2025-07-14,2024-10-31,0.7009,3,0.0971,99.3276,0.6631,99.618,0.5,0.4768,0.4548,0.0047,0.4768,0.4548,136,136,131,0-1Y,500000,496638.0,496638.0,0.015491,False,,False,False,IN10YT,0.2374,-0.2362,0.4759,-0.4713,0.9562,-0.9382,99.32764293548232,0.5000000000000001,0.47684898192742364,0.45476990313044063,0.00473642854110354,4.293548231260047e-05,1.1102230246251565e-16,4.898192742364138e-05,-3.0096869559348427e-05,3.642854110353939e-05,0.015491208100899382,2350.0,0.0,0.28522176000000005,0.19157823999999998,0.0,0.0,0.0,0.0,0.0,0.0,0.0,0.4768,0.0,4781.1141604800005,2379.2635321200005,1186.8083790300002,-1181.16160497,-2356.67643588,-4690.765775520001
ZTFI-0187,IN4666099353,IIFL Finance,NBFC,AA,INR,100,0.0937,2,Fixed,2019-08-18,2026-08-16,2024-10-31,1.7906,7,0.0986,99.3319,1.9804,101.3011,1.4336,1.3662,2.5643,0.0136,1.3662,2.5643,105,105,105,1-2Y,200000,198663.8,198663.8,0.006197,False,,False,False,IN10YT,0.6817,-0.6754,1.3698,-1.3443,2.7651,-2.6632,99.33192813519474,1.4336322789922433,1.3662749251808286,2.5642990049156884,0.013571472268098064,2.8135194739320468e-05,3.2278992243339744e-05,7.492518082852229e-05,-9.950843113948338e-07,-2.8527731901935305e-05,0.0061967514928689595,2720.0,0.0,0.0,0.2860822800000001,1.08011772,0.0,0.0,0.0,0.0,0.0,0.0,1.3662,0.0,5530.176387668,2739.616514717,1363.4403375792501,-1350.70449802075,-2688.673156483,-5326.402954732
ZTFI-0188,IN7248251353,Mahindra Finance,NBFC,AA+,INR,100,0.0949,2,Fixed,2023-01-28,2027-01-27,2024-10-31,2.2396,4,0.0983,99.396,1.1003,99.6754,1.8677,1.7802,4.1435,0.0177,1.7802,4.1435,93,93,89,2-3Y,20000,19879.2,19879.2,0.00062,False,,False,False,IN10YT,0.8899,-0.8796,1.79,-1.7489,3.6213,-3.4565,99.3959962739354,1.867707600980622,1.780210266387668,4.143457143415533,0.01769457730046902,-3.7260646053027813e-06,7.600980622024522e-06,1.0266387667989818e-05,-4.285658446701035e-05,-5.4226995309797354e-06,0.0006200750326785285,354.0,0.0,0.0,0.0,1.3536640800000004,0.4265359199999997,0.0,0.0,0.0,0.0,0.0,1.7802,0.0,724.2529298400001,358.0079916600001,177.97437751500001,-175.91514088500003,-349.77104514000007,-691.3051437600001
ZTFI-0189,IN3816846022,L&T Finance,NBFC,AA,INR,100,0.0998,2,Fixed,2023-02-09,2027-02-08,2024-10-31,2.2724,4,0.0935,101.1255,1.7856,103.069,1.8627,1.7795,4.1474,0.018,1.7795,4.1474,78,78,88,2-3Y,50000,50562.75,50562.75,0.001577,False,,False,False,IN10YT,0.905,-0.8945,1.8205,-1.7786,3.6829,-3.5152,101.12545878651866,1.8627413548313532,1.7795475087951784,4.1473525789040275,0.017995755825931877,-4.121348133878655e-05,4.135483135314644e-05,4.75087951783415e-05,-4.7421095972666194e-05,-4.244174068121498e-06,0.0015771609953401677,899.9999999999999,0.0,0.0,0.0,1.2947641999999997,0.4847358000000004,0.0,0.0,0.0,0.0,0.0,1.7795,0.0,1841.4690623700003,910.2493337175,452.503367491875,-447.26076875812504,-889.2789387825002,-1757.58748263
ZTFI-0190,IN2500743292,Cholamandalam,NBFC,AA-,INR,100,0.0898,2,Fixed,2024-03-16,2026-03-16,2024-10-31,1.3717,2,0.0915,99.841,1.0718,99.8515,0.9785,0.9357,1.3323,0.0093,0.9357,1.3323,111,111,112,1-2Y,50000,49920.5,49920.5,0.001557,False,,False,False,IN10YT,0.4688,-0.4654,0.9409,-0.9276,1.895,-1.8418,99.84099318479356,0.9784979642542466,0.9356901403339677,1.3323017294730628,0.00934202329241622,-6.815206432975174e-06,-2.0357457534148082e-06,-9.85966603228583e-06,1.7294730627614996e-06,4.202329241622012e-05,0.0015571278355682562,465.0,0.0,0.0,0.5879003100000001,0.34779968999999994,0.0,0.0,0.0,0.0,0.0,0.0,0.9357,0.0,947.5140534300001,470.4315726075001,234.384422776875,-232.72169572312504,-463.7806643925,-920.91042057
ZTFI-0191,IN5830033542,Cholamandalam,NBFC,AA+,INR,100,0.0821,2,Fixed,2021-05-24,2027-05-23,2024-10-31,2.5572,6,0.0875,98.8106,0.5969,100.3045,2.3092,2.2124,6.1874,0.0219,2.2124,6.1874,65,65,70,2-3Y,500000,494053.0,494053.0,0.015411,False,,False,False,IN10YT,1.1007,-1.0854,2.2167,-2.1555,4.4944,-4.2499,98.8105661647929,2.3091546885378067,2.212363773449396,6.187409853156367,0.021860491701701245,-3.3835207091215125e-05,-4.531146219344251e-05,-3.6226550604201435e-05,9.85315636636841e-06,-3.950829829875435e-05,0.015410576387376002,10950.0,0.0,0.0,0.0,0.9796507200000002,1.23274928,0.0,0.0,0.0,0.0,0.0,2.2124,0.0,22472.23785044,11083.273748610001,5503.4255801525005,-5427.0029918475,-10777.58339539,-21249.476437560003
ZTFI-0192,IN2575326033,Sundaram Finance,NBFC,AA-,INR,100,0.0945,2,Fixed,2023-11-30,2026-11-29,2024-10-31,2.078,3,0.0853,101.6594,1.8714,102.5458,1.8699,1.7934,4.2017,0.0182,1.8186,4.0575,81,51,77,2-3Y,100000,101659.4,101659.4,0.003171,True,2025-11-14,False,False,IN10YT,0.9169,-0.9062,1.8445,-1.8018,3.7317,-3.5609,101.65937604455408,1.8698770899696613,1.7933890471104026,4.201703363813319,0.018231481153438093,-2.3955445925594177e-05,-2.2910030338607612e-05,-1.095288959751528e-05,3.3638133194457964e-06,3.148115343809196e-05,0.0031709754807577564,1820.0,0.0,0.0,0.0,1.6535148000000004,0.13988519999999974,0.0,0.0,0.0,0.0,0.0,1.7934,0.0,3731.7478193960005,1844.516794649,916.91911856225,-906.2405610377501,-1801.8025645510002,-3560.890899004
ZTFI-0193,IN1001676184,Tata Motors Finance,NBFC,AA-,INR,100,0.0895,2,Fixed,2023-12-04,2026-12-03,2024-10-31,2.089,3,0.0953,98.966,0.2259,100.1302,1.8744,1.7891,4.1755,0.0177,1.7891,4.1755,98,98,97,2-3Y,5000,4948.3,4948.3,0.000154,False,,False,False,IN10YT,0.8905,-0.8801,1.7913,-1.7499,3.6238,-3.4586,98.96603598216193,1.874398764725562,1.7891459597437713,4.175527000094759,0.01770646834293417,3.5982161932679446e-05,-1.2352744380716985e-06,4.595974377141765e-05,2.7000094758200532e-05,6.468342934169702e-06,0.00015434812689661367,88.5,0.0,0.0,0.0,1.6298701,0.15922989999999992,0.0,0.0,0.0,0.0,0.0,1.7891,0.0,181.19239593,89.56311663250001,44.523287983125,-44.006747316875,-87.4969539675,-172.92774527000003
ZTFI-0194,IN8914117393,Sundaram Finance,NBFC,AA+,INR,100,0.0956,2,Fixed,2019-06-22,2025-06-20,2024-10-31,0.6352,6,0.0904,100.2488,1.3101,102.4246,0.5,0.4784,0.4577,0.0048,0.4784,0.4577,97,97,107,0-1Y,50000,50124.4,50124.4,0.001563,False,,False,False,IN10YT,0.2404,-0.2392,0.4819,-0.4773,0.9684,-0.95,100.24875621890548,0.5,0.4783773440489859,0.4576897665987236,0.0047956733744214265,-4.3781094518635655e-05,0.0,-2.2655951014083353e-05,-1.0233401276371623e-05,-4.3266255785731275e-06,0.0015634879154086498,240.0,0.0,0.34904064,0.12935935999999998,0.0,0.0,0.0,0.0,0.0,0.0,0.0,0.4784,0.0,484.178646776,240.942226494,120.1843390235,-119.61079057650001,-238.648032706,-475.00187162400005
ZTFI-0195,IN0011972181,Cholamandalam,NBFC,AA+,INR,100,0.0945,2,Fixed,2023-06-07,2025-06-06,2024-10-31,0.5969,2,0.0947,99.9905,0.1183,101.9116,0.5,0.4774,0.4558,0.0048,0.4774,0.4558,97,97,93,0-1Y,50000,49995.25,49995.25,0.001559,False,,False,False,IN10YT,0.2392,-0.2381,0.4796,-0.4751,0.9638,-0.9456,99.99045209337852,0.5,0.4773953310736621,0.45581260426186293,0.004773497498132359,-4.790662147513558e-05,0.0,-4.668926337880741e-06,1.2604261862947386e-05,-2.6502501867640624e-05,0.0015594594489477041,240.0,0.0,0.38487988,0.09252011999999998,0.0,0.0,0.0,0.0,0.0,0.0,0.0,0.4774,0.0,481.91221398999994,239.81671524749999,119.623509686875,-119.05381381312499,-237.5379317525,-472.79708000999995
ZTFI-0196,IN5611002255,Mahindra Finance,NBFC,AA,INR,100,0.0979,2,Fixed,2022-12-29,2028-12-27,2024-10-31,4.1561,6,0.096,100.619,0.9809,102.9743,3.4064,3.2504,13.1829,0.0327,3.2504,13.1829,103,103,106,3-5Y,20000,20123.8,20123.8,0.000628,False,,False,False,IN10YT,1.6518,-1.6187,3.3368,-3.2042,6.8063,-6.2757,100.61900006495775,3.4063562050712792,3.25033989033519,13.182942645897272,0.03270459496367713,6.495774584891478e-08,-4.379492872086388e-05,-6.010966481007074e-05,4.26458972722088e-05,4.594963677127806e-06,0.000627704633114822,654.0,0.0,0.0,0.0,0.0,1.3715062799999995,1.8788937200000004,0.0,0.0,0.0,0.0,3.2504,0.0,1361.265999004,667.368497351,330.36812313775,-323.73587206225,-640.839493049,-1255.1499817959998
ZTFI-0197,IN7621202169,Sundaram Finance,NBFC,AA-,INR,100,0.0897,2,Fixed,2020-12-11,2026-12-10,2024-10-31,2.1081,6,0.0877,100.3597,1.9343,102.333,1.8751,1.7963,4.2081,0.018,1.7963,4.2081,105,105,104,2-3Y,50000,50179.85,50179.85,0.001565,False,,False,False,IN10YT,0.9067,-0.8961,1.8239,-1.7816,3.69,-3.5211,100.35971996300339,1.8751232885174551,1.7963532006681566,4.208077987180371,0.018028150417370103,1.9963003381917588e-05,2.3288517455144486e-05,5.3200668156616615e-05,-2.2012819629324554e-05,2.8150417370104847e-05,0.0015652175202499926,899.9999999999999,0.0,0.0,0.0,1.6021199700000002,0.19418002999999975,0.0,0.0,0.0,0.0,0.0,1.7963,0.0,1844.993656457,911.93873688925,453.3298456098124,-448.0507999401875,-890.8225542107499,-1760.528925743
ZTFI-0198,IN1670145089,IIFL Finance,NBFC,AA,INR,100,0.0945,2,Fixed,2022-05-19,2025-05-18,2024-10-31,0.5448,3,0.095,99.9761,1.6551,100.2011,0.5,0.4773,0.4557,0.0048,0.4773,0.4557,126,126,128,0-1Y,20000,19995.22,19995.22,0.000624,False,,False,False,IN10YT,0.2392,-0.238,0.4795,-0.4749,0.9635,-0.9453,99.9761336515513,0.5,0.477326968973747,0.4556820706193288,0.00477213048456092,3.365155129131381e-05,0.0,2.6968973746988034e-05,-1.7929380671188877e-05,-2.786951543907925e-05,0.0006236939461806494,96.0,0.0,0.4345339200000001,0.042766079999999956,0.0,0.0,0.0,0.0,0.0,0.0,0.0,0.47730000000000006,5.551115123125783e-17,192.6967344708,95.89277614770002,47.83249030192501,-47.604694758075,-94.98159397230002,-189.05200576920004
ZTFI-0199,IN6289002877,IIFL Finance,NBFC,AA,INR,100,0.0974,2,Fixed,2023-08-02,2025-08-01,2024-10-31,0.7502,2,0.0898,100.3637,1.3405,101.2857,0.5,0.4785,0.458,0.0048,0.4937,0.3947,95,78,104,0-1Y,20000,20072.74,20072.74,0.000626,True,2025-03-16,False,False,IN10YT,0.2407,-0.2395,0.4825,-0.4779,0.9697,-0.9513,100.36367116470475,0.5000000000000001,0.4785146904009954,0.4579526178591209,0.004802549103488601,-2.8835295239559855e-05,1.1102230246251565e-16,1.4690400995442943e-05,-4.73821408791264e-05,2.5491034886014965e-06,0.0006261119618217838,96.0,0.0,0.2390586,0.23944139999999997,0.0,0.0,0.0,0.0,0.0,0.0,0.0,0.4785,0.0,193.93478478400004,96.50772664600001,48.1389468865,-47.90911401350001,-95.58839515400001,-190.257458816
ZTFI-0200,IN7751701660,IIFL Finance,NBFC,AA+,INR,100,0.0911,2,Fixed,2023-07-06,2025-07-05,2024-10-31,0.6762,2,0.0969,99.7234,1.1577,100.1945,0.5,0.4769,0.4549,0.0048,0.4769,0.4549,141,141,150,0-1Y,100000,99723.4,99723.4,0.003111,False,,False,False,IN10YT,0.2384,-0.2372,0.4778,-0.4733,0.9602,-0.9421,99.72340121131194,0.5,0.47689446325528156,0.45485665816708615,0.004755753789465971,1.211311939641746e-06,0.0,-5.536744718426245e-06,-4.334183291387905e-05,-4.424621053402897e-05,0.0031105874740338622,480.0,0.0,0.30884044,0.16805956000000002,0.0,0.0,0.0,0.0,0.0,0.0,0.0,0.4769,0.0,960.2346241319998,477.84910333299996,238.35749948324997,-237.22339511675,-473.3126858669999,-942.088954268
ZTFI-0201,IN3758997571,Adani Ports,Energy,A,INR,100,0.0929,2,Fixed,2024-04-30,2027-04-30,2024-10-31,2.4942,3,0.1039,98.0585,0.8684,98.3054,1.8693,1.777,4.1263,0.0174,1.777,4.1263,194,194,194,2-3Y,200000,196117.0,196117.0,0.006117,False,,False,False,IN10YT,0.8763,-0.8662,1.7627,-1.7223,3.5659,-3.4041,98.05852901377715,1.8693016628540111,1.7769871789096547,4.1262971054708,0.01742487488402224,2.901377715147646e-05,1.6628540111529588e-06,-1.2821090345171982e-05,-2.8945291994375566e-06,2.4874884022241944e-05,0.006117311319560895,3479.9999999999995,0.0,0.0,0.0,0.8988065999999996,0.8781934000000003,0.0,0.0,0.0,0.0,0.0,1.777,0.0,7131.845695420001,3525.460968855,1752.61501471375,-1732.3840752862502,-3444.5372111450006,-6808.15066458
ZTFI-0202,IN6149331637,Dalmia Bharat,Infrastructure,A+,INR,100,0.1147,2,Fixed,2022-11-26,2025-11-25,2024-10-31,1.0678,3,0.0977,101.5831,2.4014,103.2715,0.9731,0.9278,1.3146,0.0094,0.9278,1.3146,131,131,140,1-2Y,50000,50791.55,50791.55,0.001584,False,,False,False,IN10YT,0.4729,-0.4696,0.9492,-0.9358,1.9117,-1.8583,101.583078040678,0.9730865931977604,0.9277652602352675,1.3145997335091133,0.009424525083390912,-2.195932199811068e-05,-1.3406802239601667e-05,-3.4739764732449885e-05,-2.6649088669117305e-07,2.452508339091143e-05,0.0015842977597711734,470.0,0.0,0.0,0.8648951599999999,0.06290484000000007,0.0,0.0,0.0,0.0,0.0,0.0,0.9278,0.0,955.8421161260001,474.5825294815,236.456632595375,-234.787368304625,-467.9054723185,-929.1338874740001
ZTFI-0203,IN0808697829,Dalmia Bharat,Steel,A+,INR,100,0.0952,2,Fixed,2024-02-16,2027-02-15,2024-10-31,2.2916,3,0.1114,97.1654,0.9155,99.4966,1.8656,1.7672,4.0862,0.0172,1.7672,4.0862,202,202,204,2-3Y,100000,97165.4,97165.4,0.003031,False,,False,False,IN10YT,0.8635,-0.8536,1.737,-1.6973,3.5136,-3.3548,97.16540596132138,1.865620276239934,1.7671879096712455,4.0861862956775745,0.01717095306531455,5.9613213778675345e-06,2.0276239934169382e-05,-1.2090328754599255e-05,-1.3704322425311943e-05,-2.9046934685448417e-05,0.0030307979486207835,1720.0,0.0,0.0,0.0,1.2518844800000004,0.5153155199999998,0.0,0.0,0.0,0.0,0.0,1.7672000000000003,2.220446049250313e-16,3513.6213490959994,1736.958811674,863.5164401185,-853.5905086815,-1697.255085926,-3354.8064461040003
ZTFI-0204,IN4722698485,Adani Ports,Steel,A,INR,100,0.1114,2,Fixed,2023-12-07,2026-12-06,2024-10-31,2.0972,3,0.1106,100.1401,0.3695,102.1186,1.8473,1.7505,4.0348,0.0175,1.7505,4.0348,208,208,208,2-3Y,20000,20028.02,20028.02,0.000625,False,,False,False,IN10YT,0.8815,-0.8714,1.7732,-1.7328,3.5867,-3.4251,100.14010905285514,1.847329535730187,1.7505254768598382,4.034767849743072,0.017529781215254545,9.052855133973026e-06,2.9535730187157938e-05,2.5476859838224897e-05,-3.215025692782092e-05,2.9781215254542914e-05,0.0006247170487739055,350.00000000000006,0.0,0.0,0.0,1.5803514,0.1701485999999999,0.0,0.0,0.0,0.0,0.0,1.7505,0.0,717.3427912192001,354.63094285479997,176.3053582387,-174.28513186130002,-346.55003734520005,-685.0191691808
ZTFI-0205,IN1587996846,JM Financial,Infrastructure,A,INR,100,0.1142,2,Fixed,2024-04-23,2026-04-23,2024-10-31,1.4757,2,0.0986,101.4518,2.1418,101.9113,0.9732,0.9275,1.3136,0.0094,0.9275,1.3136,134,134,138,1-2Y,200000,202903.6,202903.6,0.006329,False,,False,False,IN10YT,0.4721,-0.4688,0.9476,-0.9343,1.9086,-1.8553,101.45177995933611,0.9731807413549306,0.927457106027762,1.313643442072037,0.009409217424245117,-2.0040663898157618e-05,-1.9258645069353264e-05,-4.289397223800062e-05,4.344207203699213e-05,9.217424245117067e-06,0.006328999979908199,1880.0,0.0,0.0,0.48628825,0.44121175,0.0,0.0,0.0,0.0,0.0,0.0,0.9275,0.0,3817.1686137920005,1895.2575984480002,944.297122112,-937.6337678880001,-1868.604181552,-3710.554946208
ZTFI-0206,IN4380571983,Adani Ports,Energy,A+,INR,100,0.1123,2,Fixed,2023-05-21,2028-05-19,2024-10-31,3.5483,5,0.1146,99.3518,0.1319,100.4231,2.9868,2.8249,10.1028,0.0281,2.8249,10.1028,193,193,201,3-5Y,500000,496759.0,496759.0,0.015495,False,,False,False,IN10YT,1.4158,-1.3907,2.8568,-2.7564,5.8139,-5.4124,99.35181936847614,2.9867747148637473,2.8249075142946634,10.10282712363189,0.028065970109285434,1.936847614558701e-05,-2.5285136252772844e-05,7.514294663391041e-06,2.712363188983602e-05,-3.4029890714566e-05,0.015494982351319625,14050.0,0.0,0.0,0.0,0.0,2.0504536650000005,0.7744463349999997,0.0,0.0,0.0,0.0,2.8249000000000004,4.440892098500626e-16,29069.62134704,14283.877832260001,7079.205705815,-6953.739285185,-13782.01214974,-27062.15861696
ZTFI-0207,IN4397359893,Adani Ports,Energy,A+,INR,100,0.1133,2,Fixed,2023-09-30,2026-09-29,2024-10-31,1.911,3,0.0994,101.8937,0.4923,103.3492,1.4218,1.3545,2.5338,0.0138,1.3545,2.5338,139,139,146,1-2Y,200000,203787.4,203787.4,0.006357,False,,False,False,IN10YT,0.6933,-0.6868,1.3931,-1.3672,2.8119,-2.7087,101.8937218194202,1.4218066666986262,1.3544885840703307,2.533785445907901,0.013801388299284262,2.1819420197743966e-05,6.666698626256462e-06,-1.1415929669356117e-05,-1.4554092099050564e-05,1.38829928426204e-06,0.006356567604052092,2760.0,0.0,0.0,0.12055049999999996,1.2339495,0.0,0.0,0.0,0.0,0.0,0.0,1.3545,0.0,5623.871968824,2786.1181587060005,1386.6046229265,-1373.6957100735,-2734.4825072940002,-5417.329363176001
ZTFI-0208,IN8422940572,Vedanta Ltd,Steel,A,INR,100,0.0912,2,Fixed,2022-07-18,2026-07-17,2024-10-31,1.7084,4,0.1143,96.8963,1.3057,97.7127,1.4344,1.3569,2.5283,0.0131,1.3569,2.5283,197,197,202,1-2Y,200000,193792.6,193792.6,0.006045,False,,False,False,IN10YT,0.6605,-0.6543,1.327,-1.3025,2.6786,-2.5806,96.89631927313172,1.4344285504671483,1.3568827039371407,2.5283013159321213,0.013147693969688345,1.927313172700451e-05,2.8550467148447112e-05,-1.729606285927332e-05,1.3159321210487462e-06,4.769396968834494e-05,0.0060448082809095435,2620.0,0.0,0.0,0.3956720400000001,0.9612279599999999,0.0,0.0,0.0,0.0,0.0,0.0,1.3569,0.0,5357.136744916001,2654.0700809289997,1320.91046758225,-1308.66132181775,-2605.073497871,-5161.150412684
ZTFI-0209,IN8182688615,JM Financial,Energy,A+,INR,100,0.0966,2,Fixed,2023-01-04,2026-01-03,2024-10-31,1.1745,3,0.1033,99.3786,1.4931,100.5254,0.9769,0.9289,1.3145,0.0092,0.9289,1.3145,175,175,170,1-2Y,20000,19875.72,19875.72,0.00062,False,,False,False,IN10YT,0.4632,-0.4599,0.9297,-0.9166,1.8724,-1.8201,99.37855080576279,0.9768924846825868,0.9289140728213634,1.3144913181362525,0.00923141343800659,-4.9194237220717696e-05,-7.5153174131648015e-06,1.4072821363453336e-05,-8.681863747472818e-06,3.14134380065903e-05,0.0006199664839887562,184.0,0.0,0.0,0.7668069499999999,0.16209305000000007,0.0,0.0,0.0,0.0,0.0,0.0,0.9289,0.0,374.47645294800003,185.93189477700002,92.63936446425001,-91.98619861575001,-183.319231383,-364.02579937200005
ZTFI-0210,IN3993056164,Vedanta Ltd,Steel,A,INR,100,0.1062,2,Fixed,2024-04-05,2028-04-04,2024-10-31,3.4251,4,0.1079,99.574,1.3507,100.8665,2.6454,2.51,7.9758,0.025,2.51,7.9758,215,215,219,3-5Y,500000,497870.0,497870.0,0.01553,False,,False,False,IN10YT,1.2596,-1.2397,2.539,-2.4596,5.1575,-4.8398,99.57396300187528,2.645444919733726,2.5100288625966374,7.975809221978369,0.024993352109783668,-3.6998124713250036e-05,4.4919733726001e-05,2.8862596637591054e-05,9.221978369389205e-06,-6.647890216333191e-06,0.015529636832450951,12500.0,0.0,0.0,0.0,0.0,1.9764994999999999,0.5335005,0.0,0.0,0.0,0.0,2.51,0.0,25787.2563092,12695.082577299998,6297.904894325,-6198.632105674999,-12297.991422699999,-24198.8916908
ZTFI-0211,IN1128801336,JSW Steel,Infrastructure,A,INR,100,0.1151,2,Fixed,2023-04-05,2026-04-04,2024-10-31,1.4237,3,0.1126,100.2304,2.7041,102.3796,0.9728,0.921,1.2956,0.0092,0.921,1.2956,231,231,230,1-2Y,200000,200460.8,200460.8,0.006253,False,,False,False,IN10YT,0.4632,-0.4599,0.9296,-0.9166,1.8722,-1.8203,100.23036788174448,0.9728212969817905,0.9209706494194742,1.2956460521557822,0.009230922699960302,-3.211825551829861e-05,2.1296981790541736e-05,-2.935058052588868e-05,4.605215578212807e-05,3.092269996030246e-05,0.006252803790432409,1840.0,0.0,0.0,0.5307723000000001,0.3902277,0.0,0.0,0.0,0.0,0.0,0.0,0.921,0.0,3744.4313384960005,1859.2298186240002,926.3684466560001,-919.875521344,-1833.258117376,-3640.544533504
ZTFI-0212,IN5011024819,Vedanta Ltd,Infrastructure,A,INR,100,0.1146,2,Fixed,2023-02-11,2027-02-10,2024-10-31,2.2779,4,0.1063,101.4609,1.1159,101.7998,1.8445,1.7514,4.0426,0.0178,1.7514,4.0426,230,230,225,2-3Y,50000,50730.45,50730.45,0.001582,False,,False,False,IN10YT,0.8936,-0.8834,1.7975,-1.7565,3.636,-3.4719,101.46086522582726,1.8444698927943408,1.7513838416126295,4.0426249166247725,0.01776969199125506,-3.4774172732454645e-05,-3.010720565921332e-05,-1.6158387370568406e-05,2.491662477233092e-05,-3.0308008744938525e-05,0.0015823919192697116,890.0,0.0,0.0,0.0,1.2646859400000003,0.48671405999999967,0.0,0.0,0.0,0.0,0.0,1.7514,0.0,1818.002786034,898.7472471585002,446.81008711462505,-441.683014185375,-878.2389554414999,-1735.969619166
ZTFI-0213,IN9015814491,JM Financial,Infrastructure,A+,INR,100,0.0984,2,Fixed,2022-10-23,2027-10-22,2024-10-31,2.9733,5,0.1156,96.3556,0.5409,98.1926,2.2715,2.1474,5.8915,0.0207,2.1474,5.8915,241,241,245,2-3Y,5000,4817.78,4817.78,0.00015,False,,False,False,IN10YT,1.0417,-1.0275,2.0975,-2.0408,4.2518,-4.0247,96.35558271297278,2.2714775404153342,2.147360125179934,5.891482031590546,0.02069101361563147,-1.7287027219481388e-05,-2.2459584665845966e-05,-3.987482006628795e-05,-1.7968409453672507e-05,-8.986384368529082e-06,0.00015027692718710815,103.5,0.0,0.0,0.0,0.057335579999999886,2.0900644200000005,0.0,0.0,0.0,0.0,0.0,2.1474,0.0,212.59080561400003,104.8762052635,52.083303245875,-51.373704474125006,-102.03781017650002,-201.23722526600002
ZTFI-0214,IN5088210099,JSW Steel,Infrastructure,A,INR,100,0.1018,2,Fixed,2024-01-12,2026-01-11,2024-10-31,1.1964,2,0.1137,98.9043,2.3048,101.0713,0.9757,0.9232,1.2994,0.0091,0.9232,1.2994,208,208,207,1-2Y,200000,197808.6,197808.6,0.00617,False,,False,False,IN10YT,0.4581,-0.4549,0.9195,-0.9067,1.8519,-1.8005,98.90429691788131,0.975652225270976,0.9231700101915843,1.2993669724234707,0.009130548079367197,-3.0821186953744473e-06,-4.777472902406377e-05,-2.998980841573129e-05,-3.3027576529454095e-05,3.0548079367196876e-05,0.006170075964278943,1820.0,0.0,0.0,0.7418835200000001,0.18131647999999992,0.0,0.0,0.0,0.0,0.0,0.0,0.9232,0.0,3703.7444893680004,1839.020619942,916.2974037855001,-909.8715914145,-1813.3173704580004,-3600.9314914320003
ZTFI-0215,IN9431290878,JSW Steel,Energy,A+,INR,100,0.0922,2,Fixed,2024-01-31,2026-01-30,2024-10-31,1.2485,2,0.0999,99.2841,0.8232,100.8314,0.9779,0.9314,1.3206,0.0092,0.9314,1.3206,244,244,246,1-2Y,100000,99284.1,99284.1,0.003097,False,,False,False,IN10YT,0.464,-0.4607,0.9313,-0.9182,1.8757,-1.8232,99.28407626285482,0.977888270526369,0.9313665131924083,1.3205580012167535,0.009246986392446425,-2.3737145170343865e-05,-1.1729473631039156e-05,-3.348680759174272e-05,-4.199878324651074e-05,4.698639244642491e-05,0.003096884761557723,920.0,0.0,0.0,0.6999471,0.23145289999999996,0.0,0.0,0.0,0.0,0.0,0.0,0.9314,0.0,1875.6871312920002,931.2878365230001,464.0049859807501,-460.72712141925007,-918.1763782770001,-1823.2412983080003
ZTFI-0216,IN1357759492,Vedanta Ltd,Infrastructure,A,INR,100,0.107,2,Fixed,2021-11-30,2025-11-29,2024-10-31,1.0787,4,0.119,98.8992,2.1016,100.8043,0.9745,0.9198,1.2908,0.0091,0.9198,1.2908,121,121,129,1-2Y,10000,9889.92,9889.92,0.000308,False,,False,False,IN10YT,0.4564,-0.4532,0.9161,-0.9033,1.8449,-1.7938,98.89919314697181,0.974471219053251,0.9197463134056169,1.290771033026657,0.009096216829571738,-6.853028182263188e-06,-2.8780946749074054e-05,-5.368659438309553e-05,-2.8966973342869906e-05,-3.7831704282620393e-06,0.0003084878902163081,91.0,0.0,0.0,0.84741174,0.07238825999999998,0.0,0.0,0.0,0.0,0.0,0.0,0.9198,0.0,184.4881500672,91.60577959679999,45.643315939199994,-45.324168220800004,-90.32918872319999,-179.3817865728
ZTFI-0217,IN5777547812,Adani Ports,Energy,A,INR,100,0.1094,2,Fixed,2023-06-30,2025-06-29,2024-10-31,0.6598,2,0.1165,99.6645,2.4241,99.8736,0.5,0.4725,0.4465,0.0047,0.4725,0.4465,170,170,167,0-1Y,10000,9966.45,9966.45,0.000311,False,,False,False,IN10YT,0.236,-0.2349,0.4731,-0.4687,0.9507,-0.9329,99.66454051500119,0.5,0.47247814788566034,0.44647120045892785,0.0047089317512403125,4.05150011886235e-05,0.0,-2.185211433963774e-05,-2.879954107215532e-05,8.931751240312362e-06,0.0003108750256267315,47.0,0.0,0.3214889999999999,0.15101100000000003,0.0,0.0,0.0,0.0,0.0,0.0,0.0,0.4724999999999999,-5.551115123125783e-17,95.072956485,47.313977246250005,23.6013633740625,-23.490112875937502,-46.86897525375,-93.292948515
ZTFI-0218,IN9693084887,Vedanta Ltd,Infrastructure,A+,INR,100,0.1096,2,Fixed,2023-08-09,2026-08-08,2024-10-31,1.7687,3,0.1006,101.2248,1.3985,102.312,1.4239,1.3557,2.536,0.0137,1.356,2.4077,194,168,194,1-2Y,500000,506124.0,506124.0,0.015787,True,2025-09-18,False,False,IN10YT,0.6894,-0.6829,1.3851,-1.3595,2.796,-2.6933,101.22477305878516,1.423917852456907,1.3557248904664447,2.5359889255272354,0.013723294436761225,-2.6941214841258443e-05,1.7852456906997105e-05,2.4890466444826842e-05,-1.1074472764605048e-05,2.3294436761224502e-05,0.01578709685698557,6850.0,0.0,0.0,0.31357341000000005,1.0421265899999999,0.0,0.0,0.0,0.0,0.0,0.0,1.3557,0.0,13979.7522288,6925.699591199999,3446.8056647999997,-3414.7174032,-6797.3465448,-13466.3400432
ZTFI-0219,IN2299275037,JM Financial,Steel,A+,INR,100,0.097,2,Fixed,2023-03-24,2027-03-23,2024-10-31,2.3901,4,0.0961,100.1603,2.2259,102.2981,1.8656,1.7801,4.1457,0.0178,1.7801,4.1457,212,212,208,2-3Y,10000,10016.03,10016.03,0.000312,False,,False,False,IN10YT,0.8967,-0.8863,1.8037,-1.7622,3.649,-3.4829,100.16029322214368,1.865580849498269,1.7800494723517668,4.145696014486806,0.01782902771006751,-6.777856327744303e-06,-1.915050173084687e-05,-5.0527648233211764e-05,-3.9855131941379796e-06,2.9027710067509177e-05,0.00031242153253446424,178.0,0.0,0.0,0.0,1.0856829900000002,0.6944170099999998,0.0,0.0,0.0,0.0,0.0,1.7801,0.0,364.89539117420003,180.37152280855003,89.66671820963751,-88.6286318203625,-176.21917725145,-348.28600894580006
ZTFI-0220,IN8449892665,Adani Ports,Infrastructure,A+,INR,100,0.1076,2,Fixed,2023-10-26,2025-10-25,2024-10-31,0.9829,2,0.1044,100.1521,2.3342,101.4618,0.5,0.4752,0.4516,0.0048,0.4752,0.4516,223,223,233,0-1Y,10000,10015.21,10015.21,0.000312,False,,False,False,IN10YT,0.2385,-0.2374,0.4782,-0.4737,0.9609,-0.9428,100.15206234556167,0.5,0.4751948298802509,0.4516202526898412,0.004759174222845547,-3.765443833003701e-05,0.0,-5.170119749098312e-06,2.025268984118256e-05,-4.082577715445231e-05,0.0003123959549696328,48.0,0.0,0.016251840000000004,0.45894816,0.0,0.0,0.0,0.0,0.0,0.0,0.0,0.4752,0.0,96.0891296072,47.8184213618,23.852674820449998,-23.73960309955,-47.366134478199996,-94.2799820728
ZTFI-0221,IN9082723184,US Treasury,Government,SOV,USD,100,0.0263,2,Fixed,2023-05-23,2030-05-21,2024-10-31,5.5524,7,0.044,91.4364,0.0778,91.5879,5.137,5.0264,28.8363,0.046,5.0264,28.8363,0,0,5,5-7Y,5000,4571.82,381746.97,0.011908,False,,False,False,USD_BENCH,2.3309,-2.265,4.7278,-4.4641,9.7193,-8.6646,91.43635975691579,5.136966604160908,5.026386109746485,28.836311054735607,0.04595944486079441,-4.0243084214353075e-05,-3.3395839091454604e-05,-1.389025351450357e-05,1.1054735605142696e-05,-4.0555139205589175e-05,0.011907509602885388,230.0,0.0,0.0,0.0,0.0,0.0,3.638108320000001,1.388291679999999,0.0,0.0,0.0,5.0264,0.0,40577.89343036219,19738.538207630547,9731.666976927636,-9456.462723152361,-18637.721192529447,-36174.625369957794
ZTFI-0222,IN1777392603,US Treasury,Government,SOV,USD,100,0.0213,2,Fixed,2015-10-02,2035-09-27,2024-10-31,10.9049,20,0.0393,84.6358,0.0209,84.9405,9.3495,9.1693,95.1046,0.0776,9.1693,95.1046,0,0,-4,10-15Y,1000,846.36,70671.06,0.002204,False,,False,False,USD_BENCH,3.9809,-3.7796,8.163,-7.358,17.1309,-13.9112,84.63578974139011,9.349504825052298,9.169327538912665,95.10456533526725,0.07760532776533505,-1.0258609890456682e-05,4.82505229726371e-06,2.7538912664937243e-05,-3.466473275182125e-05,5.327765335044754e-06,0.0022043824620168943,77.6,0.0,0.0,0.0,0.0,0.0,0.0,0.0,8.339570043,0.8297299569999996,0.0,9.1693,0.0,14304.3115877352,6816.0986492238,3324.0350384509497,-3156.00646612905,-6143.984359936199,-11615.854430584799
ZTFI-0223,IN2428699041,US Treasury,Government,SOV,USD,100,0.0265,2,Fixed,2009-12-13,2030-12-08,2024-10-31,6.1027,21,0.0467,89.5354,0.1453,89.8075,5.5573,5.4305,33.6114,0.0486,5.4305,33.6114,0,0,-1,5-7Y,100,89.54,7476.59,0.000233,False,,False,False,USD_BENCH,2.4687,-2.3935,5.0127,-4.7117,10.3263,-9.1226,89.53538929693048,5.557286853173759,5.430485027775208,33.6114075554249,0.04862205910330055,-1.0703069520445752e-05,-1.3146826240983955e-05,-1.4972224792408895e-05,7.555424893723739e-06,2.2059103300553495e-05,0.00023321093346683765,4.859999999999999,0.0,0.0,0.0,0.0,0.0,2.4363938250000015,2.994106174999999,0.0,0.0,0.0,5.4305,0.0,862.2921713252001,418.58115280630005,206.14934318907504,-199.866876760925,-393.45128709370005,-761.7727084748001
ZTFI-0224,IN9298425799,US Treasury,Government,SOV,USD,100,0.0221,2,Fixed,2019-04-30,2033-04-26,2024-10-31,8.4846,14,0.0391,88.4177,0.2888,88.9201,7.3264,7.1859,58.1545,0.0635,7.1859,58.1545,0,0,8,7-10Y,100,88.42,7383.07,0.00023,False,,False,False,USD_BENCH,3.2411,-3.1125,6.6107,-6.0965,13.7356,-11.6788,88.41770076964954,7.326422364496246,7.185937290467605,58.154504515707,0.06353640530980309,7.696495458731079e-07,2.23644962460412e-05,3.7290467604478295e-05,4.515707004770775e-06,3.64053098030892e-05,0.00023029384338996855,6.35,0.0,0.0,0.0,0.0,0.0,0.0,3.629837619999999,3.556062380000001,0.0,0.0,7.1859,0.0,1146.951803123,552.00796434575,270.6369978689375,-259.9030292610625,-509.07208991425,-975.208305397
ZTFI-0225,IN2912799088,US Treasury,Government,SOV,USD,100,0.0426,2,Fixed,2022-11-21,2026-11-20,2024-10-31,2.0534,4,0.0393,100.6288,0.5743,100.6301,1.9385,1.9011,4.6123,0.0191,1.9011,4.6123,0,0,8,2-3Y,1000,1006.29,84025.21,0.002621,False,,False,False,USD_BENCH,0.9623,-0.9507,1.9363,-1.8898,3.9189,-3.7333,100.62880922565353,1.9385192918342729,1.9011614689690315,4.612348871473566,0.01913116147680479,9.225653528233124e-06,1.9291834272960884e-05,6.146896903147514e-05,4.887147356580357e-05,3.1161476804791866e-05,0.00262092714176477,19.1,0.0,0.0,0.0,1.7995812600000003,0.1015187399999998,0.0,0.0,0.0,0.0,0.0,1.9011,0.0,3272.3164298366005,1616.78074111415,803.5460021060377,-793.8572652039625,-1578.02579350585,-3117.2966394034
ZTFI-0226,IN8650863765,US Treasury,Government,SOV,USD,100,0.0377,2,Fixed,2011-03-07,2036-02-29,2024-10-31,11.3292,25,0.0464,92.5706,0.0921,92.6968,9.0143,8.8099,92.2834,0.0816,8.8099,92.2834,0,0,10,10-15Y,1000,925.71,77296.79,0.002411,False,,False,False,USD_BENCH,4.1845,-3.9709,8.5825,-7.7282,18.0193,-14.6022,92.5706035014341,9.01431933438929,8.809928982006733,92.28336684121876,0.08155404426691383,3.5014341079886435e-06,1.9334389289582532e-05,2.898200673229212e-05,-3.31587812354428e-05,-4.59557330861754e-05,0.002411053240834407,81.6,0.0,0.0,0.0,0.0,0.0,0.0,0.0,7.638888092,1.171011908,0.0,8.8099,0.0,15046.1819224772,7166.4304317243,3494.0500834835752,-3315.7198187264253,-6453.109372695701,-12192.8976863628
ZTFI-0227,IN3149864300,US Treasury,Government,SOV,USD,100,0.0373,2,Fixed,2022-04-04,2027-04-03,2024-10-31,2.4203,5,0.0418,99.1451,0.6413,99.4397,1.9455,1.9057,4.6233,0.0189,1.9057,4.6233,0,0,6,2-3Y,100,99.15,8279.02,0.000258,False,,False,False,USD_BENCH,0.9504,-0.939,1.9123,-1.8665,3.8705,-3.6871,99.1451289175301,1.945473433589534,1.9056454438138253,4.623283790148759,0.018893546319802557,2.8917530102035016e-05,-2.6566410465944656e-05,-5.4556186174670174e-05,-1.620985124173302e-05,-6.453680197443523e-06,0.00025824045218349786,1.89,0.0,0.0,0.0,1.1047342899999997,0.8009657100000002,0.0,0.0,0.0,0.0,0.0,1.9057,0.0,323.20184691320003,159.6871037983,79.365096984575,-78.40818715542501,-155.85946448170003,-307.89128964680003
ZTFI-0228,IN1269448695,US Treasury,Government,SOV,USD,100,0.0384,2,Fixed,2018-07-29,2041-07-23,2024-10-31,16.7255,23,0.04,98.0809,0.7524,98.5441,12.3247,12.083,180.8645,0.1185,12.083,180.8645,0,0,6,15-20Y,1000,980.81,81897.63,0.002555,False,,False,False,USD_BENCH,6.1473,-5.7038,12.7381,-10.9641,27.2501,-20.1544,98.08091491575601,12.324672630812533,12.08301238314954,180.86447100464815,0.11851129094777164,1.4915756011646408e-05,-2.736918746748529e-05,1.2383149540440286e-05,-2.899535184042179e-05,1.1290947771649962e-05,0.0025545633425159983,118.5,0.0,0.0,0.0,0.0,0.0,0.0,0.0,3.9565783500000005,8.12642165,0.0,12.083,0.0,22753.856046027002,10636.309327956751,5132.999990214188,-4762.690642685813,-9155.071937843251,-16828.906485573003
ZTFI-0229,IN8874495621,US Treasury,Government,SOV,USD,100,0.0424,2,Fixed,2012-12-26,2028-12-22,2024-10-31,4.1424,16,0.0475,98.1618,0.2273,98.5864,3.718,3.6317,15.5693,0.0356,3.6317,15.5693,0,0,5,3-5Y,50,49.08,4098.18,0.000128,False,,False,False,USD_BENCH,1.8016,-1.7634,3.6414,-3.4885,7.4355,-6.8242,98.16183090095542,3.717969826340083,3.6317165580855515,15.569306420419133,0.03564959466549938,3.090095542290783e-05,-3.0173659916865603e-05,1.6558085551565682e-05,6.4204191332351e-06,4.9594665499377855e-05,0.00012783105443994183,1.78,0.0,0.0,0.0,0.0,1.5572729599999995,2.0744270400000007,0.0,0.0,0.0,0.0,3.6317000000000004,4.440892098500626e-16,310.42836489480004,152.0238927537,75.21437395342501,-73.619229106575,-145.64331336630002,-284.9060473452001
ZTFI-0230,IN8902601279,US Treasury,Government,SOV,USD,100,0.0331,2,Fixed,2023-07-19,2027-07-18,2024-10-31,2.7105,4,0.0417,97.9782,0.0312,98.2962,2.4189,2.3695,6.8864,0.0232,2.3695,6.8864,0,0,7,2-3Y,1000,979.78,81811.63,0.002552,False,,False,False,USD_BENCH,1.1692,-1.1524,2.3553,-2.2879,4.7781,-4.5082,97.97820285706686,2.418939971844661,2.3695351636818938,6.886433078109103,0.023216279694417773,2.8570668604288585e-06,3.997184466131287e-05,3.5163681893823906e-05,3.307810910335718e-05,1.627969441777427e-05,0.0025518808174239244,23.2,0.0,0.0,0.0,0.6859702499999997,1.6835297500000002,0.0,0.0,0.0,0.0,0.0,2.3695,0.0,3989.7306674664005,1966.6959532916,976.3056315354002,-962.2209413146,-1910.3571924084004,-3764.3756239336003
ZTFI-0231,IN9849027703,US Treasury,Government,SOV,USD,100,0.0455,2,Fixed,2016-10-29,2043-10-23,2024-10-31,18.976,27,0.0399,107.2774,0.6819,107.8641,12.9242,12.6714,205.8172,0.1359,12.6714,205.8172,0,0,2,15-20Y,5000,5363.87,447883.15,0.01397,False,,False,False,USD_BENCH,7.0728,-6.5208,14.6975,-12.4896,31.603,-22.7712,107.27742539779328,12.924244277630565,12.671448872621763,205.81722576889692,0.13593604111146332,2.539779328003533e-05,4.427763056469303e-05,4.887262176289653e-05,2.5768896904310168e-05,3.6041111463325226e-05,0.013970439397582008,679.5,0.0,0.0,0.0,0.0,0.0,0.0,0.0,1.2975513600000006,11.37384864,0.0,12.6714,0.0,131942.542110236,61362.16826210901,29528.808432802252,-27224.25703629775,-52143.962676091,-95069.719766164
ZTFI-0232,IN9205302146,US Treasury,Government,SOV,USD,100,0.0306,2,Fixed,2019-01-25,2033-01-21,2024-10-31,8.2245,14,0.04,93.6185,0.5637,93.671,7.1213,6.9817,55.8955,0.0654,6.9817,55.8955,0,0,-3,7-10Y,50,46.81,3908.64,0.000122,False,,False,False,USD_BENCH,3.3335,-3.2027,6.7978,-6.2745,14.1189,-12.0258,93.6184766222845,7.121266719229432,6.981634038460228,55.89547621520221,0.06536099430149346,-2.3377715493211326e-05,-3.3280770567856166e-05,-6.596153977245223e-05,-2.378479778997189e-05,-3.900569850653901e-05,0.0001219188939056201,3.27,0.0,0.0,0.0,0.0,0.0,0.0,4.132002783333331,2.8496972166666685,0.0,0.0,6.981699999999999,-8.881784197001252e-16,589.474115184,283.813288236,139.175701779,-133.71381710100002,-261.965749524,-502.083960336
ZTFI-0233,IN8489554393,US Treasury,Government,SOV,USD,100,0.0336,2,Fixed,2016-11-12,2030-11-09,2024-10-31,6.0233,14,0.0406,96.3054,0.4252,96.7746,5.4716,5.3627,33.1006,0.0516,5.3627,33.1006,0,0,4,5-7Y,500,481.53,40207.75,0.001254,False,,False,False,USD_BENCH,2.6221,-2.5424,5.324,-5.0052,10.9667,-9.6916,96.30544088758171,5.471581088265431,5.36271791459907,33.100591197706954,0.05164589131211963,4.0887581704396325e-05,-1.8911734568582972e-05,1.7914599069968062e-05,-8.802293045562237e-06,4.589131211962805e-05,0.0012541662589631425,25.8,0.0,0.0,0.0,0.0,0.0,2.6188745450000006,2.7438254549999996,0.0,0.0,0.0,5.3627,0.0,4578.6221484299995,2222.7660417325,1094.7467627456251,-1061.474246504375,-2089.6759767675,-4046.2618885700003
ZTFI-0234,IN5184894769,US Treasury,Government,SOV,USD,100,0.0345,2,Fixed,2018-04-12,2027-04-10,2024-10-31,2.4394,9,0.0476,97.5288,0.5879,98.3021,1.949,1.9037,4.6083,0.0186,1.9037,4.6083,0,0,-5,2-3Y,500,487.64,40717.94,0.00127,False,,False,False,USD_BENCH,0.9339,-0.9227,1.8791,-1.8342,3.8032,-3.6234,97.52876733154477,1.9489707827494678,1.9036635893235667,4.608270200885765,0.018566196328067153,-3.266845523341999e-05,-2.921725053228741e-05,-3.641067643322948e-05,-2.979911423484083e-05,-3.3803671932845086e-05,0.0012700801831111092,9.299999999999999,0.0,0.0,0.0,1.0672142199999999,0.83648578,0.0,0.0,0.0,0.0,0.0,1.9036999999999997,-2.220446049250313e-16,1587.8229441403998,784.5294479251,389.91921792627494,-385.228205853725,-765.7653996349,-1512.7667509796001
ZTFI-0235,IN7141633565,US Treasury,Government,SOV,USD,100,0.0355,2,Fixed,2023-08-20,2025-08-19,2024-10-31,0.7995,2,0.0406,99.7501,0.0825,100.348,0.5,0.4901,0.4803,0.0049,0.4901,0.4803,0,0,5,0-1Y,200,199.5,16658.25,0.00052,False,,False,False,USD_BENCH,0.245,-0.2438,0.4913,-0.4865,0.9873,-0.9682,99.75007350779183,0.5000000000000001,0.4900519455062238,0.48030181858886967,0.004888271758688222,-2.6492208178297005e-05,1.1102230246251565e-16,-4.8054493776206186e-05,1.818588869662019e-06,-1.1728241311777764e-05,0.0005196066699423063,0.98,0.0,0.1965301,0.2935699,0.0,0.0,0.0,0.0,0.0,0.0,0.0,0.4901,0.0,164.88435799500002,82.04213112375,40.9210535934375,-40.7210296565625,-81.24203537625,-161.683975005
ZTFI-0236,IN1827553942,US Treasury,Government,SOV,USD,100,0.0484,2,Fixed,2010-11-09,2033-11-03,2024-10-31,9.0075,23,0.0399,106.3744,0.2416,107.2643,7.4593,7.3134,63.6697,0.0778,7.3134,63.6697,0,0,3,7-10Y,2000,2127.49,177645.41,0.005541,False,,False,False,USD_BENCH,3.9745,-3.8051,8.1182,-7.4409,16.9137,-14.2046,106.37441521621824,7.459309918405938,7.31340743997837,63.6697469953882,0.07779594396656388,1.5216218244518132e-05,9.91840593833615e-06,7.4399783702716604e-06,4.699538820318594e-05,-4.056033436117268e-06,0.005541142672287646,155.6,0.0,0.0,0.0,0.0,0.0,0.0,2.419516499999999,4.893883500000001,0.0,0.0,7.3134,0.0,28245.9648220954,13557.45091299385,6637.342581983464,-6354.576832956537,-12426.387916886151,-23721.712837664603
ZTFI-0237,IN3333952111,US Treasury,Government,SOV,USD,100,0.0403,2,Fixed,2017-03-13,2040-03-07,2024-10-31,15.3484,23,0.0381,102.4961,0.5455,102.5387,11.4521,11.238,154.7751,0.1152,11.238,154.7751,0,0,10,15-20Y,5000,5124.81,427921.64,0.013348,False,,False,False,USD_BENCH,5.9576,-5.561,12.3117,-10.7253,26.2098,-19.8643,102.49609739119774,11.452078576009185,11.237994775535238,154.77514477524628,0.11518506069950311,-2.608802262216159e-06,-2.1423990814284366e-05,-5.224464761255376e-06,4.477524626622653e-05,-1.4939300496882857e-05,0.013347796938853147,576.0,0.0,0.0,0.0,0.0,0.0,0.0,0.0,5.22746808,6.010531919999999,0.0,11.238,0.0,109425.99073103281,51401.414634358196,24872.81213438955,-23217.02176881045,-44778.2531720418,-82933.3448817672
ZTFI-0238,IN5957947284,US Treasury,Government,SOV,USD,100,0.0319,2,Fixed,2015-12-24,2041-12-17,2024-10-31,17.128,26,0.0385,91.8219,0.3375,92.5713,13.0563,12.8097,199.9431,0.1176,12.8097,199.9431,0,0,-4,15-20Y,5000,4591.1,383356.85,0.011958,False,,False,False,USD_BENCH,6.1105,-5.6516,12.6801,-10.8442,27.1961,-19.8524,91.8219039814811,13.056275225446786,12.809688717632364,199.94312060894842,0.11762100074631007,3.981481100368001e-06,-2.4774553214257367e-05,-1.1282367635701007e-05,2.0608948432254692e-05,2.1000746310076424e-05,0.01195772522492292,588.0,0.0,0.0,0.0,0.0,0.0,0.0,0.0,3.67894584,9.130754159999999,0.0,12.8097,0.0,113543.63622794698,52939.34026421174,25511.55066966543,-23595.311744784558,-45274.38456468824,-82883.81342985299
ZTFI-0239,IN8562718750,US Treasury,Government,SOV,USD,100,0.0204,2,Fixed,2021-09-06,2029-09-04,2024-10-31,4.8433,8,0.039,92.391,0.3125,92.5234,4.3135,4.231,20.4582,0.0391,4.231,20.4582,0,0,3,3-5Y,200,184.78,15429.13,0.000481,False,,False,False,USD_BENCH,1.9782,-1.9309,4.0036,-3.8146,8.1962,-7.4401,92.39097357154614,4.3135345675935195,4.231029492489965,20.458173536094847,0.039090893402107266,-2.6428453864468793e-05,3.456759351916361e-05,2.949248996486631e-05,-2.646390515437247e-05,-9.1065978927371e-06,0.0004812677717891697,7.82,0.0,0.0,0.0,0.0,0.3314988499999996,3.8995011500000003,0.0,0.0,0.0,0.0,4.231,0.0,1368.7434260732,668.5891016683,330.34889799207497,-322.457592307925,-637.0238789317,-1242.4825351267998
ZTFI-0240,IN3479552763,US Treasury,Government,SOV,USD,100,0.0326,2,Fixed,2018-12-10,2044-12-03,2024-10-31,20.0903,26,0.0465,82.028,0.3673,82.4937,14.2139,13.8909,245.6773,0.1139,13.8909,245.6773,0,0,2,20Y+,200,164.06,13699.01,0.000427,False,,False,False,USD_BENCH,5.9491,-5.4453,12.402,-10.3868,26.8193,-18.7584,82.02795119692058,14.213948828093475,13.890983462588297,245.67730515518093,0.11394489135464238,-4.8803079423009876e-05,4.882809347428463e-05,8.346258829661224e-05,5.155180929250491e-06,4.489135464237626e-05,0.0004273016053670916,22.78,0.0,0.0,0.0,0.0,0.0,0.0,0.0,0.0,13.765465173000003,0.12543482699999883,13.890900000000002,1.7763568394002505e-15,4478.938718074601,2071.19256956365,993.5270874134126,-909.3886926765875,-1734.63899061635,-3132.7244022853997
ZTFI-0241,IN1438663227,US Treasury,Government,SOV,USD,100,0.0442,2,Fixed,2021-10-22,2028-10-20,2024-10-31,3.9699,7,0.0393,101.5878,0.6969,102.1779,3.283,3.2197,12.3571,0.0327,3.2197,12.3571,0,0,5,3-5Y,5000,5079.39,424129.07,0.013229,False,,False,False,USD_BENCH,1.6511,-1.6197,3.3336,-3.2081,6.7927,-6.2906,101.58777326984871,3.283037092038989,3.219768638296464,12.357109802226887,0.03270891264086307,-2.6730151290621507e-05,3.709203898916158e-05,6.863829646386321e-05,9.80222688617971e-06,8.912640863070753e-06,0.01322949851805726,163.5,0.0,0.0,0.0,0.0,1.658306485,1.561393515,0.0,0.0,0.0,0.0,3.2197,0.0,28359.568399759402,13917.733933334852,6893.354400031213,-6762.329266758788,-13393.633400245151,-26263.166267400604
ZTFI-0242,IN7448906120,US Treasury,Government,SOV,USD,100,0.0265,2,Fixed,2020-01-19,2030-01-16,2024-10-31,5.2101,10,0.0443,92.0947,0.4933,92.2668,4.7009,4.599,24.237,0.0424,4.599,24.237,0,0,6,5-7Y,500,460.47,38449.25,0.001199,False,,False,False,USD_BENCH,2.1456,-2.0898,4.347,-4.1238,8.9173,-8.0245,92.09468772213118,4.7009239773605955,4.59905491108017,24.236977057528915,0.042354852585286214,-1.2277868819410287e-05,2.3977360595672792e-05,5.491108016997259e-05,-2.294247108380887e-05,-4.514741471378647e-05,0.00119931485926068,21.2,0.0,0.0,0.0,0.0,0.0,4.1158750500000005,0.4831249499999994,0.0,0.0,0.0,4.599,0.0,3722.94090945,1814.8757311125,895.7891846531251,-872.491822846875,-1721.6862838875002,-3350.1831205500002
ZTFI-0243,IN8845061593,US Treasury,Government,SOV,USD,100,0.0373,2,Fixed,2014-12-05,2036-11-29,2024-10-31,12.0794,22,0.0397,97.7265,0.2654,98.0296,9.7514,9.5616,108.8137,0.0934,9.5616,108.8137,0,0,10,10-15Y,5000,4886.32,408007.72,0.012727,False,,False,False,USD_BENCH,4.805,-4.5392,9.8759,-8.8125,20.8152,-16.5616,97.72646753377727,9.751363483030607,9.561566390185426,108.81368505750658,0.09344181074025121,-3.246622273422872e-05,-3.65169693932188e-05,-3.360981457412038e-05,-1.4942493422154257e-05,4.181074025121079e-05,0.012726638914649074,467.0,0.0,0.0,0.0,0.0,0.0,0.0,0.0,7.5733608960000005,1.9882391039999996,0.0,9.5616,0.0,86903.49823939281,41231.9076376082,20060.99344828205,-18951.07270723795,-36792.2246734318,-69144.7663826872
ZTFI-0244,IN7169472256,US Treasury,Government,SOV,USD,100,0.0389,2,Fixed,2018-06-21,2038-06-16,2024-10-31,13.6235,20,0.0471,91.8767,0.1575,92.0986,10.4795,10.2384,127.833,0.0941,10.2384,127.833,0,0,5,10-15Y,50,45.94,3835.99,0.00012,False,,False,False,USD_BENCH,4.8502,-4.5565,9.9939,-8.8195,21.1624,-16.4644,91.87665210497241,10.479450050057077,10.238337208790071,127.83299099992047,0.09406641458653997,-4.789502759194875e-05,-4.994994292317756e-05,-6.279120992935816e-05,-9.00007952964188e-06,-3.358541346003274e-05,0.00011965278404586241,4.705,0.0,0.0,0.0,0.0,0.0,0.0,0.0,6.52851576,3.70988424,0.0,10.2384,0.0,883.561222254,417.2623056435,202.501576450875,-190.242423709125,-368.2256946765,-687.414778386
ZTFI-0245,IN4496475987,US Treasury,Government,SOV,USD,100,0.0324,2,Fixed,2019-03-19,2026-03-17,2024-10-31,1.3744,7,0.0393,99.3298,0.5362,100.0916,0.992,0.9729,1.4274,0.0097,0.9729,1.4274,0,0,-3,1-2Y,100,99.33,8294.06,0.000259,False,,False,False,USD_BENCH,0.485,-0.4814,0.9735,-0.9593,1.9611,-1.9044,99.32981768735691,0.9920024998491118,0.9728853036327287,1.4273586687199662,0.009663651984054783,1.7687356901774365e-05,2.4998491118255473e-06,-1.4696367271249677e-05,-4.133128003380726e-05,-3.634801594521765e-05,0.0002587095821530884,0.97,0.0,0.0,0.6086462399999999,0.36425376000000004,0.0,0.0,0.0,0.0,0.0,0.0,0.9728999999999999,-1.1102230246251565e-16,163.7536077288,81.28485680219998,40.49444163555,-40.198468104449994,-80.1009626778,-159.01803123119998
ZTFI-0246,IN3261117800,US Treasury,Government,SOV,USD,100,0.0431,2,Fixed,2013-04-01,2031-03-28,2024-10-31,6.4038,18,0.0388,102.2821,0.666,102.3729,5.3594,5.2574,32.2294,0.0538,5.2574,32.2294,0,0,7,5-7Y,200,204.56,17080.76,0.000533,False,,False,False,USD_BENCH,2.7299,-2.6475,5.5422,-5.2126,11.4141,-10.0955,102.28209922011452,5.359417975878604,5.257423951224842,32.229437170114586,0.053774035822138584,-7.798854824159207e-07,1.797587860430383e-05,2.395122484255552e-05,3.717011458803654e-05,-2.5964177861416415e-05,0.000532785666182447,10.76,0.0,0.0,0.0,0.0,0.0,1.5672309399999989,3.6901690600000006,0.0,0.0,0.0,5.2574,0.0,1906.1082817487998,925.5290085571997,455.88322119929995,-442.1206550406999,-870.4787439227999,-1685.9072232111996
ZTFI-0247,IN4334722820,US Treasury,Government,SOV,USD,100,0.0211,2,Fixed,2014-01-07,2027-01-04,2024-10-31,2.1766,13,0.0413,96.1603,0.2464,96.6197,1.9682,1.9284,4.6981,0.0185,1.9284,4.6981,0,0,3,2-3Y,500,480.8,40146.8,0.001252,False,,False,False,USD_BENCH,0.9328,-0.9215,1.8769,-1.8318,3.7991,-3.6184,96.16025256910697,1.9681848756820275,1.9283641558634472,4.698094670687032,0.018543198427304185,-4.743089303360648e-05,-1.5124317972459167e-05,-3.584413655266516e-05,-5.329312967816691e-06,4.3198427304186326e-05,0.0012522650972845157,9.249999999999998,0.0,0.0,0.0,1.5878445599999997,0.34055544000000015,0.0,0.0,0.0,0.0,0.0,1.9284,0.0,1586.1045186160002,783.621575254,389.4531166135,-384.7377745865,-764.760207146,-1510.6590461839999
ZTFI-0248,IN8728299796,US Treasury,Government,SOV,USD,100,0.0357,2,Fixed,2016-08-07,2038-08-02,2024-10-31,13.7522,22,0.0471,88.7066,0.4817,89.4248,10.6289,10.3843,130.4334,0.0921,10.3843,130.4334,0,0,9,10-15Y,500,443.53,37034.75,0.001155,False,,False,False,USD_BENCH,4.7504,-4.4612,9.7901,-8.633,20.7372,-16.1091,88.70656512154697,10.628862210366453,10.384311670525577,130.43337636009989,0.09211566194439173,-3.487845302174719e-05,-3.77896335468364e-05,1.167052557704551e-05,-2.363990012099748e-05,1.566194439173163e-05,0.0011551935599265126,46.05,0.0,0.0,0.0,0.0,0.0,0.0,0.0,6.487902954,3.8963970459999997,0.0,10.3843,0.0,8657.71276063,4087.3279622825,1983.2818766331252,-1862.517667616875,-3604.2711262175003,-6725.48541637
ZTFI-0249,IN4564240082,US Treasury,Government,SOV,USD,100,0.0303,2,Fixed,2016-07-31,2033-07-27,2024-10-31,8.7365,17,0.0449,89.7775,0.7173,90.1389,7.492,7.3275,61.7628,0.0658,7.3275,61.7628,0,0,-5,7-10Y,500,448.89,37482.32,0.001169,False,,False,False,USD_BENCH,3.3585,-3.2199,6.8557,-6.3012,14.2659,-12.0479,89.77745896648962,7.491953454820424,7.327452153963932,61.76280052934507,0.0657840035081413,-4.1033510385091176e-05,-4.654517957636273e-05,-4.784603606733384e-05,5.293450726640003e-07,-1.5996491858696893e-05,0.0011691542315016227,32.9,0.0,0.0,0.0,0.0,0.0,0.0,3.086098750000001,4.241401249999999,0.0,0.0,7.327500000000001,8.881784197001252e-16,5956.0366027392,2862.2676496848,1402.1961619211997,-1344.3208360787999,-2630.7663463151994,-5030.031389260799
ZTFI-0250,IN6493085368,US Treasury,Government,SOV,USD,100,0.0331,2,Fixed,2023-01-11,2032-01-09,2024-10-31,7.1896,9,0.0454,92.6942,0.6855,92.8767,6.2721,6.1329,43.3119,0.0568,6.1329,43.3119,0,0,-3,7-10Y,500,463.47,38699.75,0.001207,False,,False,False,USD_BENCH,2.8926,-2.7922,5.8856,-5.4841,12.1726,-10.5667,92.69420293395562,6.272061660705082,6.132846055250887,43.31194343548553,0.056847927680813495,2.93395562778187e-06,-3.833929491836585e-05,-5.394474911302183e-05,4.3435485530096685e-05,4.792768081349208e-05,0.0012071284933951507,28.400000000000006,0.0,0.0,0.0,0.0,0.0,0.0,5.7453007199999995,0.3875992800000009,0.0,0.0,6.1329,0.0,5082.065875905,2457.2249528512502,1207.6604801503127,-1165.7564875996875,-2289.60898264875,-4411.601995095
ZTFI-0251,IN6389448463,UK Gilt,Government,SOV,GBP,100,0.0399,2,Fixed,2023-07-08,2030-07-06,2024-10-31,5.6783,7,0.0409,99.5119,0.6162,99.7834,4.9909,4.8909,27.809,0.0487,4.8909,27.809,0,0,10,5-7Y,500,497.56,52343.31,0.001633,False,,False,False,GBP_BENCH,2.4681,-2.3989,5.0054,-4.7287,10.2875,-9.1806,99.5119078477573,4.9909476553483,4.890928174186192,27.809031643157375,0.048670559375961625,7.847757302670288e-06,4.765534830042384e-05,2.8174186192053696e-05,3.164315737436141e-05,-2.9440624038375163e-05,0.0016327004939208994,24.35,0.0,0.0,0.0,0.0,0.0,3.2321512649999997,1.6587487350000003,0.0,0.0,0.0,4.8909,0.0,5411.240919138,2632.8397041795,1298.224663242375,-1261.8342855476249,-2487.2781934004997,-4828.9948760219995
ZTFI-0252,IN3502080214,UK Gilt,Government,SOV,GBP,100,0.0194,2,Fixed,2017-12-25,2041-12-19,2024-10-31,17.1335,24,0.0401,74.6633,0.0731,74.9027,14.0747,13.798,221.9747,0.103,13.798,221.9747,0,0,5,15-20Y,50,37.33,3927.12,0.000122,False,,False,False,GBP_BENCH,5.3582,-4.9439,11.1307,-9.4734,23.9188,-17.2894,74.66334698868481,14.074669133998636,13.798018855937098,221.97470482039586,0.10302062695972473,4.698868480090823e-05,-3.086600136370521e-05,1.885593709793909e-05,4.820395844262748e-06,2.0626959724739935e-05,0.00012249532487889364,5.15,0.0,0.0,0.0,0.0,0.0,0.0,0.0,3.955196699999998,9.842803300000002,0.0,13.798,0.0,1258.0722919727998,585.4500817932,281.8285248483,-260.03549275169996,-498.27795340679995,-909.3837784271999
ZTFI-0253,IN6475705120,UK Gilt,Government,SOV,GBP,100,0.0193,2,Fixed,2023-05-29,2037-05-25,2024-10-31,12.564,14,0.0438,76.6088,0.4322,76.7295,10.922,10.6879,129.9414,0.0819,10.6879,129.9414,0,0,7,10-15Y,100,76.61,8059.37,0.000251,False,,False,False,GBP_BENCH,4.2184,-3.9695,8.6856,-7.6901,18.3667,-14.3848,76.60875602227776,10.922010470504372,10.687944486255379,129.9414021978085,0.08187901315271871,-4.397772224251639e-05,1.0470504371085099e-05,4.448625537811779e-05,2.1978084987495095e-06,-2.0986847281287413e-05,0.00025138909594542796,8.19,0.0,0.0,0.0,0.0,0.0,0.0,0.0,7.947522440000001,2.74037756,0.0,10.6879,0.0,1932.2039766436003,913.7396972759001,443.779275876475,-417.59813035352505,-809.0151151841002,-1513.3056482764002
ZTFI-0254,IN0136730371,UK Gilt,Government,SOV,GBP,100,0.0282,2,Fixed,2021-01-10,2029-01-08,2024-10-31,4.1889,8,0.0455,93.7379,0.66,93.8497,3.803,3.7184,16.0844,0.0349,3.7184,16.0844,0,0,-4,3-5Y,200,187.48,19722.9,0.000615,False,,False,False,GBP_BENCH,1.7616,-1.7239,3.5609,-3.4102,7.2726,-6.6696,93.73789819483885,3.8030070782164187,3.7184131784076446,16.08444665524598,0.03485562359639229,-1.8051611476721519e-06,7.078216418765493e-06,1.3178407644698353e-05,4.665524598124193e-05,-4.43764036077085e-05,0.0006151996992844455,6.98,0.0,0.0,0.0,0.0,1.5079971199999995,2.2104028800000006,0.0,0.0,0.0,0.0,3.7184,0.0,1530.1988297520004,749.2378642380002,370.65354445950004,-362.7227691405001,-717.5147629620001,-1403.306424648
ZTFI-0255,IN8814743503,UK Gilt,Government,SOV,GBP,100,0.0441,2,Fixed,2019-04-11,2028-04-08,2024-10-31,3.436,9,0.0426,100.4183,0.8758,101.0629,2.8432,2.7839,9.3673,0.028,2.7839,9.3673,0,0,7,3-5Y,100,100.42,10564.18,0.00033,False,,False,False,GBP_BENCH,1.4095,-1.386,2.8426,-2.7485,5.7792,-5.403,100.41827042072858,2.8431629682389685,2.783866609457523,9.367345946518641,0.027955107000374235,-2.957927142688277e-05,-3.703176103142525e-05,-3.3390542477196306e-05,4.594651864131549e-05,-4.4892999625765345e-05,0.00032951951078121134,2.8,0.0,0.0,0.0,0.0,2.1770098,0.6068901999999999,0.0,0.0,0.0,0.0,2.7839,0.0,607.9839827028001,299.0440991857,148.28507655142502,-145.81113046857502,-289.14831485430005,-568.4008453772001
ZTFI-0256,IN3009792513,UK Gilt,Government,SOV,GBP,100,0.0155,2,Fixed,2022-04-12,2026-04-11,2024-10-31,1.4428,4,0.0427,97.3647,0.2422,97.3879,0.9961,0.9753,1.4305,0.0095,0.9753,1.4305,0,0,-1,1-2Y,5000,4868.23,512137.8,0.015975,False,,False,False,GBP_BENCH,0.4765,-0.4731,0.9566,-0.9426,1.9271,-1.8713,97.36469284769774,0.9961033121671202,0.9752810615040096,1.4304733695087442,0.00949579409935145,-7.152302259783028e-06,3.3121671202396286e-06,-1.8938495990328263e-05,-2.6630491255952293e-05,-4.205900648548977e-06,0.01597468022208689,47.5,0.0,0.0,0.5434371599999999,0.4318628400000001,0.0,0.0,0.0,0.0,0.0,0.0,0.9753,0.0,10136.28255138,5031.510619544999,2506.59764573625,-2488.28231766375,-4958.249307255,-9843.237302219999
ZTFI-0257,IN8127358573,UK Gilt,Government,SOV,GBP,100,0.0107,2,Fixed,2019-09-06,2033-09-02,2024-10-31,8.8378,14,0.0411,78.3759,0.1298,78.4929,8.0879,7.925,68.7611,0.0621,7.925,68.7611,0,0,4,7-10Y,50,39.19,4122.79,0.000129,False,,False,False,GBP_BENCH,3.173,-3.0383,6.4808,-5.9418,13.5004,-11.3447,78.3758907753523,8.087900811037892,7.925041214088376,68.76111725888124,0.0621132164585556,-9.224647698147237e-06,8.110378928449791e-07,4.1214088375873814e-05,1.7258881243265023e-05,1.3216458555599664e-05,0.0001285986933064062,3.105,0.0,0.0,0.0,0.0,0.0,0.0,3.0701450000000006,4.854855,0.0,0.0,7.925000000000001,8.881784197001252e-16,710.1597300938,340.90548627345,166.90914844336248,-159.8219590566375,-312.55672872655003,-596.7646999062
ZTFI-0258,IN8739285574,UK Gilt,Government,SOV,GBP,100,0.0404,2,Fixed,2011-01-31,2032-01-26,2024-10-31,7.2361,21,0.0444,97.6158,0.5364,98.0697,6.1543,6.0206,42.2382,0.0588,6.0206,42.2382,0,0,3,7-10Y,50,48.81,5134.81,0.00016,False,,False,False,GBP_BENCH,2.9901,-2.887,6.0832,-5.6709,12.5787,-10.9295,97.61582114717481,6.154339517260359,6.020680412111484,42.238167679034426,0.05877136622929734,2.1147174820157488e-05,3.951726035911207e-05,8.041211148412941e-05,-3.232096557326258e-05,-2.8633770702661543e-05,0.00016016577520966814,2.94,0.0,0.0,0.0,0.0,0.0,0.0,5.5467787799999995,0.4738212200000009,0.0,0.0,6.0206,0.0,661.6697680684,319.99062744710005,157.284249576775,-151.86212128322504,-298.30211427290004,-574.9157153716001
ZTFI-0259,IN8570862095,UK Gilt,Government,SOV,GBP,100,0.0372,2,Fixed,2021-10-09,2030-10-07,2024-10-31,5.9329,9,0.0405,98.3875,0.7617,98.5641,5.0196,4.92,28.0383,0.0484,4.92,28.0383,0,0,10,5-7Y,1000,983.88,103504.18,0.003229,False,,False,False,GBP_BENCH,2.4548,-2.3858,4.9786,-4.7027,10.2331,-9.1296,98.38746411155049,5.019605378659667,4.9199758673459115,28.038275391135972,0.048406394907819034,-3.588844951707415e-05,5.378659666988028e-06,-2.4132654088404593e-05,-2.4608864027442223e-05,6.394907819035067e-06,0.003228518139354918,48.4,0.0,0.0,0.0,0.0,0.0,2.625066,2.294934,0.0,0.0,0.0,4.92,0.0,10765.2275620188,5237.5097185047,2582.478843626175,-2509.9268123738248,-4947.3015934953,-9604.3950619812
ZTFI-0260,IN8294565118,UK Gilt,Government,SOV,GBP,100,0.0331,2,Fixed,2022-08-31,2025-08-30,2024-10-31,0.8296,3,0.041,99.6129,0.0259,99.7015,0.5,0.49,0.4801,0.0049,0.49,0.4801,0,0,1,0-1Y,5000,4980.65,523964.38,0.016344,False,,False,False,GBP_BENCH,0.2446,-0.2435,0.4905,-0.4857,0.9858,-0.9666,99.61293483586478,0.5,0.48995590396864286,0.48011357566745994,0.004880594553447564,3.483586478125744e-05,0.0,-4.409603135713258e-05,1.357566745990857e-05,-1.940544655243577e-05,0.016343576705847563,24.5,0.0,0.166992,0.323008,0.0,0.0,0.0,0.0,0.0,0.0,0.0,0.49,0.0,5185.1619837676,2580.0032269419,1286.857172235475,-1280.568289764525,-2554.8476970581,-5084.5398642324
ZTFI-0261,IN1096789940,UK Gilt,Government,SOV,GBP,100,0.0228,2,Fixed,2013-12-07,2034-12-02,2024-10-31,10.0862,21,0.0401,85.8628,0.3738,86.392,8.8979,8.723,86.2984,0.0749,8.723,86.2984,0,0,-3,10-15Y,100,85.86,9032.47,0.000282,False,,False,False,GBP_BENCH,3.8375,-3.6523,7.8603,-7.1193,16.4616,-13.4977,85.86283245372452,8.897855639999007,8.722960286259504,86.29835204834721,0.07489780775595926,3.245372452909123e-05,-4.43600009933931e-05,-3.9713740497049344e-05,-4.795165278892455e-05,-2.1922440407301513e-06,0.0002817421792837653,7.489999999999998,0.0,0.0,0.0,0.0,0.0,0.0,0.0,8.647807740000001,0.07519225999999986,0.0,8.723,0.0,1731.7022580096002,826.8767435524001,403.69477541310005,-384.2075826869,-748.9279726476001,-1419.9071743904
ZTFI-0262,IN7058650948,UK Gilt,Government,SOV,GBP,100,0.0114,2,Fixed,2021-10-31,2025-10-30,2024-10-31,0.9966,4,0.0406,98.569,0.2738,98.5967,0.5,0.4901,0.4803,0.0048,0.4901,0.4803,0,0,2,0-1Y,100,98.57,10369.56,0.000323,False,,False,False,GBP_BENCH,0.2421,-0.241,0.4855,-0.4807,0.9756,-0.9567,98.56904831912182,0.5,0.49005194550622366,0.4803018185888696,0.004830395389548262,4.8319121816575716e-05,0.0,-4.805449377631721e-05,1.8185888696065078e-06,3.0395389548262472e-05,0.00032344889411354383,0.48,0.0,0.0033326799999999594,0.48676732,0.0,0.0,0.0,0.0,0.0,0.0,0.0,0.4901,0.0,102.6385270536,51.070238543399995,25.47286302585,-25.348350534149997,-50.5721885766,-100.64632718639999
ZTFI-0263,IN8633839288,UK Gilt,Government,SOV,GBP,100,0.0245,2,Fixed,2021-04-09,2026-04-08,2024-10-31,1.4346,5,0.0446,98.0553,0.281,98.4628,0.9939,0.9722,1.4236,0.0095,0.9722,1.4236,0,0,-2,1-2Y,2000,1961.11,206308.77,0.006435,False,,False,False,GBP_BENCH,0.4784,-0.4749,0.9603,-0.9463,1.9345,-1.8787,98.05528966590279,0.9938897819998068,0.9722095099284035,1.4235799654591137,0.0095330285111975,-1.033409721173939e-05,-1.0218000193185084e-05,9.50992840353937e-06,-2.0034540886282315e-05,3.302851119750018e-05,0.0064352145609288605,19.0,0.0,0.0,0.5496818799999998,0.42251812000000005,0.0,0.0,0.0,0.0,0.0,0.0,0.9722,0.0,4070.2079568743993,2020.4189201886,1006.53819553215,-999.1956664078499,-1991.0488036913998,-3952.7274908855998
ZTFI-0264,IN2286852897,UK Gilt,Government,SOV,GBP,100,0.0427,2,Fixed,2019-10-08,2049-09-30,2024-10-31,24.9144,30,0.0479,92.5482,0.9019,92.9884,15.035,14.6833,296.0746,0.1359,14.6833,296.0746,0,0,8,20Y+,200,185.1,19472.52,0.000607,False,,False,False,GBP_BENCH,7.1371,-6.4521,14.9592,-12.2191,32.6585,-21.698,92.54820304524573,15.035031065286917,14.683364485850792,296.0746157635343,0.13589189978238692,3.0452457338014938e-06,3.106528691709798e-05,6.448585079255054e-05,1.576353434984412e-05,-8.100217613077332e-06,0.0006073898082082427,27.18,0.0,0.0,0.0,0.0,0.0,0.0,0.0,0.0,7.467339047999998,7.2159609520000005,14.6833,0.0,6871.4807723184,3147.4744576595995,1501.6707467049,-1357.5377824551,-2570.9426006604003,-4565.353344321599
ZTFI-0265,IN5939836845,UK Gilt,Government,SOV,GBP,100,0.0437,2,Fixed,2010-06-05,2026-06-01,2024-10-31,1.5825,16,0.04,100.5335,1.0739,101.1844,1.4682,1.4394,2.8022,0.0145,1.4394,2.8022,0,0,-1,1-2Y,50,50.27,5288.4,0.000165,False,,False,False,GBP_BENCH,0.7271,-0.72,1.4612,-1.433,2.9505,-2.8378,100.53351840543984,1.4682470701624737,1.4394579119239939,2.8021868070466436,0.014471376848226684,1.8405439831781223e-05,4.7070162473739074e-05,5.791192399384748e-05,-1.3192953356444548e-05,-2.8623151773316327e-05,0.00016495657787119852,0.7250000000000001,0.0,0.0,0.6009495,0.8384505,0.0,0.0,0.0,0.0,0.0,0.0,1.4394,0.0,155.20629009599998,76.862187324,38.245854230999996,-37.875375369000004,-75.380271876,-149.278628304
ZTFI-0266,IN4043350488,German Bund,Government,SOV,EUR,100,0.0189,2,Fixed,2022-02-03,2042-01-29,2024-10-31,17.2457,20,0.0253,91.2019,0.0738,91.3271,14.4779,14.297,233.6598,0.1304,14.297,233.6598,0,0,2,15-20Y,200,182.4,16561.92,0.000517,False,,False,False,EUR_BENCH,6.7859,-6.2532,14.1046,-11.9736,30.3403,-21.8162,91.20192481376243,14.47790053337805,14.297042940184712,233.65981918768404,0.13039178352898592,2.4813762436792786e-05,5.333780492833284e-07,4.294018471107108e-05,1.9187684046073628e-05,-8.216471014066418e-06,0.0005166019299176613,26.08,0.0,0.0,0.0,0.0,0.0,0.0,0.0,3.937822710000001,10.35917729,0.0,14.297,0.0,5509.6863877632,2561.3504481408,1232.3020376352,-1135.5556647648,-2174.3649566592,-3961.7444218367996
ZTFI-0267,IN3441969315,German Bund,Government,SOV,EUR,100,0.0248,2,Fixed,2021-05-29,2028-05-27,2024-10-31,3.5702,7,0.0313,97.861,0.3573,98.4237,3.3723,3.3203,12.9138,0.0325,3.3203,12.9138,0,0,4,3-5Y,2000,1957.22,177715.58,0.005543,False,,False,False,EUR_BENCH,1.6404,-1.6088,3.3125,-3.1861,6.7513,-6.2458,97.86098148742674,3.372317005049373,3.320353473193889,12.913845873176365,0.03249330497719403,-1.851257326279665e-05,1.7005049373075565e-05,5.347319388881999e-05,4.587317636506327e-05,-6.695022805973394e-06,0.0055433314256098645,65.0,0.0,0.0,0.0,0.0,2.3736824700000003,0.9466175299999997,0.0,0.0,0.0,0.0,3.3203,0.0,12260.377496880801,6015.4395755902,2979.0324945825505,-2921.65790815745,-5785.9412298898005,-11342.3841140792
ZTFI-0268,IN0961055661,German Bund,Government,SOV,EUR,100,0.0267,2,Fixed,2018-05-11,2027-05-09,2024-10-31,2.5188,9,0.0309,98.997,0.4231,99.419,2.4346,2.3976,7.0203,0.0237,2.3976,7.0203,0,0,-4,2-3Y,50,49.5,4494.6,0.00014,False,,False,False,EUR_BENCH,1.1955,-1.1781,2.4083,-2.3388,4.8861,-4.6081,98.99696577978315,2.434602193044873,2.3975598927026174,7.020304609226722,0.023735115465286158,-3.4220216846847507e-05,2.193044872811356e-06,-4.01072973827965e-05,4.609226722074311e-06,3.511546528615905e-05,0.0001401962474283127,1.185,0.0,0.0,0.0,1.1537251199999998,1.2438748800000003,0.0,0.0,0.0,0.0,0.0,2.3976,0.0,221.835747276,109.34020161900001,54.27568280475001,-53.48684679525,-106.18485758100002,-209.21437112400002
ZTFI-0269,IN4805892583,German Bund,Government,SOV,EUR,100,0.0088,2,Fixed,2013-09-25,2036-09-19,2024-10-31,11.885,23,0.0278,81.4079,0.1656,81.5345,10.8862,10.737,124.801,0.0874,10.737,124.801,0,0,-3,10-15Y,500,407.04,36959.23,0.001153,False,,False,False,EUR_BENCH,4.4974,-4.2434,9.2488,-8.2328,19.5135,-15.4496,81.40787122679079,10.886155812269562,10.736912725386688,124.80102732556502,0.08740692085215708,-2.8773209209020933e-05,-4.418773043823876e-05,-8.727461331226039e-05,2.7325565014280073e-05,6.9208521570746084e-06,0.001152837928589845,43.7,0.0,0.0,0.0,0.0,0.0,0.0,0.0,8.7130755,2.0239244999999997,0.0,10.737,0.0,8859.134822846001,4198.9399682615,2041.8131233403753,-1926.4994017596252,-3737.685081938501,-7014.115277554
ZTFI-0270,IN3646225179,German Bund,Government,SOV,EUR,100,0.0236,2,Fixed,2018-07-20,2037-07-15,2024-10-31,12.7036,19,0.0256,97.8721,0.2563,98.2838,10.876,10.7385,131.3032,0.1051,10.7385,131.3032,0,0,-1,10-15Y,1000,978.72,88867.78,0.002772,False,,False,False,EUR_BENCH,5.4156,-5.0944,11.1525,-9.8674,23.5902,-18.4498,97.87207124019864,10.875973803537205,10.738520738089658,131.30315162758012,0.10510012666926614,-2.8759801367073123e-05,-2.6196462794558784e-05,2.0738089657967862e-05,-4.8372419882980466e-05,1.2666926614557372e-07,0.0027719773224057446,105.1,0.0,0.0,0.0,0.0,0.0,0.0,0.0,7.8352391400000005,2.90326086,0.0,10.7385,0.0,21419.857888779203,10126.4977498448,4917.391076286201,-4625.6754790138,-8959.635360755201,-16752.4083324208
ZTFI-0271,IN7837693898,German Bund,Government,SOV,EUR,100,0.0112,2,Fixed,2023-07-15,2027-07-14,2024-10-31,2.6995,4,0.028,95.9708,0.2588,95.9959,2.4716,2.4375,7.1841,0.0234,2.4375,7.1841,0,0,8,2-3Y,2000,1919.42,174283.34,0.005436,False,,False,False,EUR_BENCH,1.1783,-1.161,2.3738,-2.3048,4.8165,-4.5407,95.97079497407849,2.4716217974371206,2.437496841653965,7.184120179103556,0.023392850964033655,-5.0259215100822985e-06,2.1797437120607555e-05,-3.1583460349260406e-06,2.0179103556117184e-05,-7.149035966345918e-06,0.005436272473028245,46.8,0.0,0.0,0.0,0.73246875,1.70503125,0.0,0.0,0.0,0.0,0.0,2.4375,0.0,8746.7266135788,4310.759859644701,2139.7290680361752,-2108.427344463825,-4185.552965355299,-8245.8990364212
ZTFI-0272,IN6553559042,German Bund,Government,SOV,EUR,100,0.0297,2,Fixed,2012-06-06,2033-06-01,2024-10-31,8.5832,21,0.0306,99.3309,0.1083,99.3642,7.5703,7.4562,63.4904,0.0741,7.4562,63.4904,0,0,2,7-10Y,1000,993.31,90192.55,0.002813,False,,False,False,EUR_BENCH,3.782,-3.6243,7.7216,-7.091,16.0739,-13.5513,99.33086637970695,7.570333219877604,7.456252555774257,63.490397846673154,0.07406360263109611,-3.3620293052649686e-05,3.321987760429579e-05,5.255577425700153e-05,-2.153326846610071e-06,-3.639736890388712e-05,0.002813299749920007,74.1,0.0,0.0,0.0,0.0,0.0,0.0,3.5213147200000003,3.9348852799999996,0.0,0.0,7.4562,0.0,14595.146041504002,7011.254966926001,3434.0479700065,-3290.8889430935005,-6438.618859274001,-12304.601610896001
ZTFI-0273,IN3521103924,German Bund,Government,SOV,EUR,100,0.0053,2,Fixed,2012-09-05,2036-08-30,2024-10-31,11.8303,24,0.0271,78.5838,0.003,78.6115,11.116,10.9674,128.4231,0.0862,10.9674,128.4231,0,0,1,10-15Y,500,392.92,35677.14,0.001113,False,,False,False,EUR_BENCH,4.4354,-4.1832,9.1232,-8.114,19.2556,-15.2188,78.583841931449,11.116002839271388,10.967394641873996,128.42306159190505,0.08618600069368469,4.1931449004550814e-05,2.8392713886660204e-06,-5.358126003329744e-06,-3.840809495159192e-05,-1.3999306315307103e-05,0.0011128467821329045,43.1,0.0,0.0,0.0,0.0,0.0,0.0,0.0,8.960036778000001,2.0073632219999995,0.0,10.967400000000001,1.7763568394002505e-15,8742.063088306799,4141.9430982567,2013.699437654175,-1899.1552147058248,-3683.7662064632996,-6909.3555211331995
ZTFI-0274,IN3884879206,German Bund,Government,SOV,EUR,100,0.0196,2,Fixed,2016-09-13,2039-09-08,2024-10-31,14.8528,23,0.0268,91.3965,0.1392,91.7832,12.5871,12.4207,175.0771,0.1135,12.4207,175.0771,0,0,3,10-15Y,50,45.7,4149.56,0.000129,False,,False,False,EUR_BENCH,5.8761,-5.476,12.1522,-10.552,25.9045,-19.5039,91.39646566282552,12.587130943431267,12.42069364854082,175.0771075238369,0.11352075005573362,-3.433717448331208e-05,3.094343126797128e-05,-6.351459180820029e-06,7.5238368992813776e-06,2.0750055733612105e-05,0.00012943370722169476,5.675,0.0,0.0,0.0,0.0,0.0,0.0,0.0,6.393182703999999,6.027517296000001,0.0,12.4207,0.0,1176.1073840552,551.7290454738,266.78336109845003,-248.62103782155,-479.0797523662,-885.5102116248001
ZTFI-0275,IN0701645104,German Bund,Government,SOV,EUR,100,0.0267,2,Fixed,2018-09-25,2040-09-19,2024-10-31,15.885,22,0.0319,93.68,0.6519,93.7465,12.6836,12.4845,183.1387,0.117,12.4845,183.1387,0,0,5,15-20Y,1000,936.8,85061.44,0.002653,False,,False,False,EUR_BENCH,6.0622,-5.6333,12.5533,-10.8377,26.8222,-19.9597,93.6799729296863,12.683601676269314,12.484474311008725,183.13867349494146,0.11695452154966614,-2.7070313706190063e-05,1.6762693135774498e-06,-2.5688991275529816e-05,-2.6505058542625193e-05,-4.547845033386899e-05,0.0026532493856736027,117.00000000000001,0.0,0.0,0.0,0.0,0.0,0.0,0.0,5.13737175,7.347128250000001,0.0,12.4845,0.0,24354.599261945605,11398.397553886402,5504.473257671601,-5115.0222191284,-9840.593399713602,-18123.3826452544
ZTFI-0276,IN7981238780,German Bund,Government,SOV,EUR,100,0.006,2,Fixed,2019-12-01,2037-11-26,2024-10-31,13.0705,18,0.0284,75.7926,0.0236,75.8446,12.4315,12.2574,160.8076,0.0929,12.2574,160.8076,0,0,6,10-15Y,2000,1515.85,137639.18,0.004293,False,,False,False,EUR_BENCH,4.7975,-4.4928,9.8996,-8.6808,21.018,-16.1428,75.79258682821096,12.431455765413492,12.257400675816893,160.80758663658713,0.09290201050100236,-1.3171789035482107e-05,-4.4234586507485574e-05,6.758168922260666e-07,-1.3363412875833092e-05,2.0105010023613312e-06,0.0042932622558425814,185.8,0.0,0.0,0.0,0.0,0.0,0.0,0.0,8.49376533,3.763634669999999,0.0,12.2574,0.0,38168.654938993604,17977.656159408398,8712.160252182099,-8158.824597137899,-15764.3135392316,-29315.284458286398
ZTFI-0277,IN5438404608,German Bund,Government,SOV,EUR,100,0.0287,2,Fixed,2023-02-14,2032-02-12,2024-10-31,7.2827,9,0.0313,98.3769,0.0985,98.9006,6.3852,6.2868,44.9797,0.0618,6.2868,44.9797,0,0,2,7-10Y,2000,1967.54,178652.63,0.005573,False,,False,False,EUR_BENCH,3.1477,-3.0371,6.406,-5.9635,13.2545,-11.4845,98.3769144368154,6.385151055483756,6.286763211228037,44.97969052570449,0.061847236651549946,1.4436815391150049e-05,-4.894451624437579e-05,-3.678877196300334e-05,-9.47429550990364e-06,4.723665154994505e-05,0.005572560031860188,123.6,0.0,0.0,0.0,0.0,0.0,0.0,5.69437388,0.5924261200000004,0.0,0.0,6.2868,0.0,24070.215426002203,11633.320627920551,5716.213542690139,-5515.3200001498635,-10829.746457759451,-20855.9187453578
ZTFI-0278,IN6392649578,German Bund,Government,SOV,EUR,100,0.0083,2,Fixed,2022-04-30,2044-04-24,2024-10-31,19.4798,22,0.0288,70.1632,0.042,70.1919,17.2601,17.0151,317.0017,0.1194,17.0151,317.0017,0,0,-1,15-20Y,5000,3508.16,318540.93,0.009936,False,,False,False,EUR_BENCH,6.2472,-5.6911,13.0504,-10.8262,28.325,-19.4283,70.16322938174702,17.26011326295787,17.01509588225342,317.0016813973811,0.11938340753389658,2.9381747012280357e-05,1.3262957867965497e-05,-4.117746581044912e-06,-1.8602618922614056e-05,-1.659246610342946e-05,0.00993597718113399,597.0000000000001,0.0,0.0,0.0,0.0,0.0,0.0,0.0,0.8851255019999993,16.129974498000003,0.0,17.015100000000004,3.552713678800501e-15,128595.7188267762,59248.958596909055,28362.254094334763,-25837.803686095234,-49151.15696395095,-88204.5122949438
ZTFI-0279,IN6292518812,German Bund,Government,SOV,EUR,100,0.0129,2,Fixed,2022-03-24,2052-03-16,2024-10-31,27.373,30,0.0252,76.0136,0.2838,76.1471,22.1154,21.8402,553.983,0.166,21.8402,553.983,0,0,8,20Y+,200,152.03,13804.32,0.000431,False,,False,False,EUR_BENCH,8.8271,-7.7744,18.707,-14.496,41.6251,-24.781,76.01361671915595,22.11544388604571,21.840256652227644,553.9829690017413,0.1660156898210428,1.6719155951250286e-05,4.388604570948473e-05,5.665222764505984e-05,-3.099825869412598e-05,1.5689821042802476e-05,0.00043058645091879265,33.2,0.0,0.0,0.0,0.0,0.0,0.0,0.0,0.0,5.737420539999999,16.10277946,21.8402,0.0,7559.253914592,3397.259026968,1603.0375309019998,-1411.8535657379998,-2632.523166312,-4500.310471968
ZTFI-0280,IN4742312209,German Bund,Government,SOV,EUR,100,0.0204,2,Fixed,2016-02-13,2037-02-07,2024-10-31,12.271,21,0.0266,93.6662,0.1178,93.6795,10.6503,10.5105,124.4404,0.0984,10.5105,124.4404,0,0,-3,10-15Y,100,93.67,8505.24,0.000265,False,,False,False,EUR_BENCH,5.0681,-4.7767,10.4276,-9.262,22.0207,-17.3584,93.66623083387401,10.650349974251988,10.510559532470134,124.44036529605184,0.09844844953615225,3.083387400693027e-05,4.9974251988160745e-05,5.953247013401608e-05,-3.470394815963118e-05,4.844953615225356e-05,0.00026529674086174125,9.84,0.0,0.0,0.0,0.0,0.0,0.0,0.0,8.12356545,2.3869345500000008,0.0,10.5105,0.0,1999.5655939392,946.8630235848,460.2015684462,-433.74168175380004,-841.0234768152001,-1576.2074068608
ZTFI-0281,IN7289752677,Japan JGB,Government,SOV,JPY,100,0.0029,2,Fixed,2022-10-02,2030-09-30,2024-10-31,5.9138,8,0.0091,96.6813,0.0671,96.7502,5.4595,5.4348,32.3812,0.0525,5.4348,32.3812,0,0,2,5-7Y,50,48.34,27.07,1e-06,False,,False,False,JPY_BENCH,2.6664,-2.5881,5.411,-5.0979,11.135,-9.8827,96.68128635222465,5.459495913890068,5.434767720760607,32.38117808590674,0.05254403342686835,-1.3647775347180868e-05,-4.0861099321887195e-06,-3.2279239393417924e-05,-2.1914093260022582e-05,4.4033426868352044e-05,8.443715609585781e-07,2.625,0.0,0.0,0.0,0.0,0.0,2.9516398799999997,2.4831601200000004,0.0,0.0,0.0,5.4348,0.0,3.1177125368,1.5150283142,0.7465571685500001,-0.72464319145,-1.4273724058000001,-2.7670889032000003
ZTFI-0282,IN3312797573,Japan JGB,Government,SOV,JPY,100,0.007,2,Fixed,2023-09-24,2049-09-17,2024-10-31,24.8789,26,0.0124,88.6208,0.126,88.6898,22.3999,22.2619,536.6517,0.1973,22.2619,536.6517,0,0,-4,20Y+,500,443.1,248.14,8e-06,False,,False,False,JPY_BENCH,10.4588,-9.2699,22.1066,-17.3507,48.969,-29.9456,88.62084826414363,22.39990336044275,22.261879706263915,536.6516734658609,0.1972866663523433,4.82641436292397e-05,3.3604427507327728e-06,-2.029373608536389e-05,-2.6534139124123612e-05,-1.3333647656710301e-05,7.740020655199909e-06,98.65,0.0,0.0,0.0,0.0,0.0,0.0,0.0,0.0,11.400541608999998,10.861358391000003,22.2619,0.0,137.11430788759998,61.898916301899995,29.284898740475,-25.955779919525,-48.5824410181,-83.8484067524
ZTFI-0283,IN8177038860,Japan JGB,Government,SOV,JPY,100,0.0088,2,Fixed,2013-03-31,2031-03-27,2024-10-31,6.4011,18,0.0146,96.6797,0.0641,96.7673,5.8544,5.812,37.1973,0.0562,5.812,37.1973,0,0,4,5-7Y,100,96.68,54.14,2e-06,False,,False,False,JPY_BENCH,2.8545,-2.7646,5.7988,-5.4392,11.9573,-10.5188,96.67965117574792,5.854445405413456,5.812017676375911,37.197266094847905,0.05619038415793041,-4.882425207597407e-05,4.5405413455767984e-05,1.7676375910546938e-05,-3.3905152093893776e-05,-9.615842069592151e-06,1.6887431219171561e-06,5.62,0.0,0.0,0.0,0.0,0.0,1.7404034000000013,4.071596599999999,0.0,0.0,0.0,5.811999999999999,-8.881784197001252e-16,6.6960059644,3.2473098911000005,1.5984816727750002,-1.5481351272250001,-3.0459237089,-5.890461235600001
ZTFI-0284,IN4726490827,Japan JGB,Government,SOV,JPY,100,0.0126,2,Fixed,2023-01-09,2039-01-05,2024-10-31,14.1793,16,0.01,103.3888,0.2453,103.6842,12.902,12.8378,180.0797,0.1327,12.8378,180.0797,0,0,-1,10-15Y,100,103.39,57.9,2e-06,False,,False,False,JPY_BENCH,6.8692,-6.4037,14.2038,-12.3419,30.2693,-22.822,103.3887996162938,12.901967632474644,12.837778738780742,180.07971647374535,0.1327282533542119,-3.8370620814021095e-07,-3.236752535507037e-05,-2.12612192580508e-05,1.647374534741175e-05,2.8253354211887904e-05,1.8060256143148012e-06,13.270000000000003,0.0,0.0,0.0,0.0,0.0,0.0,0.0,7.472498246000001,5.365301754,0.0,12.837800000000001,1.7763568394002505e-15,16.951495326,7.954416931499999,3.8468757828749998,-3.5862104171249998,-6.911755468499999,-12.780849473999998
ZTFI-0285,IN6657027937,Japan JGB,Government,SOV,JPY,100,0.0023,2,Fixed,2016-09-24,2028-09-21,2024-10-31,3.8905,12,0.0141,95.984,0.0094,96.0262,3.4877,3.4633,13.7398,0.0332,3.4633,13.7398,0,0,-3,3-5Y,5000,4799.2,2687.55,8.4e-05,False,,False,False,JPY_BENCH,1.6786,-1.6456,3.3902,-3.2583,6.9122,-6.3847,95.98404549499202,3.4876525929282614,3.4632367736738607,13.739828760314051,0.033241547604424125,4.549499202255447e-05,-4.7407071738447826e-05,-6.322632613908752e-05,2.8760314050302327e-05,4.154760442412475e-05,8.383046873491787e-05,166.0,0.0,0.0,0.0,0.0,1.9212656750000001,1.5420343249999997,0.0,0.0,0.0,0.0,3.4633,0.0,193.541118198,94.92423912449999,47.000539568625,-46.077379581375,-91.23159917550001,-178.770558402
ZTFI-0286,IN1751868926,Japan JGB,Government,SOV,JPY,100,0.0087,2,Fixed,2022-10-19,2025-10-18,2024-10-31,0.9637,3,0.0141,99.7319,0.1895,99.9195,0.5,0.4965,0.493,0.005,0.4965,0.493,0,0,0,0-1Y,1000,997.32,558.5,1.7e-05,False,,False,False,JPY_BENCH,0.2482,-0.247,0.4976,-0.4927,1.0002,-0.9805,99.7318901742714,0.49999999999999994,0.4964996772752097,0.49302385906877483,0.004951685128557241,-9.825728596979388e-06,-5.551115123125783e-17,-3.2272479028039314e-07,2.3859068774834125e-05,-4.831487144275892e-05,1.742081702236298e-05,5.0,0.0,0.0360459,0.4604541,0.0,0.0,0.0,0.0,0.0,0.0,0.0,0.4965,0.0,5.6009731,2.786719525,1.3899180062499998,-1.38303449375,-2.7591854749999998,-5.4908369
ZTFI-0287,IN2206447421,Japan JGB,Government,SOV,JPY,100,0.0136,2,Fixed,2024-04-23,2032-04-21,2024-10-31,7.4716,8,0.0127,100.601,0.1559,100.8918,6.702,6.6597,48.906,0.067,6.6597,48.906,0,0,-5,7-10Y,50,50.3,28.17,1e-06,False,,False,False,JPY_BENCH,3.4114,-3.2884,6.9457,-6.4537,14.3834,-12.4155,100.6009855687754,6.701970335802902,6.659681359172159,48.90600350715308,0.06699705083067209,-1.4431224599320558e-05,-2.9664197097822864e-05,-1.8640827841309715e-05,3.5071530817276653e-06,-2.949169327914891e-06,8.78682928415336e-07,3.35,0.0,0.0,0.0,0.0,0.0,0.0,5.612795160000001,1.0469048399999992,0.0,0.0,6.6597,0.0,4.027611384,1.9449215910000002,0.9552397702500002,-0.92079771975,-1.8071533890000002,-3.4765385760000003
ZTFI-0288,IN9733977671,Japan JGB,Government,SOV,JPY,100,0.0094,2,Fixed,2024-02-03,2026-02-02,2024-10-31,1.2567,2,0.0105,99.8909,0.1477,100.0836,0.9977,0.9925,1.4797,0.0099,0.9925,1.4797,0,0,1,1-2Y,1000,998.91,559.39,1.7e-05,False,,False,False,JPY_BENCH,0.4976,-0.4939,0.9988,-0.984,2.0124,-1.9533,99.8908602257942,0.997659718888881,0.9924493597501926,1.4797413680418654,0.009913662027598543,-3.9774205802700635e-05,-4.028111111897825e-05,-5.0640249807498705e-05,4.136804186538612e-05,1.3662027598542598e-05,1.744857803785072e-05,9.9,0.0,0.0,0.7377252500000001,0.25477474999999994,0.0,0.0,0.0,0.0,0.0,0.0,0.9925,0.0,11.269437376600003,5.593332219150001,2.7863194922875003,-2.7656262577125004,-5.510559280850001,-10.9383456234
ZTFI-0289,IN0220502099,Japan JGB,Government,SOV,JPY,100,0.0052,2,Fixed,2024-03-09,2028-03-08,2024-10-31,3.3511,4,0.0092,98.8191,0.021,98.8561,2.9805,2.9669,10.3139,0.0293,2.9669,10.3139,0,0,0,3-5Y,100,98.82,55.34,2e-06,False,,False,False,JPY_BENCH,1.4787,-1.4532,2.9828,-2.8809,6.0676,-5.6599,98.81908543848968,2.980476838404127,2.96682942305806,10.313855770101366,0.029317937023859948,-1.4561510326416283e-05,-2.316159587323341e-05,-7.057694194001485e-05,-4.4229898634284837e-05,1.793702385994786e-05,1.7261737045972556e-06,2.93,0.0,0.0,0.0,0.0,2.4460607049999994,0.5208392950000003,0.0,0.0,0.0,0.0,2.9669,0.0,3.3979191652000003,1.6704210213000001,0.8280758703250001,-0.8138065896750001,-1.6133438987000002,-3.1696106748000004
ZTFI-0290,IN7950145561,Japan JGB,Government,SOV,JPY,100,0.0116,2,Fixed,2016-05-11,2044-05-04,2024-10-31,19.5072,28,0.0079,106.6746,0.0354,106.9238,17.5875,17.5183,336.6419,0.1869,17.5183,336.6419,0,0,5,15-20Y,100,106.67,59.74,2e-06,False,,False,False,JPY_BENCH,9.7927,-8.8949,20.4831,-16.892,44.5574,-30.1929,106.67455064436716,17.58749234092405,17.518295075376315,336.641856262142,0.18687562552211986,-4.935563283936517e-05,-7.659075947685778e-06,-4.9246236848432545e-06,-4.373785799316465e-05,-2.4374477880145795e-05,1.8634191744242872e-06,18.69,0.0,0.0,0.0,0.0,0.0,0.0,0.0,0.8633018239999979,16.654998176000003,0.0,17.5183,0.0,24.953062261200003,11.4709817753,5.484103548825,-4.981328871175,-9.459883064700001,-16.9086674188
ZTFI-0291,IN8683390198,Australian Govt,Government,SOV,AUD,100,0.0397,2,Fixed,2018-07-19,2027-07-17,2024-10-31,2.7077,9,0.0422,99.4127,0.9789,99.6977,2.4042,2.3545,6.8268,0.0234,2.3545,6.8268,0,0,5,2-3Y,5000,4970.64,269905.75,0.008419,False,,False,False,AUD_BENCH,1.1788,-1.1619,2.3746,-2.3067,4.8171,-4.5456,99.41269388756447,2.40422627094951,2.354545363773881,6.826769639012692,0.0234071697493237,-6.112435528393689e-06,2.627094951002107e-05,4.536377388131285e-05,-3.0360987308242215e-05,7.169749323698155e-06,0.00841894124267439,117.0,0.0,0.0,0.0,0.6882203499999999,1.66627965,0.0,0.0,0.0,0.0,0.0,2.3545,0.0,13078.38028232,6447.060512454999,3200.4978490512503,-3154.43303469875,-6262.801255045,-12341.343252679999
ZTFI-0292,IN4899529978,Australian Govt,Government,SOV,AUD,100,0.0346,2,Fixed,2020-05-25,2029-05-23,2024-10-31,4.5585,9,0.0393,98.0787,0.2013,98.33,4.2022,4.1212,19.7425,0.0404,4.1212,19.7425,0,0,1,3-5Y,1000,980.79,53256.9,0.001661,False,,False,False,AUD_BENCH,2.0452,-1.9968,4.1388,-3.9452,8.4713,-7.6968,98.07866633556043,4.202223075006688,4.121240695343195,19.742460053426967,0.04042057910470983,-3.3664439570202376e-05,2.307500668763396e-05,4.0695343194840916e-05,-3.994657303252325e-05,2.057910470983082e-05,0.0016611973322798262,40.4,0.0,0.0,0.0,0.0,0.909754899999999,3.211445100000001,0.0,0.0,0.0,0.0,4.1212,0.0,4599.931595249999,2247.3945802125,1110.5544857531252,-1084.2688770468749,-2142.2521453875,-4179.36185595
ZTFI-0293,IN0107139660,Australian Govt,Government,SOV,AUD,100,0.0267,2,Fixed,2017-01-31,2027-01-29,2024-10-31,2.245,10,0.0395,97.5616,0.1343,97.7496,1.9603,1.9223,4.681,0.0188,1.9223,4.681,0,0,-3,2-3Y,2000,1951.23,105951.79,0.003305,False,,False,False,AUD_BENCH,0.9434,-0.932,1.8983,-1.8526,3.8422,-3.6595,97.56157446774687,1.9602613112997826,1.922295965971839,4.681026171311624,0.0187542221033211,-2.553225313306484e-05,-3.868870021728199e-05,-4.034028160848635e-06,2.6171311623635063e-05,-4.5777896678901586e-05,0.00330486436308295,37.6,0.0,0.0,0.0,1.4513364999999998,0.4709635000000002,0.0,0.0,0.0,0.0,0.0,1.9223,0.0,4172.614584137999,2061.5092756195,1024.555133697375,-1012.1561254726249,-2011.9132427205,-3974.230452542
ZTFI-0294,IN4488501556,Australian Govt,Government,SOV,AUD,100,0.0345,2,Fixed,2014-09-28,2025-09-25,2024-10-31,0.9008,11,0.0438,99.545,0.2851,99.8365,0.5,0.4893,0.4788,0.0049,0.4893,0.4788,0,0,10,0-1Y,100,99.55,5405.56,0.000169,False,,False,False,AUD_BENCH,0.2441,-0.2429,0.4895,-0.4847,0.9837,-0.9646,99.54496526078871,0.5,0.4892846658185732,0.47879896841038583,0.004870582506154649,-3.473921128716029e-05,0.0,-1.533418142679599e-05,-1.0315896141754877e-06,-2.941749384535123e-05,0.00016861105042686558,0.49,0.0,0.09707711999999996,0.39222288000000005,0.0,0.0,0.0,0.0,0.0,0.0,0.0,0.4893,0.0,53.41644658560001,26.578814186400006,13.257054816600002,-13.192350263400003,-26.319995973600005,-52.38117373440001
ZTFI-0295,IN7027278576,Australian Govt,Government,SOV,AUD,100,0.0386,2,Fixed,2023-07-02,2025-07-01,2024-10-31,0.6653,2,0.0401,99.9265,0.6545,100.4622,0.5,0.4902,0.4805,0.0049,0.4902,0.4805,0,0,-5,0-1Y,2000,1998.53,108520.18,0.003385,False,,False,False,AUD_BENCH,0.2455,-0.2443,0.4922,-0.4874,0.9893,-0.9701,99.92647419244156,0.5,0.4901720503896868,0.48053727796645945,0.004898116474312121,-2.5807558444057577e-05,0.0,-2.7949610313215967e-05,3.7277966459470235e-05,-1.8835256878789106e-06,0.003384977974957734,9.8,0.0,0.32813988,0.16206012,0.0,0.0,0.0,0.0,0.0,0.0,0.0,0.49019999999999997,-5.551115123125783e-17,1074.360634018,534.5731196845,266.634760511125,-265.33116184887496,-529.3587250354999,-1053.503055422
ZTFI-0296,IN3955124056,Australian Govt,Government,SOV,AUD,100,0.0325,2,Fixed,2022-01-05,2037-01-01,2024-10-31,12.1697,15,0.0422,90.94,0.4836,91.6425,9.9144,9.7095,111.1426,0.0883,9.7095,111.1426,0,0,4,10-15Y,100,90.94,4938.04,0.000154,False,,False,False,AUD_BENCH,4.5413,-4.2886,9.3352,-8.3245,19.6811,-15.6382,90.94003407651144,9.914374343614675,9.709503813157061,111.14264345997839,0.0882982607634521,3.4076511440161994e-05,-2.565638532558978e-05,3.8131570612165433e-06,4.345997838584026e-05,-1.7392365479068639e-06,0.0001540280954146988,8.83,0.0,0.0,0.0,0.0,0.0,0.0,0.0,7.602829784999999,2.1066702150000007,0.0,9.7095,0.0,1068.6833085008,506.90032402520006,246.58982945629998,-232.86916434370002,-452.01766357479994,-849.1526666992
ZTFI-0297,IN5046173574,Australian Govt,Government,SOV,AUD,100,0.0243,2,Fixed,2023-06-18,2029-06-16,2024-10-31,4.6242,6,0.0406,93.3573,0.4725,93.9122,4.2807,4.1955,20.2176,0.0392,4.1955,20.2176,0,0,9,3-5Y,50,46.68,2534.72,7.9e-05,False,,False,False,AUD_BENCH,1.982,-1.9348,4.0112,-3.8224,8.2111,-7.4561,93.35729148094637,4.2807467570722855,4.195576553045463,20.21761388062041,0.03916876631932896,-8.519053622535466e-06,4.6757072285075196e-05,7.65530454627239e-05,1.3880620407746846e-05,-3.123368067103893e-05,7.906337210908485e-05,1.96,0.0,0.0,0.0,0.0,0.7883344499999998,3.40716555,0.0,0.0,0.0,0.0,4.1955,0.0,222.93754621439996,108.90647535359999,53.8126632384,-52.53151436159999,-103.78187984639999,-202.4391641856
ZTFI-0298,IN8078235784,Australian Govt,Government,SOV,AUD,100,0.0355,2,Fixed,2022-01-10,2026-01-09,2024-10-31,1.191,4,0.0387,99.6891,0.6006,99.8069,0.9913,0.9725,1.4268,0.0097,0.9725,1.4268,0,0,-4,1-2Y,1000,996.89,54131.13,0.001688,False,,False,False,AUD_BENCH,0.4865,-0.483,0.9766,-0.9624,1.9674,-1.9105,99.68905403404828,0.9912663142863635,0.9724494180471511,1.4267819479241655,0.009694256258108127,-4.5965951713355935e-05,-3.3685713636488757e-05,-5.0581952848904876e-05,-1.8052075834606995e-05,-5.74374189187335e-06,0.0016884664475268457,9.7,0.0,0.0,0.7867525,0.18574750000000007,0.0,0.0,0.0,0.0,0.0,0.0,0.9725,0.0,1068.2973377568,530.2869540642,264.17804832855,-262.24719092145,-522.5635244358001,-1037.4036192432002
ZTFI-0299,IN7681040915,Australian Govt,Government,SOV,AUD,100,0.0293,2,Fixed,2024-03-25,2026-03-25,2024-10-31,1.3963,2,0.0434,98.6346,0.2289,99.0577,0.9927,0.9716,1.423,0.0096,0.9716,1.423,0,0,4,1-2Y,2000,1972.69,107117.07,0.003341,False,,False,False,AUD_BENCH,0.4809,-0.4774,0.9654,-0.9513,1.9447,-1.8886,98.63460269497502,0.9927313302695528,0.9716465990697395,1.4230329390056136,0.009583797625916744,2.6949750093763214e-06,3.133026955282059e-05,4.6599069739472476e-05,3.2939005613519257e-05,-1.6202374083255575e-05,0.0033412119542375056,19.2,0.0,0.0,0.5865549199999999,0.3850450800000001,0.0,0.0,0.0,0.0,0.0,0.0,0.9716,0.0,2111.9844223620003,1048.3708316505001,522.280070942625,-518.4693811773751,-1033.1280725895,-2051.013386118
ZTFI-0300,IN3533448571,Australian Govt,Government,SOV,AUD,100,0.0255,2,Fixed,2023-07-07,2027-07-06,2024-10-31,2.6776,4,0.0381,97.0223,0.3568,97.0876,2.4367,2.3911,6.979,0.0232,2.3911,6.979,0,0,6,2-3Y,1000,970.22,52682.95,0.001643,False,,False,False,AUD_BENCH,1.1684,-1.1515,2.3538,-2.286,4.7752,-4.5044,97.02231524413574,2.43671590079612,2.391164222360159,6.979023794628098,0.023199628898232606,1.5244135738612385e-05,1.5900796119794336e-05,6.422236015923843e-05,2.379462809809496e-05,-3.7110176739213463e-07,0.0016432945965054568,23.2,0.0,0.0,0.0,0.77089064,1.6202093599999998,0.0,0.0,0.0,0.0,0.0,2.3911,0.0,2592.9388965099997,1278.0857328524999,634.4469375756249,-625.2550798743749,-1241.3183020474999,-2445.8691732899997
